row_kind,reason,family,name_a,name_b,label,confidence,base_is,generic_is,yield_qty,yield_unit,co_harvestable,judge_reason,signature,straddles_processing,contradiction_detail
RESIDUE,contradiction_flagged,allium,chives,dried chives,DISTINCT,medium,,,,,,Bare 'chives' means the fresh herb; dried chives are a spice-jar product. Same as fresh basil vs dried basil.,dried,true,"same base, prep difference, received DISTINCT + SYNONYM — chives ~ dried chives [dried] => DISTINCT; chives ~ fresh chives [fresh] => SYNONYM"
RESIDUE,contradiction_flagged,allium,chives,fresh chives,SYNONYM,high,,,,,,Bare 'chives' is understood as fresh chives; same bunch off the shelf.,fresh,true,"same base, prep difference, received DISTINCT + SYNONYM — chives ~ dried chives [dried] => DISTINCT; chives ~ fresh chives [fresh] => SYNONYM"
RESIDUE,confidence_medium,allium,chives,garlic chives,SUBSUMES,medium,,chives,,,,"'Chives' is the bare generic; garlic chives are a specific variety of chive. A demand for chives is met by garlic chives, not the reverse.",garlic,false,
RESIDUE,confidence_medium,allium,crispy fried onions,fried onions,SYNONYM,medium,,,,,,Crispy fried onions and fried onions name the same fried-onion topping product.,crispy,false,
RESIDUE,confidence_medium,allium,crispy fried onions,onion,DISTINCT,medium,,,,,,Fried onions are a prepared/packaged product requiring frying (and oil); buying raw onions does not give you them.,crispy|fried,false,
RESIDUE,confidence_medium,allium,diced white onion,onion,SUBSUMES,medium,,onion,,,,'Onion' is the bare generic; diced white onion is a specific colour (and prep) of it. Second name is the generic.,diced|white,false,
RESIDUE,confidence_medium,allium,fried onions (birista),onion,DISTINCT,medium,,,,,,Birista is a prepared fried-onion product; raw onion alone does not supply it without frying and oil.,birista|fried,false,
RESIDUE,confidence_medium,allium,fried onions,onion,DISTINCT,medium,,,,,,"Fried onions are a prepared product, not something a raw onion purchase already contains.",fried,false,
RESIDUE,confidence_medium,allium,"frozen pearl onions, thawed",onion,SUBSUMES,medium,,onion,,,,Bare 'onion' is unspecified on every axis and so covers frozen pearl onions; the reverse is false. Second name is the generic.,frozen|pearl|thawed,true,
RESIDUE,confidence_medium,allium,"frozen pearl onions, thawed",pearl onion,DISTINCT,medium,,,,,,Frozen bag vs fresh pearl onions are two different products on the shelf.,frozen|thawed,true,
RESIDUE,confidence_medium,allium,frozen pearl onions,onion,SUBSUMES,medium,,onion,,,,'Onion' is the bare generic; frozen pearl onions are a specific form. Second name is the generic.,frozen|pearl,true,
RESIDUE,confidence_medium,allium,frozen pearl onions,pearl onion,DISTINCT,medium,,,,,,Frozen pearl onions vs fresh pearl onions are separate purchases.,frozen,true,
RESIDUE,confidence_medium,allium,garlic cloves,"garlic cloves, peeled",SYNONYM,medium,,,,,,Peeling a clove removes only inedible papery skin; the clove count and purchase are unchanged.,peeled,false,
RESIDUE,confidence_medium,allium,garlic,garlic head,SYNONYM,medium,,,,,,Buying 'garlic' is buying a head of garlic — the same shelf item.,head,false,
RESIDUE,confidence_medium,allium,garlic,head of garlic,SYNONYM,medium,,,,,,'Garlic' as purchased is a head of garlic.,head,false,
RESIDUE,confidence_medium,allium,garlic,whole garlic head,SYNONYM,medium,,,,,,'Garlic' as purchased is a whole garlic head.,head|whole,true,
RESIDUE,contradiction_flagged,allium,green onions,onion,DISTINCT,medium,,,,,,Green onions/scallions are a separate product from bulb onions; a shopper needing onion is not served by scallions.,green,false,"same base, color difference, received DISTINCT + SUBSUMES — green onions ~ onion [green] => DISTINCT; onion ~ red onion [red] => SUBSUMES; onion ~ white onion [white] => SUBSUMES; onion ~ yellow onion [yellow] => SUBSUMES"
RESIDUE,confidence_medium,allium,large yellow onion,medium yellow onion,DISTINCT,medium,,,,,,Both qualified on the size axis; two specifics never subsume each other.,large|medium,false,
RESIDUE,confidence_medium,allium,onion,pearl onion,SUBSUMES,medium,,onion,,,,'Onion' is the bare generic; pearl onion is a specific small variety of it.,pearl,false,
RESIDUE,contradiction_flagged,allium,onion,red onion,SUBSUMES,high,,onion,,,,Bare 'onion' is generic; red onion is a specific colour of it.,red,false,"same base, color difference, received DISTINCT + SUBSUMES — green onions ~ onion [green] => DISTINCT; onion ~ red onion [red] => SUBSUMES; onion ~ white onion [white] => SUBSUMES; onion ~ yellow onion [yellow] => SUBSUMES"
RESIDUE,confidence_medium,allium,onion,sliced green onions,DISTINCT,medium,,,,,,Green onions are a separate product from bulb onions; not interchangeable at purchase.,green|sliced,false,
RESIDUE,confidence_medium,allium,onion,spring onions,DISTINCT,medium,,,,,,"Spring onions are a separate green-allium purchase, not a kind of bulb onion a recipe calling for 'onion' would use.",spring,false,
RESIDUE,contradiction_flagged,allium,onion,white onion,SUBSUMES,high,,onion,,,,Bare 'onion' is generic; white onion is a specific colour.,white,false,"same base, color difference, received DISTINCT + SUBSUMES — green onions ~ onion [green] => DISTINCT; onion ~ red onion [red] => SUBSUMES; onion ~ white onion [white] => SUBSUMES; onion ~ yellow onion [yellow] => SUBSUMES"
RESIDUE,contradiction_flagged,allium,onion,yellow onion,SUBSUMES,high,,onion,,,,Bare 'onion' is generic; yellow onion is a specific colour.,yellow,false,"same base, color difference, received DISTINCT + SUBSUMES — green onions ~ onion [green] => DISTINCT; onion ~ red onion [red] => SUBSUMES; onion ~ white onion [white] => SUBSUMES; onion ~ yellow onion [yellow] => SUBSUMES"
RESIDUE,confidence_medium,apple,apple,apple cider,DISTINCT,medium,,,,,,"Apple cider is a bottled/jugged pressed beverage bought as its own product; a shopper holding apples cannot practically obtain cider without pressing equipment, so a second purchase is required.",cider,false,
RESIDUE,confidence_medium,apple,apple,crisp apple,SUBSUMES,medium,,apple,,,,"'apple' is the bare generic; 'crisp apple' fixes the texture axis. A crisp apple satisfies a call for apple, but not vice versa.",crisp,false,
RESIDUE,confidence_medium,asparagu,asparagus,fresh asparagus,SUBSUMES,medium,,asparagus,,,,"Bare ""asparagus"" is unspecified on the fresh/frozen/canned axis; ""fresh asparagus"" fixes it. A demand for asparagus is met by fresh, not vice versa.",fresh,true,
RESIDUE,confidence_medium,asparagu,asparagus,fresh asparagus spears,SUBSUMES,medium,,asparagus,,,,"""Spears"" adds nothing, but ""fresh"" qualifies the form axis that the bare generic leaves open, so the bare first name subsumes.",fresh|spear,true,
RESIDUE,confidence_medium,asparagu,asparagus,"fresh asparagus spears, thick-cut",SUBSUMES,medium,,asparagus,,,,"Bare generic is unspecified on every axis; the second fixes both freshness and thickness, so the generic first name subsumes the specific.",cut|fresh|spear|thick,true,
RESIDUE,confidence_medium,asparagu,fresh asparagus,"fresh asparagus spears, thick-cut",SUBSUMES,medium,,fresh asparagus,,,,"Both are fresh asparagus; the second additionally fixes the thickness axis that the first leaves open, so the first is the generic.",cut|spear|thick,false,
RESIDUE,confidence_medium,asparagu spear,asparagus spears,fresh asparagus spears,SUBSUMES,medium,,asparagus spears,,,,"""asparagus spears"" is unqualified on the form axis (could be fresh, frozen, or canned); ""fresh asparagus spears"" fixes that axis. A shopper needing generic asparagus spears is satisfied by fresh ones, but someone needing fresh is not satisfied by frozen. First name is the generic.",fresh,true,
RESIDUE,confidence_medium,asparagu spear,asparagus spears,"fresh asparagus spears, thick-cut",SUBSUMES,medium,,asparagus spears,,,,"""asparagus spears"" is bare and unspecified on every axis, so it subsumes the doubly-qualified ""fresh asparagus spears, thick-cut"" (fresh form + thick size). Satisfaction runs only one way. First name is the generic.",cut|fresh|thick,true,
RESIDUE,confidence_medium,asparagu spear,fresh asparagus spears,"fresh asparagus spears, thick-cut",SUBSUMES,medium,,fresh asparagus spears,,,,"Both share the ""fresh"" qualifier; the second adds a thickness/size specification while the first leaves size open. Same axis with one side bare on it, so the first (fresh, any thickness) is the generic and is satisfied by thick-cut, but not vice versa. ""Thick-cut"" here denotes spear grade, not a prep that discards anything.",cut|thick,false,
RESIDUE,confidence_medium,avocado,ripe avocado,ripe hass avocados,SUBSUMES,medium,,ripe avocado,,,,"Both say ""ripe"", so ripeness matches; the second additionally fixes variety (Hass). A shopper needing a ripe avocado is satisfied by ripe Hass, but one needing Hass is not satisfied by any ripe avocado. Wrinkle: both names carry a qualifier, though they agree on that axis.",hass,false,
RESIDUE,confidence_medium,bay leaf,bay leaves,dried bay leaves,SUBSUMES,medium,,bay leaves,,,,"""bay leaves"" is unqualified on the fresh/dried axis, while ""dried bay leaves"" fixes it. A shopper needing generic bay leaves is satisfied by dried ones, but someone needing dried is not satisfied by fresh bay leaves, so the bare generic (first name) subsumes the specific.",dried,true,
RESIDUE,confidence_medium,bean_legume,black beans,cooked black beans,SUBSUMES,medium,,black beans,,,,Bare generic subsumes the cooked/prepared state; a cooked-bean demand is met by canned but not by any bag of dried.,cooked,true,
RESIDUE,contradiction_flagged,bean_legume,black beans,dried black beans,SUBSUMES,high,,black beans,,,,"Bare generic ""black beans"" subsumes the dried form.",dried,true,signature [dried] received SUBSUMES + SYNONYM — black beans ~ dried black beans => SUBSUMES; chickpeas ~ dried chickpeas => SUBSUMES; dried green split peas ~ green split peas => SYNONYM; dried navy beans ~ navy beans => SUBSUMES; dried pinto beans ~ pinto beans => SUBSUMES; dried red kidney beans ~ red kidney beans => SUBSUMES
RESIDUE,confidence_medium,bean_legume,black beans,refried black beans,DISTINCT,medium,,,,,,"Refried black beans are a prepared canned product, not a form of plain black beans a shopper already owns.",refried,false,
RESIDUE,contradiction_flagged,bean_legume,canned black beans,cooked black beans,SUBSUMES,medium,,cooked black beans,,,,"Canned black beans are already cooked, so a demand for ""cooked black beans"" (the broader state description) is satisfied by the can; the reverse is not true.",canned|cooked,true,"SUBSUMES declares ""cooked black beans"" generic over ""canned black beans"", but the declared generic is not the less-qualified name — two specifics are DISTINCT, never SUBSUMES (D-WS9-202)"
RESIDUE,confidence_medium,bean_legume,canned dark red kidney beans,canned kidney beans,SUBSUMES,medium,,canned kidney beans,,,,"Both canned; the second leaves the variety axis open, so canned kidney beans is the generic and dark red is the specific.",dark|red,false,
RESIDUE,contradiction_flagged,bean_legume,canned dark red kidney beans,kidney beans,SUBSUMES,high,,kidney beans,,,,"""kidney beans"" is the bare generic, unspecified on both form and shade; the canned dark red is a specific.",canned|dark|red,true,signature [canned|dark|red] received DISTINCT + SUBSUMES — canned dark red kidney beans ~ kidney beans => SUBSUMES; canned kidney beans ~ dark red kidney beans => DISTINCT
RESIDUE,confidence_medium,bean_legume,canned dark red kidney beans,red kidney beans,SUBSUMES,medium,,red kidney beans,,,,"""red kidney beans"" is broader (shade and form unspecified) than ""canned dark red kidney beans"".",canned|dark,true,
RESIDUE,contradiction_flagged,bean_legume,canned kidney beans,dark red kidney beans,DISTINCT,medium,,,,,,"""canned"" fixes form and leaves variety open; ""dark red"" fixes variety and leaves form open. Different axes, neither contains the other.",canned|dark|red,true,signature [canned|dark|red] received DISTINCT + SUBSUMES — canned dark red kidney beans ~ kidney beans => SUBSUMES; canned kidney beans ~ dark red kidney beans => DISTINCT
RESIDUE,confidence_medium,bean_legume,canned kidney beans,red kidney beans,DISTINCT,medium,,,,,,"""canned"" fixes form only, ""red"" fixes colour/variety only; qualifiers on different axes, so neither covers the other.",canned|red,true,
RESIDUE,confidence_medium,bean_legume,canned refried beans,refried black beans,DISTINCT,medium,,,,,,"""canned"" fixes packaging while leaving bean type open; ""black"" fixes bean type while leaving packaging open. Different axes.",black|canned,true,
RESIDUE,confidence_medium,bean_legume,chana dal (split yellow chickpeas),chickpeas,DISTINCT,medium,,,,,,"Chana dal is hulled and split, cooking and behaving differently; a chickpea recipe is not served by it and it must be bought separately.",chana|dal|split|yellow,false,
RESIDUE,contradiction_flagged,bean_legume,chickpeas,dried chickpeas,SUBSUMES,high,,chickpeas,,,,"Bare generic ""chickpeas"" subsumes the dried form.",dried,true,signature [dried] received SUBSUMES + SYNONYM — black beans ~ dried black beans => SUBSUMES; chickpeas ~ dried chickpeas => SUBSUMES; dried green split peas ~ green split peas => SYNONYM; dried navy beans ~ navy beans => SUBSUMES; dried pinto beans ~ pinto beans => SUBSUMES; dried red kidney beans ~ red kidney beans => SUBSUMES
RESIDUE,confidence_medium,bean_legume,cooked black beans,dried black beans,DISTINCT,medium,,,,,,"Dried beans must be soaked and cooked, and a cooked-bean demand is normally filled by a can; treated like peppercorns vs ground pepper.",cooked|dried,true,
RESIDUE,confidence_medium,bean_legume,dark red kidney beans,dried red kidney beans,DISTINCT,medium,,,,,,"""dark red"" fixes shade with form open; ""dried red"" fixes form with shade broad. Qualifiers on different axes.",dark|dried,true,
RESIDUE,confidence_medium,bean_legume,dark red kidney beans,red kidney beans,SUBSUMES,medium,,red kidney beans,,,,Red kidney beans is the broader shade term; dark red is a specific grade within it.,dark,false,
RESIDUE,contradiction_flagged,bean_legume,dried green split peas,green split peas,SYNONYM,high,,,,,,Green split peas are sold only dried; same bag under two names.,dried,true,signature [dried] received SUBSUMES + SYNONYM — black beans ~ dried black beans => SUBSUMES; chickpeas ~ dried chickpeas => SUBSUMES; dried green split peas ~ green split peas => SYNONYM; dried navy beans ~ navy beans => SUBSUMES; dried pinto beans ~ pinto beans => SUBSUMES; dried red kidney beans ~ red kidney beans => SUBSUMES
RESIDUE,contradiction_flagged,bean_legume,dried navy beans,navy beans,SUBSUMES,high,,navy beans,,,,"""navy beans"" is the bare generic; dried is a specific form.",dried,true,signature [dried] received SUBSUMES + SYNONYM — black beans ~ dried black beans => SUBSUMES; chickpeas ~ dried chickpeas => SUBSUMES; dried green split peas ~ green split peas => SYNONYM; dried navy beans ~ navy beans => SUBSUMES; dried pinto beans ~ pinto beans => SUBSUMES; dried red kidney beans ~ red kidney beans => SUBSUMES
RESIDUE,contradiction_flagged,bean_legume,dried pinto beans,pinto beans,SUBSUMES,high,,pinto beans,,,,"""pinto beans"" is the bare generic; dried is a specific form.",dried,true,signature [dried] received SUBSUMES + SYNONYM — black beans ~ dried black beans => SUBSUMES; chickpeas ~ dried chickpeas => SUBSUMES; dried green split peas ~ green split peas => SYNONYM; dried navy beans ~ navy beans => SUBSUMES; dried pinto beans ~ pinto beans => SUBSUMES; dried red kidney beans ~ red kidney beans => SUBSUMES
RESIDUE,contradiction_flagged,bean_legume,dried red kidney beans,red kidney beans,SUBSUMES,high,,red kidney beans,,,,"""red kidney beans"" leaves the form axis open; dried is the specific form of it.",dried,true,signature [dried] received SUBSUMES + SYNONYM — black beans ~ dried black beans => SUBSUMES; chickpeas ~ dried chickpeas => SUBSUMES; dried green split peas ~ green split peas => SYNONYM; dried navy beans ~ navy beans => SUBSUMES; dried pinto beans ~ pinto beans => SUBSUMES; dried red kidney beans ~ red kidney beans => SUBSUMES
RESIDUE,contradiction_flagged,beef,80/20 ground beef,ground beef (80/20 chuck),SYNONYM,medium,,,,,,80/20 ground beef is standardly ground chuck; the parenthetical just names the cut it already implies. Same package off the shelf.,chuck,false,signature [chuck] received SUBSUMES + SYNONYM — 80/20 ground beef ~ ground beef (80/20 chuck) => SYNONYM; bone-in beef chuck short ribs ~ bone-in beef short ribs => SUBSUMES; ground beef (80/20 chuck) ~ ground beef (80/20) => SYNONYM
RESIDUE,confidence_medium,beef,beef broth,"beef broth, low-sodium",SUBSUMES,medium,,beef broth,,,,"""beef broth"" is unqualified on the sodium axis; low-sodium is a specific kind of it. First is the generic.",low|sodium,false,
RESIDUE,confidence_medium,beef,beef broth,low-sodium beef broth,SUBSUMES,medium,,beef broth,,,,"Same as the reversed-wording variant: bare ""beef broth"" is the generic, low-sodium the specific.",low|sodium,false,
RESIDUE,confidence_medium,beef,beef chuck,beef chuck roast,SUBSUMES,medium,,beef chuck,,,,"""beef chuck"" names the primal generally; a chuck roast is a specific cut of it.",roast,false,
RESIDUE,confidence_medium,beef,beef chuck,bone-in beef chuck roast,SUBSUMES,medium,,beef chuck,,,,"Bare ""beef chuck"" is unspecified on cut and bone; bone-in chuck roast is a specific kind.",bone|roast,false,
RESIDUE,confidence_medium,beef,beef chuck,bone-in beef chuck short ribs,SUBSUMES,medium,,beef chuck,,,,Chuck short ribs are a specific chuck cut; the bare primal name subsumes them.,bone|rib|short,false,
RESIDUE,confidence_medium,beef,beef chuck,boneless beef chuck roast,SUBSUMES,medium,,beef chuck,,,,"Bare ""beef chuck"" subsumes boneless chuck roast.",boneless|roast,false,
RESIDUE,contradiction_flagged,beef,beef sirloin steak tips,beef sirloin tips,SYNONYM,high,,,,,,Sirloin tips and sirloin steak tips are the same product name.,steak,false,signature [steak] received SUBSUMES + SYNONYM — beef sirloin steak tips ~ beef sirloin tips => SYNONYM; beef sirloin ~ beef sirloin steak => SUBSUMES
RESIDUE,confidence_medium,beef,beef sirloin steak tips,sirloin steak,DISTINCT,medium,,,,,,Steak tips are trimmed chunks sold as their own item; a whole sirloin steak is a different package at the case.,beef|tip,false,
RESIDUE,contradiction_flagged,beef,beef sirloin steak,beef sirloin steak tips,DISTINCT,medium,,,,,,Same as the other tips/steak pair: a whole sirloin steak and sirloin steak tips are separate products.,tip,false,signature [tip] received DISTINCT + SUBSUMES — beef sirloin steak ~ beef sirloin steak tips => DISTINCT; beef sirloin ~ beef sirloin tips => SUBSUMES
RESIDUE,contradiction_flagged,beef,beef sirloin,beef sirloin steak,SUBSUMES,high,,beef sirloin,,,,"""beef sirloin"" is the bare primal; a sirloin steak is a specific cut of it.",steak,false,signature [steak] received SUBSUMES + SYNONYM — beef sirloin steak tips ~ beef sirloin tips => SYNONYM; beef sirloin ~ beef sirloin steak => SUBSUMES
RESIDUE,confidence_medium,beef,beef sirloin,beef sirloin steak tips,SUBSUMES,medium,,beef sirloin,,,,"Bare ""beef sirloin"" subsumes the specific steak-tips form.",steak|tip,false,
RESIDUE,contradiction_flagged,beef,beef sirloin,beef sirloin tips,SUBSUMES,medium,,beef sirloin,,,,"Bare ""beef sirloin"" subsumes sirloin tips.",tip,false,signature [tip] received DISTINCT + SUBSUMES — beef sirloin steak ~ beef sirloin steak tips => DISTINCT; beef sirloin ~ beef sirloin tips => SUBSUMES
RESIDUE,contradiction_flagged,beef,bone-in beef chuck short ribs,bone-in beef short ribs,SUBSUMES,medium,,bone-in beef short ribs,,,,"""bone-in beef short ribs"" leaves the primal open; chuck short ribs fix it. Second name is the generic.",chuck,false,signature [chuck] received SUBSUMES + SYNONYM — 80/20 ground beef ~ ground beef (80/20 chuck) => SYNONYM; bone-in beef chuck short ribs ~ bone-in beef short ribs => SUBSUMES; ground beef (80/20 chuck) ~ ground beef (80/20) => SYNONYM
RESIDUE,confidence_medium,beef,"bone-in ribeye steaks, 1-inch thick","bone-in ribeye steaks, about 1.25 inches thick",DISTINCT,medium,,,,,,Two specific thicknesses on the same axis; neither contains the other.,25,false,
RESIDUE,confidence_medium,beef,"bone-in ribeye steaks, about 1-inch thick","bone-in ribeye steaks, about 1.25 inches thick",DISTINCT,medium,,,,,,Two different specified thicknesses of the same cut.,25,false,
RESIDUE,confidence_medium,beef,bone-in ribeye steaks,"bone-in ribeye steaks, 1-inch thick",SUBSUMES,medium,,bone-in ribeye steaks,,,,"Both are bone-in ribeye, but the first leaves thickness open and the second fixes it; first is the broader name.",thick,false,
RESIDUE,confidence_medium,beef,bone-in ribeye steaks,"bone-in ribeye steaks, about 1-inch thick",SUBSUMES,medium,,bone-in ribeye steaks,,,,"First leaves thickness unspecified, second fixes it at 1 inch.",thick,false,
RESIDUE,confidence_medium,beef,bone-in ribeye steaks,"bone-in ribeye steaks, about 1.25 inches thick",SUBSUMES,medium,,bone-in ribeye steaks,,,,"First leaves thickness unspecified, second fixes it at 1.25 inches.",25|thick,false,
RESIDUE,contradiction_flagged,beef,ground beef (80/20 chuck),ground beef (80/20),SYNONYM,medium,,,,,,80/20 ground beef is conventionally ground chuck; naming the cut does not change the package bought.,chuck,false,signature [chuck] received SUBSUMES + SYNONYM — 80/20 ground beef ~ ground beef (80/20 chuck) => SYNONYM; bone-in beef chuck short ribs ~ bone-in beef short ribs => SUBSUMES; ground beef (80/20 chuck) ~ ground beef (80/20) => SYNONYM
RESIDUE,confidence_medium,beef,ground beef (85% lean),lean ground beef,SUBSUMES,medium,,lean ground beef,,,,"""lean ground beef"" is the loose generic; 85% lean is a specific ratio within it. Second is the generic.",85,false,
RESIDUE,confidence_medium,beef,ground beef,ground beef patties,SYNONYM,medium,,,,,,Forming ground beef into patties is a shaping step that discards nothing; the same purchase serves either name.,patty,false,
RESIDUE,confidence_low,beef,ground beef,lean ground beef meat boi,SUBSUMES,low,,ground beef,,,,"Second name is garbled but reads as lean ground beef, a specific kind of the bare generic.",boi|lean|meat,false,
RESIDUE,confidence_low,beef,lean ground beef,lean ground beef meat boi,SYNONYM,low,,,,,,"The trailing ""meat boi"" appears to be junk text on an otherwise identical name for lean ground beef.",boi|meat,false,
RESIDUE,confidence_medium,beef,new york strip steak,"new york strip steaks, about 1 inch thick",SUBSUMES,medium,,new york strip steak,,,,First leaves thickness open; second fixes it at about 1 inch. First is the generic.,thick,false,
RESIDUE,confidence_medium,beef,top sirloin steaks,"top sirloin steaks, about 1 inch thick",SUBSUMES,medium,,top sirloin steaks,,,,"Both are top sirloin, but the first leaves thickness unspecified while the second fixes it.",thick,false,
RESIDUE,confidence_medium,birria braising liquid reserved,reserved birria braising liquid,reserved braising liquid from chicken birria,SUBSUMES,medium,,reserved birria braising liquid,,,,"""reserved birria braising liquid"" is unqualified as to the meat used; ""from chicken birria"" fixes the meat axis. A recipe calling for generic reserved birria consommé is satisfied by the chicken version, but one calling specifically for chicken birria liquid is not satisfied by just any birria liquid. First name is the generic.",chicken|from,false,
RESIDUE,confidence_medium,birria braising liquid reserved,reserved birria braising liquid,reserved braising liquid from goat birria,SUBSUMES,medium,,reserved birria braising liquid,,,,"Same structure as the chicken pair: the bare ""reserved birria braising liquid"" is unspecified on the meat axis, while ""from goat birria"" fixes it. The generic demand is met by the goat-specific liquid, not the reverse. First name is the generic.",from|goat,false,
RESIDUE,confidence_medium,bok choy,baby bok choy,bok choy,SUBSUMES,medium,,bok choy,,,,"""bok choy"" is the bare, unqualified generic; ""baby bok choy"" fixes the size/maturity axis and is a specific kind of bok choy. A shopper needing bok choy is served by baby bok choy, but one needing baby bok choy is not served by any full-size head. The generic is the SECOND name, so genericIsA is false.",baby,false,
RESIDUE,confidence_medium,bread,baguette,crusty baguette,SUBSUMES,medium,,baguette,,,,"""baguette"" is the bare generic; ""crusty baguette"" fixes the crust/style axis. A shopper needing a baguette is satisfied by a crusty one, not necessarily the reverse.",crusty,false,
RESIDUE,confidence_medium,bread,baguette,crusty french baguette,SUBSUMES,medium,,baguette,,,,"""french"" is redundant for a baguette, but ""crusty"" qualifies; the bare ""baguette"" is the generic that covers it.",crusty|french,false,
RESIDUE,contradiction_flagged,bread,baguette,french baguette,SYNONYM,medium,,,,,,"A baguette is French by definition; ""french baguette"" names the identical product on the shelf.",french,false,signature [french] received SUBSUMES + SYNONYM — baguette ~ french baguette => SYNONYM; crusty baguette ~ crusty french baguette => SYNONYM; french hoagie rolls (10-inch) ~ hoagie rolls => SUBSUMES
RESIDUE,contradiction_flagged,bread,baguette,italian baguette,SUBSUMES,low,,baguette,,,,"""italian baguette"" fixes an origin/style axis; the bare ""baguette"" is the generic. Unusual name, so low confidence.",italian,false,signature [italian] received SUBSUMES + SYNONYM — baguette ~ italian baguette => SUBSUMES; ciabatta loaf ~ italian ciabatta loaf => SYNONYM; crusty bread ~ crusty italian bread => SUBSUMES
RESIDUE,contradiction_flagged,bread,ciabatta loaf,italian ciabatta loaf,SYNONYM,high,,,,,,Ciabatta is an Italian bread by definition; the qualifier adds nothing to the purchase.,italian,false,signature [italian] received SUBSUMES + SYNONYM — baguette ~ italian baguette => SUBSUMES; ciabatta loaf ~ italian ciabatta loaf => SYNONYM; crusty bread ~ crusty italian bread => SUBSUMES
RESIDUE,confidence_medium,bread,corn tortilla chips,corn tortillas,DISTINCT,medium,,,,,,A bag of fried chips and a pack of soft tortillas are two different purchases; turning tortillas into chips requires frying with extra ingredients.,chip,false,
RESIDUE,confidence_medium,bread,corn tortilla chips,corn tortillas (6-inch),DISTINCT,medium,,,,,,Fried chips versus soft 6-inch tortillas are separate products on separate shelves.,chip,false,
RESIDUE,confidence_medium,bread,corn tortilla strips,corn tortillas,DISTINCT,medium,,,,,,"Crisp tortilla strips are a separate packaged product from soft corn tortillas, matching the chips/tortillas judgement.",strip,false,
RESIDUE,confidence_medium,bread,corn tortilla strips,corn tortillas (6-inch),DISTINCT,medium,,,,,,Crisp strips versus soft 6-inch tortillas are two purchases.,strip,false,
RESIDUE,contradiction_flagged,bread,corn tortillas (6-inch),small corn tortillas,SYNONYM,medium,,,,,,6-inch is the standard small corn tortilla; both names fix the same size axis identically.,small,false,signature [small] received SUBSUMES + SYNONYM — corn tortillas (6-inch) ~ small corn tortillas => SYNONYM; corn tortillas ~ small corn tortillas => SUBSUMES
RESIDUE,contradiction_flagged,bread,corn tortillas (6-inch),white corn tortillas,DISTINCT,high,,,,,,"""6-inch"" fixes size and leaves corn colour open; ""white"" fixes colour and leaves size open. Different axes, neither contains the other.",white,false,signature [white] received DISTINCT + SUBSUMES — corn tortillas (6-inch) ~ white corn tortillas => DISTINCT; corn tortillas ~ white corn tortillas => SUBSUMES; sandwich bread ~ white sandwich bread => SUBSUMES
RESIDUE,contradiction_flagged,bread,corn tortillas,corn tortillas (6-inch),SUBSUMES,high,,corn tortillas,,,,"Bare ""corn tortillas"" is unspecified on size; the 6-inch version is the specific.",(identical),false,"SUBSUMES declares ""corn tortillas"" generic over ""corn tortillas (6-inch)"", but the declared generic is not the less-qualified name — two specifics are DISTINCT, never SUBSUMES (D-WS9-202)"
RESIDUE,contradiction_flagged,bread,corn tortillas,small corn tortillas,SUBSUMES,high,,corn tortillas,,,,"Bare ""corn tortillas"" subsumes the size-qualified ""small corn tortillas"".",small,false,signature [small] received SUBSUMES + SYNONYM — corn tortillas (6-inch) ~ small corn tortillas => SYNONYM; corn tortillas ~ small corn tortillas => SUBSUMES
RESIDUE,confidence_medium,bread,corn tortillas,thick-cut corn tortilla chips,DISTINCT,medium,,,,,,Soft tortillas versus a bag of thick-cut chips: two different purchases.,chip|cut|thick,false,
RESIDUE,contradiction_flagged,bread,corn tortillas,white corn tortillas,SUBSUMES,high,,corn tortillas,,,,"Bare ""corn tortillas"" subsumes the colour-qualified white corn tortillas.",white,false,signature [white] received DISTINCT + SUBSUMES — corn tortillas (6-inch) ~ white corn tortillas => DISTINCT; corn tortillas ~ white corn tortillas => SUBSUMES; sandwich bread ~ white sandwich bread => SUBSUMES
RESIDUE,confidence_medium,bread,crusty artisan bread loaf,crusty bread,SUBSUMES,medium,,crusty bread,,,,"""crusty bread"" is the broader name; ""crusty artisan bread loaf"" is a specific kind of it, so the second name is generic.",artisan|loaf,false,
RESIDUE,contradiction_flagged,bread,crusty baguette,crusty french baguette,SYNONYM,high,,,,,,"A baguette is French by definition; both names carry ""crusty"" and denote the same loaf.",french,false,signature [french] received SUBSUMES + SYNONYM — baguette ~ french baguette => SYNONYM; crusty baguette ~ crusty french baguette => SYNONYM; french hoagie rolls (10-inch) ~ hoagie rolls => SUBSUMES
RESIDUE,contradiction_flagged,bread,crusty bread,crusty italian bread,SUBSUMES,high,,crusty bread,,,,"""crusty bread"" leaves the bread style open; ""italian"" fixes it.",italian,false,signature [italian] received SUBSUMES + SYNONYM — baguette ~ italian baguette => SUBSUMES; ciabatta loaf ~ italian ciabatta loaf => SYNONYM; crusty bread ~ crusty italian bread => SUBSUMES
RESIDUE,confidence_medium,bread,crusty french baguette,french baguette,SUBSUMES,medium,,french baguette,,,,"""french baguette"" is unqualified as to crust; ""crusty"" fixes that axis, so the second name is the generic here.",crusty,false,
RESIDUE,confidence_medium,bread,crusty hoagie rolls,hoagie rolls,SUBSUMES,medium,,hoagie rolls,,,,"Hoagie rolls come soft or crusty; ""hoagie rolls"" is the generic and the crusty version is the specific.",crusty,false,
RESIDUE,confidence_medium,bread,crusty italian bread loaf,italian bread loaf,SUBSUMES,medium,,italian bread loaf,,,,"""italian bread loaf"" is unqualified on crust; ""crusty"" fixes it, so the second name is generic.",crusty,false,
RESIDUE,confidence_medium,bread,crusty italian bread,crusty italian bread loaf,SYNONYM,medium,,,,,,"Italian bread is sold as a loaf; ""loaf"" merely restates the form of the same purchase.",loaf,false,
RESIDUE,confidence_medium,bread,crusty sourdough bread,sourdough bread,SUBSUMES,medium,,sourdough bread,,,,"""sourdough bread"" is the bare generic (sandwich or artisan); ""crusty"" fixes the style, so the second name is generic.",crusty,false,
RESIDUE,confidence_medium,bread,crusty sourdough bread,thick-cut sourdough bread,DISTINCT,medium,,,,,,"""crusty"" fixes loaf style while ""thick-cut"" fixes slice thickness — different axes, neither covers the other.",crusty|cut|thick,false,
RESIDUE,confidence_medium,bread,crusty sourdough loaf,sourdough loaf,SUBSUMES,medium,,sourdough loaf,,,,"""sourdough loaf"" is the bare generic; the crusty version is a specific kind.",crusty,false,
RESIDUE,confidence_medium,bread,day-old sourdough bread,sourdough bread,SYNONYM,medium,,,,,,"Same loaf bought once; ""day-old"" is a staleness state that comes from time, not a different product.",day|old,false,
RESIDUE,contradiction_flagged,bread,french hoagie rolls (10-inch),hoagie rolls,SUBSUMES,high,,hoagie rolls,,,,"""hoagie rolls"" is the bare generic; the french 10-inch version is a specific kind.",french,false,signature [french] received SUBSUMES + SYNONYM — baguette ~ french baguette => SYNONYM; crusty baguette ~ crusty french baguette => SYNONYM; french hoagie rolls (10-inch) ~ hoagie rolls => SUBSUMES
RESIDUE,contradiction_flagged,bread,sandwich bread,white sandwich bread,SUBSUMES,high,,sandwich bread,,,,"""sandwich bread"" is the bare generic; white fixes the flour axis.",white,false,signature [white] received DISTINCT + SUBSUMES — corn tortillas (6-inch) ~ white corn tortillas => DISTINCT; corn tortillas ~ white corn tortillas => SUBSUMES; sandwich bread ~ white sandwich bread => SUBSUMES
RESIDUE,confidence_medium,bread,store-bought naan,store-bought plain naan,SUBSUMES,medium,,store-bought naan,,,,"""store-bought naan"" leaves flavour open (garlic, plain); ""plain"" fixes that axis.",plain,false,
RESIDUE,confidence_medium,breadcrumb,breadcrumbs,plain breadcrumbs,SUBSUMES,medium,,breadcrumbs,,,,"""plain"" fixes the seasoning axis (unseasoned), leaving dry/fresh/panko open, while ""breadcrumbs"" is unqualified on every axis, so the generic subsumes the specific. Wrinkle: in practice bare ""breadcrumbs"" often means plain ones.",plain,false,
RESIDUE,confidence_medium,breadcrumb,dry breadcrumbs,plain breadcrumbs,DISTINCT,medium,,,,,,"Both names carry a qualifier on different axes — ""dry"" fixes moisture, ""plain"" fixes seasoning — so neither contains the other.",dry|plain,true,
RESIDUE,confidence_medium,breadcrumb,fresh breadcrumbs,plain breadcrumbs,DISTINCT,medium,,,,,,"""fresh"" fixes the moisture axis and ""plain"" fixes the seasoning axis; two qualified names on independent axes are DISTINCT.",fresh|plain,true,
RESIDUE,confidence_medium,cardamom pod,cardamom pods,whole green cardamom pods,SUBSUMES,medium,,cardamom pods,,,,"First name is the bare generic; the second fixes variety (green) and form (whole), so the generic subsumes it. ""Whole"" is largely redundant for pods, but the variety qualifier still makes the second the specific.",green|whole,true,
RESIDUE,confidence_medium,celery,celery,celery stalks,COMPONENT,medium,celery,,8,each,false,"You buy a whole head/bunch of celery; a stalk (rib) is one piece pulled from that bunch, so one purchase yields several stalks and the bunch is consumed by them.",stalk,false,
RESIDUE,confidence_medium,celery,celery,celery sticks,COMPONENT,medium,celery,,16,each,false,"Celery sticks are batons cut from the purchased bunch of celery; one bunch supplies many sticks and is used up doing so, parallel to celery stalks.",stick,false,
RESIDUE,unsure,cheese,american cheese,american cheese slices,UNSURE,low,,,,,,"judge call failed: {""type"":""error"",""error"":{""details"":null,""type"":""overloaded_error"",""message"":""Overloaded""},""request_id"":""req_011CecjJwzrHhtPmXfEubYrZ""}",slice,false,
RESIDUE,unsure,cheese,block feta cheese,feta,UNSURE,low,,,,,,"judge call failed: {""type"":""error"",""error"":{""details"":null,""type"":""overloaded_error"",""message"":""Overloaded""},""request_id"":""req_011CecjJwzrHhtPmXfEubYrZ""}",block|cheese,false,
RESIDUE,unsure,cheese,block feta cheese,feta block,UNSURE,low,,,,,,"judge call failed: {""type"":""error"",""error"":{""details"":null,""type"":""overloaded_error"",""message"":""Overloaded""},""request_id"":""req_011CecjJwzrHhtPmXfEubYrZ""}",cheese,false,
RESIDUE,unsure,cheese,block feta cheese,feta cheese,UNSURE,low,,,,,,"judge call failed: {""type"":""error"",""error"":{""details"":null,""type"":""overloaded_error"",""message"":""Overloaded""},""request_id"":""req_011CecjJwzrHhtPmXfEubYrZ""}",block,false,
RESIDUE,unsure,cheese,blue cheese,blue cheese crumbles,UNSURE,low,,,,,,"judge call failed: {""type"":""error"",""error"":{""details"":null,""type"":""overloaded_error"",""message"":""Overloaded""},""request_id"":""req_011CecjJwzrHhtPmXfEubYrZ""}",crumble,false,
RESIDUE,unsure,cheese,blue cheese,blue cheese dressing,UNSURE,low,,,,,,"judge call failed: {""type"":""error"",""error"":{""details"":null,""type"":""overloaded_error"",""message"":""Overloaded""},""request_id"":""req_011CecjJwzrHhtPmXfEubYrZ""}",dressing,false,
RESIDUE,unsure,cheese,blue cheese,crumbled blue cheese,UNSURE,low,,,,,,"judge call failed: {""type"":""error"",""error"":{""details"":null,""type"":""overloaded_error"",""message"":""Overloaded""},""request_id"":""req_011CecjJwzrHhtPmXfEubYrZ""}",crumbled,false,
RESIDUE,unsure,cheese,cheddar cheese,sharp cheddar cheese,UNSURE,low,,,,,,"judge call failed: {""type"":""error"",""error"":{""details"":null,""type"":""overloaded_error"",""message"":""Overloaded""},""request_id"":""req_011CecjJwzrHhtPmXfEubYrZ""}",sharp,false,
RESIDUE,unsure,cheese,cheddar cheese,sharp white cheddar cheese,UNSURE,low,,,,,,"judge call failed: {""type"":""error"",""error"":{""details"":null,""type"":""overloaded_error"",""message"":""Overloaded""},""request_id"":""req_011CecjJwzrHhtPmXfEubYrZ""}",sharp|white,false,
RESIDUE,unsure,cheese,cheddar cheese,shredded cheddar cheese,UNSURE,low,,,,,,"judge call failed: {""type"":""error"",""error"":{""details"":null,""type"":""overloaded_error"",""message"":""Overloaded""},""request_id"":""req_011CecjJwzrHhtPmXfEubYrZ""}",shredded,true,
RESIDUE,unsure,cheese,cheddar cheese,shredded sharp cheddar cheese,UNSURE,low,,,,,,"judge call failed: {""type"":""error"",""error"":{""details"":null,""type"":""overloaded_error"",""message"":""Overloaded""},""request_id"":""req_011CecjJwzrHhtPmXfEubYrZ""}",sharp|shredded,true,
RESIDUE,unsure,cheese,cheddar,cheddar cheese,UNSURE,low,,,,,,"judge call failed: {""type"":""error"",""error"":{""details"":null,""type"":""overloaded_error"",""message"":""Overloaded""},""request_id"":""req_011CecjJwzrHhtPmXfEubYrZ""}",cheese,false,
RESIDUE,unsure,cheese,cheddar,sharp cheddar,UNSURE,low,,,,,,"judge call failed: {""type"":""error"",""error"":{""details"":null,""type"":""overloaded_error"",""message"":""Overloaded""},""request_id"":""req_011CecjJwzrHhtPmXfEubYrZ""}",sharp,false,
RESIDUE,unsure,cheese,cheddar,sharp cheddar cheese,UNSURE,low,,,,,,"judge call failed: {""type"":""error"",""error"":{""details"":null,""type"":""overloaded_error"",""message"":""Overloaded""},""request_id"":""req_011CecjJwzrHhtPmXfEubYrZ""}",cheese|sharp,false,
RESIDUE,unsure,cheese,cheddar,sharp white cheddar cheese,UNSURE,low,,,,,,"judge call failed: {""type"":""error"",""error"":{""details"":null,""type"":""overloaded_error"",""message"":""Overloaded""},""request_id"":""req_011CecjJwzrHhtPmXfEubYrZ""}",cheese|sharp|white,false,
RESIDUE,unsure,cheese,cheddar,shredded cheddar cheese,UNSURE,low,,,,,,"judge call failed: {""type"":""error"",""error"":{""details"":null,""type"":""overloaded_error"",""message"":""Overloaded""},""request_id"":""req_011CecjJwzrHhtPmXfEubYrZ""}",cheese|shredded,true,
RESIDUE,unsure,cheese,cheddar,shredded sharp cheddar cheese,UNSURE,low,,,,,,"judge call failed: {""type"":""error"",""error"":{""details"":null,""type"":""overloaded_error"",""message"":""Overloaded""},""request_id"":""req_011CecjJwzrHhtPmXfEubYrZ""}",cheese|sharp|shredded,true,
RESIDUE,unsure,cheese,cheese tortellini,fresh cheese tortellini,UNSURE,low,,,,,,"judge call failed: {""type"":""error"",""error"":{""details"":null,""type"":""overloaded_error"",""message"":""Overloaded""},""request_id"":""req_011CecjJwzrHhtPmXfEubYrZ""}",fresh,true,
RESIDUE,unsure,cheese,cheese tortellini,refrigerated cheese tortellini,UNSURE,low,,,,,,"judge call failed: {""type"":""error"",""error"":{""details"":null,""type"":""overloaded_error"",""message"":""Overloaded""},""request_id"":""req_011CecjJwzrHhtPmXfEubYrZ""}",refrigerated,false,
RESIDUE,unsure,cheese,"cotija cheese, crumbled",crumbled cotija cheese,UNSURE,low,,,,,,"judge call failed: {""type"":""error"",""error"":{""details"":null,""type"":""overloaded_error"",""message"":""Overloaded""},""request_id"":""req_011CecjJwzrHhtPmXfEubYrZ""}",(identical),false,
RESIDUE,unsure,cheese,cotija cheese,"cotija cheese, crumbled",UNSURE,low,,,,,,"judge call failed: {""type"":""error"",""error"":{""details"":null,""type"":""overloaded_error"",""message"":""Overloaded""},""request_id"":""req_011CecjJwzrHhtPmXfEubYrZ""}",crumbled,false,
RESIDUE,unsure,cheese,cotija cheese,crumbled cotija cheese,UNSURE,low,,,,,,"judge call failed: {""type"":""error"",""error"":{""details"":null,""type"":""overloaded_error"",""message"":""Overloaded""},""request_id"":""req_011CecjJwzrHhtPmXfEubYrZ""}",crumbled,false,
RESIDUE,unsure,cheese,cotija cheese,mexican crumbling cheese (cotija),UNSURE,low,,,,,,"judge call failed: {""type"":""error"",""error"":{""details"":null,""type"":""overloaded_error"",""message"":""Overloaded""},""request_id"":""req_011CecjJwzrHhtPmXfEubYrZ""}",crumbling|mexican,false,
RESIDUE,unsure,cheese,crumbled feta cheese,feta,UNSURE,low,,,,,,"judge call failed: {""type"":""error"",""error"":{""details"":null,""type"":""overloaded_error"",""message"":""Overloaded""},""request_id"":""req_011CecjJwzrHhtPmXfEubYrZ""}",cheese|crumbled,false,
RESIDUE,unsure,cheese,crumbled feta cheese,feta cheese,UNSURE,low,,,,,,"judge call failed: {""type"":""error"",""error"":{""details"":null,""type"":""overloaded_error"",""message"":""Overloaded""},""request_id"":""req_011CecjJwzrHhtPmXfEubYrZ""}",crumbled,false,
RESIDUE,unsure,cheese,feta,feta block,UNSURE,low,,,,,,"judge call failed: {""type"":""error"",""error"":{""details"":null,""type"":""overloaded_error"",""message"":""Overloaded""},""request_id"":""req_011CecjJwzrHhtPmXfEubYrZ""}",block,false,
RESIDUE,unsure,cheese,feta,feta cheese,UNSURE,low,,,,,,"judge call failed: {""type"":""error"",""error"":{""details"":null,""type"":""overloaded_error"",""message"":""Overloaded""},""request_id"":""req_011CecjJwzrHhtPmXfEubYrZ""}",cheese,false,
RESIDUE,unsure,cheese,finely grated parmesan cheese,freshly grated parmesan cheese,UNSURE,low,,,,,,"judge call failed: {""type"":""error"",""error"":{""details"":null,""type"":""overloaded_error"",""message"":""Overloaded""},""request_id"":""req_011CecjJwzrHhtPmXfEubYrZ""}",finely|freshly,false,
RESIDUE,unsure,cheese,finely grated parmesan cheese,grated parmesan,UNSURE,low,,,,,,"judge call failed: {""type"":""error"",""error"":{""details"":null,""type"":""overloaded_error"",""message"":""Overloaded""},""request_id"":""req_011CecjJwzrHhtPmXfEubYrZ""}",cheese|finely,false,
RESIDUE,unsure,cheese,finely grated parmesan cheese,grated parmesan cheese,UNSURE,low,,,,,,"judge call failed: {""type"":""error"",""error"":{""details"":null,""type"":""overloaded_error"",""message"":""Overloaded""},""request_id"":""req_011CecjJwzrHhtPmXfEubYrZ""}",finely,false,
RESIDUE,unsure,cheese,finely grated parmesan cheese,parmesan,UNSURE,low,,,,,,"judge call failed: {""type"":""error"",""error"":{""details"":null,""type"":""overloaded_error"",""message"":""Overloaded""},""request_id"":""req_011CecjJwzrHhtPmXfEubYrZ""}",cheese|finely|grated,true,
RESIDUE,unsure,cheese,finely grated parmesan cheese,parmesan cheese,UNSURE,low,,,,,,"judge call failed: {""type"":""error"",""error"":{""details"":null,""type"":""overloaded_error"",""message"":""Overloaded""},""request_id"":""req_011CecjJwzrHhtPmXfEubYrZ""}",finely|grated,true,
RESIDUE,unsure,cheese,finely grated parmesan,finely grated parmesan cheese,UNSURE,low,,,,,,"judge call failed: {""type"":""error"",""error"":{""details"":null,""type"":""overloaded_error"",""message"":""Overloaded""},""request_id"":""req_011CecjJwzrHhtPmXfEubYrZ""}",cheese,false,
RESIDUE,unsure,cheese,finely grated parmesan,freshly grated parmesan,UNSURE,low,,,,,,"judge call failed: {""type"":""error"",""error"":{""details"":null,""type"":""overloaded_error"",""message"":""Overloaded""},""request_id"":""req_011CecjJwzrHhtPmXfEubYrZ""}",finely|freshly,false,
RESIDUE,unsure,cheese,finely grated parmesan,grated parmesan,UNSURE,low,,,,,,"judge call failed: {""type"":""error"",""error"":{""details"":null,""type"":""overloaded_error"",""message"":""Overloaded""},""request_id"":""req_011CecjJwzrHhtPmXfEubYrZ""}",finely,false,
RESIDUE,unsure,cheese,finely grated parmesan,parmesan,UNSURE,low,,,,,,"judge call failed: {""type"":""error"",""error"":{""details"":null,""type"":""overloaded_error"",""message"":""Overloaded""},""request_id"":""req_011CecjJwzrHhtPmXfEubYrZ""}",finely|grated,true,
RESIDUE,unsure,cheese,fresh mozzarella cheese,mozzarella cheese,UNSURE,low,,,,,,"judge call failed: {""type"":""error"",""error"":{""details"":null,""type"":""overloaded_error"",""message"":""Overloaded""},""request_id"":""req_011CecjJwzrHhtPmXfEubYrZ""}",fresh,true,
RESIDUE,unsure,cheese,fresh mozzarella cheese,shredded mozzarella cheese,UNSURE,low,,,,,,"judge call failed: {""type"":""error"",""error"":{""details"":null,""type"":""overloaded_error"",""message"":""Overloaded""},""request_id"":""req_011CecjJwzrHhtPmXfEubYrZ""}",fresh|shredded,true,
RESIDUE,unsure,cheese,fresh mozzarella,fresh mozzarella cheese,UNSURE,low,,,,,,"judge call failed: {""type"":""error"",""error"":{""details"":null,""type"":""overloaded_error"",""message"":""Overloaded""},""request_id"":""req_011CecjJwzrHhtPmXfEubYrZ""}",cheese,false,
RESIDUE,unsure,cheese,freshly grated parmesan cheese,grated parmesan,UNSURE,low,,,,,,"judge call failed: {""type"":""error"",""error"":{""details"":null,""type"":""overloaded_error"",""message"":""Overloaded""},""request_id"":""req_011CecjJwzrHhtPmXfEubYrZ""}",cheese|freshly,false,
RESIDUE,unsure,cheese,freshly grated parmesan cheese,grated parmesan cheese,UNSURE,low,,,,,,"judge call failed: {""type"":""error"",""error"":{""details"":null,""type"":""overloaded_error"",""message"":""Overloaded""},""request_id"":""req_011CecjJwzrHhtPmXfEubYrZ""}",freshly,false,
RESIDUE,unsure,cheese,freshly grated parmesan cheese,parmesan,UNSURE,low,,,,,,"judge call failed: {""type"":""error"",""error"":{""details"":null,""type"":""overloaded_error"",""message"":""Overloaded""},""request_id"":""req_011CecjJwzrHhtPmXfEubYrZ""}",cheese|freshly|grated,true,
RESIDUE,unsure,cheese,freshly grated parmesan cheese,parmesan cheese,UNSURE,low,,,,,,"judge call failed: {""type"":""error"",""error"":{""details"":null,""type"":""overloaded_error"",""message"":""Overloaded""},""request_id"":""req_011CecjJwzrHhtPmXfEubYrZ""}",freshly|grated,true,
RESIDUE,unsure,cheese,freshly grated parmesan,freshly grated parmesan cheese,UNSURE,low,,,,,,"judge call failed: {""type"":""error"",""error"":{""details"":null,""type"":""overloaded_error"",""message"":""Overloaded""},""request_id"":""req_011CecjJwzrHhtPmXfEubYrZ""}",cheese,false,
RESIDUE,unsure,cheese,freshly grated parmesan,grated parmesan,UNSURE,low,,,,,,"judge call failed: {""type"":""error"",""error"":{""details"":null,""type"":""overloaded_error"",""message"":""Overloaded""},""request_id"":""req_011CecjJwzrHhtPmXfEubYrZ""}",freshly,false,
RESIDUE,unsure,cheese,freshly grated parmesan,parmesan,UNSURE,low,,,,,,"judge call failed: {""type"":""error"",""error"":{""details"":null,""type"":""overloaded_error"",""message"":""Overloaded""},""request_id"":""req_011CecjJwzrHhtPmXfEubYrZ""}",freshly|grated,true,
RESIDUE,unsure,cheese,grated parmesan cheese,parmesan,UNSURE,low,,,,,,"judge call failed: {""type"":""error"",""error"":{""details"":null,""type"":""overloaded_error"",""message"":""Overloaded""},""request_id"":""req_011CecjJwzrHhtPmXfEubYrZ""}",cheese|grated,true,
RESIDUE,unsure,cheese,grated parmesan cheese,parmesan cheese,UNSURE,low,,,,,,"judge call failed: {""type"":""error"",""error"":{""details"":null,""type"":""overloaded_error"",""message"":""Overloaded""},""request_id"":""req_011CecjJwzrHhtPmXfEubYrZ""}",grated,true,
RESIDUE,unsure,cheese,grated parmesan,grated parmesan cheese,UNSURE,low,,,,,,"judge call failed: {""type"":""error"",""error"":{""details"":null,""type"":""overloaded_error"",""message"":""Overloaded""},""request_id"":""req_011CecjJwzrHhtPmXfEubYrZ""}",cheese,false,
RESIDUE,unsure,cheese,grated parmesan,parmesan,UNSURE,low,,,,,,"judge call failed: {""type"":""error"",""error"":{""details"":null,""type"":""overloaded_error"",""message"":""Overloaded""},""request_id"":""req_011CecjJwzrHhtPmXfEubYrZ""}",grated,true,
RESIDUE,unsure,cheese,grated pecorino romano,pecorino romano,UNSURE,low,,,,,,"judge call failed: {""type"":""error"",""error"":{""details"":null,""type"":""overloaded_error"",""message"":""Overloaded""},""request_id"":""req_011CecjJwzrHhtPmXfEubYrZ""}",grated,true,
RESIDUE,unsure,cheese,low-moisture mozzarella cheese,mozzarella cheese,UNSURE,low,,,,,,"judge call failed: {""type"":""error"",""error"":{""details"":null,""type"":""overloaded_error"",""message"":""Overloaded""},""request_id"":""req_011CecjJwzrHhtPmXfEubYrZ""}",low|moisture,false,
RESIDUE,unsure,cheese,low-moisture mozzarella cheese,shredded low-moisture mozzarella cheese,UNSURE,low,,,,,,"judge call failed: {""type"":""error"",""error"":{""details"":null,""type"":""overloaded_error"",""message"":""Overloaded""},""request_id"":""req_011CecjJwzrHhtPmXfEubYrZ""}",shredded,true,
RESIDUE,unsure,cheese,low-moisture mozzarella,low-moisture mozzarella cheese,UNSURE,low,,,,,,"judge call failed: {""type"":""error"",""error"":{""details"":null,""type"":""overloaded_error"",""message"":""Overloaded""},""request_id"":""req_011CecjJwzrHhtPmXfEubYrZ""}",cheese,false,
RESIDUE,unsure,cheese,low-moisture mozzarella,low-moisture whole-milk mozzarella,UNSURE,low,,,,,,"judge call failed: {""type"":""error"",""error"":{""details"":null,""type"":""overloaded_error"",""message"":""Overloaded""},""request_id"":""req_011CecjJwzrHhtPmXfEubYrZ""}",milk|whole,true,
RESIDUE,unsure,cheese,low-moisture mozzarella,shredded low-moisture mozzarella,UNSURE,low,,,,,,"judge call failed: {""type"":""error"",""error"":{""details"":null,""type"":""overloaded_error"",""message"":""Overloaded""},""request_id"":""req_011CecjJwzrHhtPmXfEubYrZ""}",shredded,true,
RESIDUE,unsure,cheese,low-moisture mozzarella,shredded low-moisture mozzarella cheese,UNSURE,low,,,,,,"judge call failed: {""type"":""error"",""error"":{""details"":null,""type"":""overloaded_error"",""message"":""Overloaded""},""request_id"":""req_011CecjJwzrHhtPmXfEubYrZ""}",cheese|shredded,true,
RESIDUE,unsure,cheese,low-moisture mozzarella,shredded low-moisture whole-milk mozzarella,UNSURE,low,,,,,,"judge call failed: {""type"":""error"",""error"":{""details"":null,""type"":""overloaded_error"",""message"":""Overloaded""},""request_id"":""req_011CecjJwzrHhtPmXfEubYrZ""}",milk|shredded|whole,true,
RESIDUE,unsure,cheese,low-moisture mozzarella,whole-milk low-moisture mozzarella,UNSURE,low,,,,,,"judge call failed: {""type"":""error"",""error"":{""details"":null,""type"":""overloaded_error"",""message"":""Overloaded""},""request_id"":""req_011CecjJwzrHhtPmXfEubYrZ""}",milk|whole,true,
RESIDUE,unsure,cheese,low-moisture whole-milk mozzarella,shredded low-moisture whole-milk mozzarella,UNSURE,low,,,,,,"judge call failed: {""type"":""error"",""error"":{""details"":null,""type"":""overloaded_error"",""message"":""Overloaded""},""request_id"":""req_011CecjJwzrHhtPmXfEubYrZ""}",shredded,true,
RESIDUE,unsure,cheese,low-moisture whole-milk mozzarella,whole milk mozzarella,UNSURE,low,,,,,,"judge call failed: {""type"":""error"",""error"":{""details"":null,""type"":""overloaded_error"",""message"":""Overloaded""},""request_id"":""req_011CecjJwzrHhtPmXfEubYrZ""}",low|moisture,false,
RESIDUE,unsure,cheese,low-moisture whole-milk mozzarella,whole-milk low-moisture mozzarella,UNSURE,low,,,,,,"judge call failed: {""type"":""error"",""error"":{""details"":null,""type"":""overloaded_error"",""message"":""Overloaded""},""request_id"":""req_011CecjJwzrHhtPmXfEubYrZ""}",(identical),false,
RESIDUE,unsure,cheese,low-moisture whole-milk mozzarella,whole-milk mozzarella,UNSURE,low,,,,,,"judge call failed: {""type"":""error"",""error"":{""details"":null,""type"":""overloaded_error"",""message"":""Overloaded""},""request_id"":""req_011CecjJwzrHhtPmXfEubYrZ""}",low|moisture,false,
RESIDUE,unsure,cheese,"mexican cheese blend, shredded",shredded mexican blend cheese,UNSURE,low,,,,,,"judge call failed: {""type"":""error"",""error"":{""details"":null,""type"":""overloaded_error"",""message"":""Overloaded""},""request_id"":""req_011CecjJwzrHhtPmXfEubYrZ""}",(identical),false,
RESIDUE,unsure,cheese,"mexican cheese blend, shredded",shredded mexican cheese blend,UNSURE,low,,,,,,"judge call failed: {""type"":""error"",""error"":{""details"":null,""type"":""overloaded_error"",""message"":""Overloaded""},""request_id"":""req_011CecjJwzrHhtPmXfEubYrZ""}",(identical),false,
RESIDUE,unsure,cheese,monterey jack cheese,shredded monterey jack cheese,UNSURE,low,,,,,,"judge call failed: {""type"":""error"",""error"":{""details"":null,""type"":""overloaded_error"",""message"":""Overloaded""},""request_id"":""req_011CecjJwzrHhtPmXfEubYrZ""}",shredded,true,
RESIDUE,unsure,cheese,mozzarella cheese,shredded low-moisture mozzarella cheese,UNSURE,low,,,,,,"judge call failed: {""type"":""error"",""error"":{""details"":null,""type"":""overloaded_error"",""message"":""Overloaded""},""request_id"":""req_011CecjJwzrHhtPmXfEubYrZ""}",low|moisture|shredded,true,
RESIDUE,unsure,cheese,mozzarella cheese,shredded mozzarella cheese,UNSURE,low,,,,,,"judge call failed: {""type"":""error"",""error"":{""details"":null,""type"":""overloaded_error"",""message"":""Overloaded""},""request_id"":""req_011CecjJwzrHhtPmXfEubYrZ""}",shredded,true,
RESIDUE,unsure,cheese,mozzarella cheese,shredded whole-milk mozzarella cheese,UNSURE,low,,,,,,"judge call failed: {""type"":""error"",""error"":{""details"":null,""type"":""overloaded_error"",""message"":""Overloaded""},""request_id"":""req_011CecjJwzrHhtPmXfEubYrZ""}",milk|shredded|whole,true,
RESIDUE,unsure,cheese,oaxacan cheese,oaxacan cheese (quesillo),UNSURE,low,,,,,,"judge call failed: {""type"":""error"",""error"":{""details"":null,""type"":""overloaded_error"",""message"":""Overloaded""},""request_id"":""req_011CecjJwzrHhtPmXfEubYrZ""}",quesillo,false,
RESIDUE,unsure,cheese,oaxacan cheese,shredded oaxacan cheese,UNSURE,low,,,,,,"judge call failed: {""type"":""error"",""error"":{""details"":null,""type"":""overloaded_error"",""message"":""Overloaded""},""request_id"":""req_011CecjJwzrHhtPmXfEubYrZ""}",shredded,true,
RESIDUE,unsure,cheese,parmesan cheese,shaved parmesan cheese,UNSURE,low,,,,,,"judge call failed: {""type"":""error"",""error"":{""details"":null,""type"":""overloaded_error"",""message"":""Overloaded""},""request_id"":""req_011CecjJwzrHhtPmXfEubYrZ""}",shaved,false,
RESIDUE,unsure,cheese,parmesan,parmesan cheese,UNSURE,low,,,,,,"judge call failed: {""type"":""error"",""error"":{""details"":null,""type"":""overloaded_error"",""message"":""Overloaded""},""request_id"":""req_011CecjJwzrHhtPmXfEubYrZ""}",cheese,false,
RESIDUE,unsure,cheese,parmesan,parmesan rind,UNSURE,low,,,,,,"judge call failed: {""type"":""error"",""error"":{""details"":null,""type"":""overloaded_error"",""message"":""Overloaded""},""request_id"":""req_011CecjJwzrHhtPmXfEubYrZ""}",rind,false,
RESIDUE,unsure,cheese,parmesan,shaved parmesan,UNSURE,low,,,,,,"judge call failed: {""type"":""error"",""error"":{""details"":null,""type"":""overloaded_error"",""message"":""Overloaded""},""request_id"":""req_011CecjJwzrHhtPmXfEubYrZ""}",shaved,false,
RESIDUE,unsure,cheese,parmesan,shaved parmesan cheese,UNSURE,low,,,,,,"judge call failed: {""type"":""error"",""error"":{""details"":null,""type"":""overloaded_error"",""message"":""Overloaded""},""request_id"":""req_011CecjJwzrHhtPmXfEubYrZ""}",cheese|shaved,false,
RESIDUE,unsure,cheese,pecorino romano,pecorino romano cheese,UNSURE,low,,,,,,"judge call failed: {""type"":""error"",""error"":{""details"":null,""type"":""overloaded_error"",""message"":""Overloaded""},""request_id"":""req_011CecjJwzrHhtPmXfEubYrZ""}",cheese,false,
RESIDUE,unsure,cheese,provolone cheese,provolone cheese slices,UNSURE,low,,,,,,"judge call failed: {""type"":""error"",""error"":{""details"":null,""type"":""overloaded_error"",""message"":""Overloaded""},""request_id"":""req_011CecjJwzrHhtPmXfEubYrZ""}",slice,false,
RESIDUE,unsure,cheese,provolone cheese,shredded provolone cheese,UNSURE,low,,,,,,"judge call failed: {""type"":""error"",""error"":{""details"":null,""type"":""overloaded_error"",""message"":""Overloaded""},""request_id"":""req_011CecjJwzrHhtPmXfEubYrZ""}",shredded,true,
RESIDUE,unsure,cheese,provolone,provolone cheese,UNSURE,low,,,,,,"judge call failed: {""type"":""error"",""error"":{""details"":null,""type"":""overloaded_error"",""message"":""Overloaded""},""request_id"":""req_011CecjJwzrHhtPmXfEubYrZ""}",cheese,false,
RESIDUE,unsure,cheese,provolone,provolone cheese slices,UNSURE,low,,,,,,"judge call failed: {""type"":""error"",""error"":{""details"":null,""type"":""overloaded_error"",""message"":""Overloaded""},""request_id"":""req_011CecjJwzrHhtPmXfEubYrZ""}",cheese|slice,false,
RESIDUE,unsure,cheese,provolone,shredded provolone,UNSURE,low,,,,,,"judge call failed: {""type"":""error"",""error"":{""details"":null,""type"":""overloaded_error"",""message"":""Overloaded""},""request_id"":""req_011CecjJwzrHhtPmXfEubYrZ""}",shredded,true,
RESIDUE,unsure,cheese,provolone,shredded provolone cheese,UNSURE,low,,,,,,"judge call failed: {""type"":""error"",""error"":{""details"":null,""type"":""overloaded_error"",""message"":""Overloaded""},""request_id"":""req_011CecjJwzrHhtPmXfEubYrZ""}",cheese|shredded,true,
RESIDUE,unsure,cheese,sharp cheddar cheese,sharp white cheddar cheese,UNSURE,low,,,,,,"judge call failed: {""type"":""error"",""error"":{""details"":null,""type"":""overloaded_error"",""message"":""Overloaded""},""request_id"":""req_011CecjJwzrHhtPmXfEubYrZ""}",white,false,
RESIDUE,unsure,cheese,sharp cheddar cheese,shredded sharp cheddar cheese,UNSURE,low,,,,,,"judge call failed: {""type"":""error"",""error"":{""details"":null,""type"":""overloaded_error"",""message"":""Overloaded""},""request_id"":""req_011CecjJwzrHhtPmXfEubYrZ""}",shredded,true,
RESIDUE,unsure,cheese,sharp cheddar,sharp cheddar cheese,UNSURE,low,,,,,,"judge call failed: {""type"":""error"",""error"":{""details"":null,""type"":""overloaded_error"",""message"":""Overloaded""},""request_id"":""req_011CecjJwzrHhtPmXfEubYrZ""}",cheese,false,
RESIDUE,unsure,cheese,sharp cheddar,sharp white cheddar cheese,UNSURE,low,,,,,,"judge call failed: {""type"":""error"",""error"":{""details"":null,""type"":""overloaded_error"",""message"":""Overloaded""},""request_id"":""req_011CecjJwzrHhtPmXfEubYrZ""}",cheese|white,false,
RESIDUE,unsure,cheese,sharp cheddar,shredded sharp cheddar cheese,UNSURE,low,,,,,,"judge call failed: {""type"":""error"",""error"":{""details"":null,""type"":""overloaded_error"",""message"":""Overloaded""},""request_id"":""req_011CecjJwzrHhtPmXfEubYrZ""}",cheese|shredded,true,
RESIDUE,unsure,cheese,sharp white cheddar cheese,shredded sharp cheddar cheese,UNSURE,low,,,,,,"judge call failed: {""type"":""error"",""error"":{""details"":null,""type"":""overloaded_error"",""message"":""Overloaded""},""request_id"":""req_011CecjJwzrHhtPmXfEubYrZ""}",shredded|white,true,
RESIDUE,unsure,cheese,shaved parmesan,shaved parmesan cheese,UNSURE,low,,,,,,"judge call failed: {""type"":""error"",""error"":{""details"":null,""type"":""overloaded_error"",""message"":""Overloaded""},""request_id"":""req_011CecjJwzrHhtPmXfEubYrZ""}",cheese,false,
RESIDUE,unsure,cheese,shredded cheddar cheese,shredded sharp cheddar cheese,UNSURE,low,,,,,,"judge call failed: {""type"":""error"",""error"":{""details"":null,""type"":""overloaded_error"",""message"":""Overloaded""},""request_id"":""req_011CecjJwzrHhtPmXfEubYrZ""}",sharp,false,
RESIDUE,unsure,cheese,shredded low-moisture mozzarella cheese,shredded mozzarella cheese,UNSURE,low,,,,,,"judge call failed: {""type"":""error"",""error"":{""details"":null,""type"":""overloaded_error"",""message"":""Overloaded""},""request_id"":""req_011CecjJwzrHhtPmXfEubYrZ""}",low|moisture,false,
RESIDUE,unsure,cheese,shredded low-moisture mozzarella,shredded low-moisture mozzarella cheese,UNSURE,low,,,,,,"judge call failed: {""type"":""error"",""error"":{""details"":null,""type"":""overloaded_error"",""message"":""Overloaded""},""request_id"":""req_011CecjJwzrHhtPmXfEubYrZ""}",cheese,false,
RESIDUE,unsure,cheese,shredded low-moisture mozzarella,shredded low-moisture whole-milk mozzarella,UNSURE,low,,,,,,"judge call failed: {""type"":""error"",""error"":{""details"":null,""type"":""overloaded_error"",""message"":""Overloaded""},""request_id"":""req_011CecjJwzrHhtPmXfEubYrZ""}",milk|whole,true,
RESIDUE,unsure,cheese,shredded low-moisture whole-milk mozzarella,shredded whole-milk mozzarella,UNSURE,low,,,,,,"judge call failed: {""type"":""error"",""error"":{""details"":null,""type"":""overloaded_error"",""message"":""Overloaded""},""request_id"":""req_011CecjJwzrHhtPmXfEubYrZ""}",low|moisture,false,
RESIDUE,unsure,cheese,shredded low-moisture whole-milk mozzarella,whole milk mozzarella,UNSURE,low,,,,,,"judge call failed: {""type"":""error"",""error"":{""details"":null,""type"":""overloaded_error"",""message"":""Overloaded""},""request_id"":""req_011CecjJwzrHhtPmXfEubYrZ""}",low|moisture|shredded,true,
RESIDUE,unsure,cheese,shredded low-moisture whole-milk mozzarella,whole-milk low-moisture mozzarella,UNSURE,low,,,,,,"judge call failed: {""type"":""error"",""error"":{""details"":null,""type"":""overloaded_error"",""message"":""Overloaded""},""request_id"":""req_011CecjJwzrHhtPmXfEubYrZ""}",shredded,true,
RESIDUE,unsure,cheese,shredded low-moisture whole-milk mozzarella,whole-milk mozzarella,UNSURE,low,,,,,,"judge call failed: {""type"":""error"",""error"":{""details"":null,""type"":""overloaded_error"",""message"":""Overloaded""},""request_id"":""req_011CecjJwzrHhtPmXfEubYrZ""}",low|moisture|shredded,true,
RESIDUE,unsure,cheese,shredded mexican blend cheese,shredded mexican cheese blend,UNSURE,low,,,,,,"judge call failed: {""type"":""error"",""error"":{""details"":null,""type"":""overloaded_error"",""message"":""Overloaded""},""request_id"":""req_011CecjJwzrHhtPmXfEubYrZ""}",(identical),false,
RESIDUE,unsure,cheese,shredded mozzarella cheese,shredded whole-milk mozzarella cheese,UNSURE,low,,,,,,"judge call failed: {""type"":""error"",""error"":{""details"":null,""type"":""overloaded_error"",""message"":""Overloaded""},""request_id"":""req_011CecjJwzrHhtPmXfEubYrZ""}",milk|whole,true,
RESIDUE,unsure,cheese,shredded provolone,shredded provolone cheese,UNSURE,low,,,,,,"judge call failed: {""type"":""error"",""error"":{""details"":null,""type"":""overloaded_error"",""message"":""Overloaded""},""request_id"":""req_011CecjJwzrHhtPmXfEubYrZ""}",cheese,false,
RESIDUE,unsure,cheese,shredded whole-milk mozzarella cheese,whole milk mozzarella,UNSURE,low,,,,,,"judge call failed: {""type"":""error"",""error"":{""details"":null,""type"":""overloaded_error"",""message"":""Overloaded""},""request_id"":""req_011CecjJwzrHhtPmXfEubYrZ""}",cheese|shredded,true,
RESIDUE,unsure,cheese,shredded whole-milk mozzarella cheese,whole-milk mozzarella,UNSURE,low,,,,,,"judge call failed: {""type"":""error"",""error"":{""details"":null,""type"":""overloaded_error"",""message"":""Overloaded""},""request_id"":""req_011CecjJwzrHhtPmXfEubYrZ""}",cheese|shredded,true,
RESIDUE,unsure,cheese,shredded whole-milk mozzarella,shredded whole-milk mozzarella cheese,UNSURE,low,,,,,,"judge call failed: {""type"":""error"",""error"":{""details"":null,""type"":""overloaded_error"",""message"":""Overloaded""},""request_id"":""req_011CecjJwzrHhtPmXfEubYrZ""}",cheese,false,
RESIDUE,unsure,cheese,shredded whole-milk mozzarella,whole milk mozzarella,UNSURE,low,,,,,,"judge call failed: {""type"":""error"",""error"":{""details"":null,""type"":""overloaded_error"",""message"":""Overloaded""},""request_id"":""req_011CecjJwzrHhtPmXfEubYrZ""}",shredded,true,
RESIDUE,unsure,cheese,shredded whole-milk mozzarella,whole-milk mozzarella,UNSURE,low,,,,,,"judge call failed: {""type"":""error"",""error"":{""details"":null,""type"":""overloaded_error"",""message"":""Overloaded""},""request_id"":""req_011CecjJwzrHhtPmXfEubYrZ""}",shredded,true,
RESIDUE,unsure,cheese,sliced swiss cheese,swiss cheese,UNSURE,low,,,,,,"judge call failed: {""type"":""error"",""error"":{""details"":null,""type"":""overloaded_error"",""message"":""Overloaded""},""request_id"":""req_011CecjJwzrHhtPmXfEubYrZ""}",sliced,false,
RESIDUE,unsure,cheese,smoked gouda,smoked gouda cheese,UNSURE,low,,,,,,"judge call failed: {""type"":""error"",""error"":{""details"":null,""type"":""overloaded_error"",""message"":""Overloaded""},""request_id"":""req_011CecjJwzrHhtPmXfEubYrZ""}",cheese,false,
RESIDUE,unsure,cheese,swiss cheese,swiss cheese slices,UNSURE,low,,,,,,"judge call failed: {""type"":""error"",""error"":{""details"":null,""type"":""overloaded_error"",""message"":""Overloaded""},""request_id"":""req_011CecjJwzrHhtPmXfEubYrZ""}",slice,false,
RESIDUE,unsure,cheese,whole milk mozzarella,whole-milk low-moisture mozzarella,UNSURE,low,,,,,,"judge call failed: {""type"":""error"",""error"":{""details"":null,""type"":""overloaded_error"",""message"":""Overloaded""},""request_id"":""req_011CecjJwzrHhtPmXfEubYrZ""}",low|moisture,false,
RESIDUE,unsure,cheese,whole milk mozzarella,whole-milk mozzarella,UNSURE,low,,,,,,"judge call failed: {""type"":""error"",""error"":{""details"":null,""type"":""overloaded_error"",""message"":""Overloaded""},""request_id"":""req_011CecjJwzrHhtPmXfEubYrZ""}",(identical),false,
RESIDUE,unsure,cheese,whole milk ricotta cheese,whole-milk ricotta,UNSURE,low,,,,,,"judge call failed: {""type"":""error"",""error"":{""details"":null,""type"":""overloaded_error"",""message"":""Overloaded""},""request_id"":""req_011CecjJwzrHhtPmXfEubYrZ""}",cheese,false,
RESIDUE,unsure,cheese,whole milk ricotta cheese,whole-milk ricotta cheese,UNSURE,low,,,,,,"judge call failed: {""type"":""error"",""error"":{""details"":null,""type"":""overloaded_error"",""message"":""Overloaded""},""request_id"":""req_011CecjJwzrHhtPmXfEubYrZ""}",(identical),false,
RESIDUE,unsure,cheese,whole-milk low-moisture mozzarella,whole-milk mozzarella,UNSURE,low,,,,,,"judge call failed: {""type"":""error"",""error"":{""details"":null,""type"":""overloaded_error"",""message"":""Overloaded""},""request_id"":""req_011CecjJwzrHhtPmXfEubYrZ""}",low|moisture,false,
RESIDUE,unsure,cheese,whole-milk ricotta,whole-milk ricotta cheese,UNSURE,low,,,,,,"judge call failed: {""type"":""error"",""error"":{""details"":null,""type"":""overloaded_error"",""message"":""Overloaded""},""request_id"":""req_011CecjJwzrHhtPmXfEubYrZ""}",cheese,false,
RESIDUE,contradiction_flagged,chili,canned diced green chiles,canned green chiles,SUBSUMES,high,,canned green chiles,,,,'canned green chiles' is unqualified on cut; 'canned diced' fixes the cut. Generic is the second name.,diced,false,signature [diced] received DISTINCT + SUBSUMES — canned diced green chiles ~ canned green chiles => SUBSUMES; diced green chiles ~ green chili => DISTINCT
RESIDUE,confidence_medium,chili,canned diced green chiles,canned roasted diced green chiles,SUBSUMES,medium,,canned diced green chiles,,,,First is unspecified on the roasting axis; 'roasted' fixes it. Generic is the first name.,roasted,true,
RESIDUE,contradiction_flagged,chili,canned diced green chiles,diced green chiles,SYNONYM,high,,,,,,'diced green chiles' in a recipe is the canned product; same can either way.,canned,true,"signature [canned] received DISTINCT + SYNONYM — canned diced green chiles ~ diced green chiles => SYNONYM; canned green chiles ~ green chili => DISTINCT; canned roasted diced green chiles ~ diced roasted green chiles => SYNONYM; canned roasted diced green chiles ~ roasted diced green chiles => SYNONYM | same base, prep difference, received SUBSUMES + SYNONYM — canned diced green chiles ~ diced green chiles [canned] => SYNONYM; diced green chiles ~ diced roasted green chiles [roasted] => SUBSUMES; diced green chiles ~ roasted diced green chiles [roasted] => SUBSUMES"
RESIDUE,contradiction_flagged,chili,canned diced green chiles,diced roasted green chiles,SUBSUMES,medium,,canned diced green chiles,,,,"Same canned diced product, second additionally specifies roasted. Generic is the first name.",canned|roasted,true,"SUBSUMES declares ""canned diced green chiles"" generic over ""diced roasted green chiles"", but the declared generic is not the less-qualified name — two specifics are DISTINCT, never SUBSUMES (D-WS9-202)"
RESIDUE,contradiction_flagged,chili,canned diced green chiles,green chili,DISTINCT,medium,,,,,,'green chili' denotes a fresh green chile pepper; the canned diced product is a separate purchase.,canned|diced,true,signature [canned|diced] received DISTINCT + SUBSUMES — canned diced green chiles ~ green chili => DISTINCT; canned green chiles ~ diced green chiles => SUBSUMES
RESIDUE,contradiction_flagged,chili,canned diced green chiles,roasted diced green chiles,SUBSUMES,medium,,canned diced green chiles,,,,Second adds the roasted qualifier to the same canned diced product. Generic is the first name.,canned|roasted,true,"SUBSUMES declares ""canned diced green chiles"" generic over ""roasted diced green chiles"", but the declared generic is not the less-qualified name — two specifics are DISTINCT, never SUBSUMES (D-WS9-202)"
RESIDUE,confidence_medium,chili,canned diced tomatoes with green chiles (rotel),green chili,DISTINCT,medium,,,,,,A canned tomato-chile product versus a fresh green chile pepper.,canned|diced|rotel|tomato,true,
RESIDUE,confidence_medium,chili,canned diced tomatoes with green chiles,green chili,DISTINCT,medium,,,,,,Canned tomato-and-chile product versus a fresh green chile pepper.,canned|diced|tomato,true,
RESIDUE,contradiction_flagged,chili,canned green chiles,canned roasted diced green chiles,SUBSUMES,medium,,canned green chiles,,,,'canned green chiles' is bare on cut and roast; the second fixes both. Generic is the first name.,diced|roasted,true,signature [diced|roasted] received DISTINCT + SUBSUMES — canned green chiles ~ canned roasted diced green chiles => SUBSUMES; diced roasted green chiles ~ green chili => DISTINCT; green chili ~ roasted diced green chiles => DISTINCT
RESIDUE,contradiction_flagged,chili,canned green chiles,diced green chiles,SUBSUMES,high,,canned green chiles,,,,Bare canned green chiles subsume the diced form. Generic is the first name.,canned|diced,true,"signature [canned|diced] received DISTINCT + SUBSUMES — canned diced green chiles ~ green chili => DISTINCT; canned green chiles ~ diced green chiles => SUBSUMES | SUBSUMES declares ""canned green chiles"" generic over ""diced green chiles"", but the declared generic is not the less-qualified name — two specifics are DISTINCT, never SUBSUMES (D-WS9-202)"
RESIDUE,contradiction_flagged,chili,canned green chiles,diced roasted green chiles,SUBSUMES,medium,,canned green chiles,,,,Bare canned green chiles subsume the diced roasted version. Generic is the first name.,canned|diced|roasted,true,signature [canned|diced|roasted] received DISTINCT + SUBSUMES — canned green chiles ~ diced roasted green chiles => SUBSUMES; canned green chiles ~ roasted diced green chiles => SUBSUMES; canned roasted diced green chiles ~ green chili => DISTINCT
RESIDUE,contradiction_flagged,chili,canned green chiles,green chili,DISTINCT,medium,,,,,,Canned product versus a fresh green chile pepper; a shopper needing fresh must buy again.,canned,true,signature [canned] received DISTINCT + SYNONYM — canned diced green chiles ~ diced green chiles => SYNONYM; canned green chiles ~ green chili => DISTINCT; canned roasted diced green chiles ~ diced roasted green chiles => SYNONYM; canned roasted diced green chiles ~ roasted diced green chiles => SYNONYM
RESIDUE,contradiction_flagged,chili,canned green chiles,roasted diced green chiles,SUBSUMES,medium,,canned green chiles,,,,Bare canned green chiles subsume the roasted diced version. Generic is the first name.,canned|diced|roasted,true,signature [canned|diced|roasted] received DISTINCT + SUBSUMES — canned green chiles ~ diced roasted green chiles => SUBSUMES; canned green chiles ~ roasted diced green chiles => SUBSUMES; canned roasted diced green chiles ~ green chili => DISTINCT
RESIDUE,confidence_medium,chili,canned roasted diced green chiles,diced green chiles,SUBSUMES,medium,,diced green chiles,,,,'diced green chiles' leaves roasting unspecified; the first fixes it. Generic is the second name.,canned|roasted,true,
RESIDUE,contradiction_flagged,chili,canned roasted diced green chiles,diced roasted green chiles,SYNONYM,high,,,,,,"Same canned roasted diced green chiles, word order only.",canned,true,signature [canned] received DISTINCT + SYNONYM — canned diced green chiles ~ diced green chiles => SYNONYM; canned green chiles ~ green chili => DISTINCT; canned roasted diced green chiles ~ diced roasted green chiles => SYNONYM; canned roasted diced green chiles ~ roasted diced green chiles => SYNONYM
RESIDUE,contradiction_flagged,chili,canned roasted diced green chiles,green chili,DISTINCT,medium,,,,,,Canned roasted diced product versus a fresh green chile pepper.,canned|diced|roasted,true,signature [canned|diced|roasted] received DISTINCT + SUBSUMES — canned green chiles ~ diced roasted green chiles => SUBSUMES; canned green chiles ~ roasted diced green chiles => SUBSUMES; canned roasted diced green chiles ~ green chili => DISTINCT
RESIDUE,contradiction_flagged,chili,canned roasted diced green chiles,roasted diced green chiles,SYNONYM,high,,,,,,Same can; 'canned' is implicit in the second name.,canned,true,signature [canned] received DISTINCT + SYNONYM — canned diced green chiles ~ diced green chiles => SYNONYM; canned green chiles ~ green chili => DISTINCT; canned roasted diced green chiles ~ diced roasted green chiles => SYNONYM; canned roasted diced green chiles ~ roasted diced green chiles => SYNONYM
RESIDUE,confidence_medium,chili,chili bean paste (doubanjiang),szechuan doubanjiang (chili bean paste),SUBSUMES,medium,,chili bean paste (doubanjiang),,,,Bare doubanjiang subsumes the Sichuan-specified jar. Generic is the first name.,szechuan,false,
RESIDUE,confidence_medium,chili,chili flakes,crushed red chili flakes,SUBSUMES,medium,,chili flakes,,,,'chili flakes' is bare; 'crushed red' fixes the colour/type. Generic is the first name.,crushed|red,true,
RESIDUE,contradiction_flagged,chili,chili flakes,dried chili flakes,SYNONYM,high,,,,,,Chili flakes are dried by definition; same jar.,dried,true,signature [dried] received SUBSUMES + SYNONYM — chili flakes ~ dried chili flakes => SYNONYM; dried red chili flakes ~ red chili flakes => SYNONYM; dried red chilies ~ red chili => SUBSUMES
RESIDUE,confidence_medium,chili,chili flakes,dried red chili flakes,SUBSUMES,medium,,chili flakes,,,,Bare chili flakes subsume dried red chili flakes. Generic is the first name.,dried|red,true,
RESIDUE,contradiction_flagged,chili,chili flakes,red chili flakes,SUBSUMES,medium,,chili flakes,,,,Bare chili flakes subsume red chili flakes. Generic is the first name.,red,false,signature [red] received SUBSUMES + SYNONYM — chili flakes ~ red chili flakes => SUBSUMES; chili powder ~ red chili powder => SUBSUMES; dried chili flakes ~ dried red chili flakes => SUBSUMES; fresh red thai chilies ~ fresh thai chilies => SUBSUMES; kashmiri chili powder ~ kashmiri red chili powder => SYNONYM
RESIDUE,confidence_medium,chili,chili powder,kashmiri chili powder,SUBSUMES,medium,,chili powder,,,,Bare chili powder subsumes the Kashmiri variety. Generic is the first name.,kashmiri,false,
RESIDUE,confidence_medium,chili,chili powder,kashmiri red chili powder,SUBSUMES,medium,,chili powder,,,,Bare chili powder subsumes Kashmiri red chili powder. Generic is the first name.,kashmiri|red,false,
RESIDUE,confidence_medium,chili,chili powder,mild chili powder,SUBSUMES,medium,,chili powder,,,,Bare chili powder subsumes the mild grade. Generic is the first name.,mild,false,
RESIDUE,confidence_medium,chili,chili powder,pinch of kashmiri red chili powder,SUBSUMES,medium,,chili powder,,,,"Amount wording aside, bare chili powder subsumes Kashmiri red chili powder. Generic is the first name.",kashmiri|pinch|red,false,
RESIDUE,contradiction_flagged,chili,chili powder,red chili powder,SUBSUMES,medium,,chili powder,,,,Bare chili powder subsumes red chili powder. Generic is the first name.,red,false,signature [red] received SUBSUMES + SYNONYM — chili flakes ~ red chili flakes => SUBSUMES; chili powder ~ red chili powder => SUBSUMES; dried chili flakes ~ dried red chili flakes => SUBSUMES; fresh red thai chilies ~ fresh thai chilies => SUBSUMES; kashmiri chili powder ~ kashmiri red chili powder => SYNONYM
RESIDUE,confidence_medium,chili,chili-bean paste (doubanjiang),szechuan doubanjiang (chili bean paste),SUBSUMES,medium,,chili-bean paste (doubanjiang),,,,Bare chili bean paste subsumes the Sichuan-labelled one. Generic is the first name.,szechuan,false,
RESIDUE,confidence_medium,chili,crushed red chili flakes,dried chili flakes,SUBSUMES,medium,,dried chili flakes,,,,'dried chili flakes' is bare on colour/type; the first fixes it. Generic is the second name.,crushed|dried|red,true,
RESIDUE,contradiction_flagged,chili,diced green chiles,diced roasted green chiles,SUBSUMES,medium,,diced green chiles,,,,First leaves roasting unspecified; second fixes it. Generic is the first name.,roasted,true,"same base, prep difference, received SUBSUMES + SYNONYM — canned diced green chiles ~ diced green chiles [canned] => SYNONYM; diced green chiles ~ diced roasted green chiles [roasted] => SUBSUMES; diced green chiles ~ roasted diced green chiles [roasted] => SUBSUMES"
RESIDUE,contradiction_flagged,chili,diced green chiles,green chili,DISTINCT,medium,,,,,,Canned diced product versus a fresh green chile pepper.,diced,false,signature [diced] received DISTINCT + SUBSUMES — canned diced green chiles ~ canned green chiles => SUBSUMES; diced green chiles ~ green chili => DISTINCT
RESIDUE,contradiction_flagged,chili,diced green chiles,roasted diced green chiles,SUBSUMES,medium,,diced green chiles,,,,First is unspecified on roasting; second fixes it. Generic is the first name.,roasted,true,"same base, prep difference, received SUBSUMES + SYNONYM — canned diced green chiles ~ diced green chiles [canned] => SYNONYM; diced green chiles ~ diced roasted green chiles [roasted] => SUBSUMES; diced green chiles ~ roasted diced green chiles [roasted] => SUBSUMES"
RESIDUE,confidence_low,chili,diced green chiles,spiced & diced green chiles,SUBSUMES,low,,diced green chiles,,,,'spiced' adds a seasoning qualifier to the same canned diced product; the bare name is broader. Generic is the first name.,spiced,false,
RESIDUE,contradiction_flagged,chili,diced roasted green chiles,green chili,DISTINCT,medium,,,,,,Processed diced roasted product versus a fresh green chile pepper.,diced|roasted,true,signature [diced|roasted] received DISTINCT + SUBSUMES — canned green chiles ~ canned roasted diced green chiles => SUBSUMES; diced roasted green chiles ~ green chili => DISTINCT; green chili ~ roasted diced green chiles => DISTINCT
RESIDUE,confidence_medium,chili,diced tomatoes with green chiles,green chili,DISTINCT,medium,,,,,,Canned tomatoes with chiles versus a fresh green chile pepper.,diced|tomato,false,
RESIDUE,confidence_medium,chili,doubanjiang (chili bean paste),szechuan doubanjiang (chili bean paste),SUBSUMES,medium,,doubanjiang (chili bean paste),,,,Bare doubanjiang subsumes the Sichuan-labelled jar. Generic is the first name.,szechuan,false,
RESIDUE,confidence_medium,chili,"dried ancho chiles, stemmed and seeded",dried ancho chili,COMPONENT,medium,dried ancho chili,,1,each,false,Stemming and seeding discards part of the dried chile you buy; you buy the whole dried ancho.,seeded|stemmed,false,
RESIDUE,confidence_medium,chili,dried ancho chiles,"dried ancho chiles, stemmed and seeded",COMPONENT,medium,dried ancho chiles,,1,each,false,"Stems and seeds are thrown away, so the prepared form is derived from the whole dried chile.",seeded|stemmed,false,
RESIDUE,contradiction_flagged,chili,dried chili flakes,dried red chili flakes,SUBSUMES,medium,,dried chili flakes,,,,'dried chili flakes' is unqualified on colour/type. Generic is the first name.,red,false,signature [red] received SUBSUMES + SYNONYM — chili flakes ~ red chili flakes => SUBSUMES; chili powder ~ red chili powder => SUBSUMES; dried chili flakes ~ dried red chili flakes => SUBSUMES; fresh red thai chilies ~ fresh thai chilies => SUBSUMES; kashmiri chili powder ~ kashmiri red chili powder => SYNONYM
RESIDUE,contradiction_flagged,chili,dried chili flakes,red chili flakes,SUBSUMES,medium,,dried chili flakes,,,,Bare dried chili flakes subsume red chili flakes. Generic is the first name.,dried|red,true,"SUBSUMES declares ""dried chili flakes"" generic over ""red chili flakes"", but the declared generic is not the less-qualified name — two specifics are DISTINCT, never SUBSUMES (D-WS9-202)"
RESIDUE,confidence_medium,chili,"dried guajillo chiles, stemmed and seeded",dried guajillo chili,COMPONENT,medium,dried guajillo chili,,1,each,false,You buy whole dried guajillos; stemming and seeding discards part of them.,seeded|stemmed,false,
RESIDUE,confidence_medium,chili,"dried guajillo chiles, stemmed and seeded","guajillo chiles, dried",COMPONENT,medium,"guajillo chiles, dried",,1,each,false,The purchase is whole dried guajillos; the prepped form discards stems and seeds.,seeded|stemmed,false,
RESIDUE,confidence_medium,chili,dried guajillo chiles,"dried guajillo chiles, stemmed and seeded",COMPONENT,medium,dried guajillo chiles,,1,each,false,"Stems and seeds are discarded, so the prepped chile is derived from the whole dried one.",seeded|stemmed,false,
RESIDUE,confidence_medium,chili,dried kashmiri red chilies,red chili,SUBSUMES,medium,,red chili,,,,'red chili' is the bare generic red chile pepper; dried Kashmiri is a specific kind. Generic is the second name.,dried|kashmiri,true,
RESIDUE,contradiction_flagged,chili,dried red chili flakes,red chili flakes,SYNONYM,high,,,,,,Chili flakes are dried; same jar.,dried,true,signature [dried] received SUBSUMES + SYNONYM — chili flakes ~ dried chili flakes => SYNONYM; dried red chili flakes ~ red chili flakes => SYNONYM; dried red chilies ~ red chili => SUBSUMES
RESIDUE,confidence_medium,chili,dried red chili peppers,red chili,SUBSUMES,medium,,red chili,,,,Bare 'red chili' leaves form unspecified; 'dried' fixes it. Generic is the second name.,dried|pepper,true,
RESIDUE,confidence_medium,chili,dried red chilies,dried whole red chilies,SYNONYM,medium,,,,,,Dried red chilies are sold whole; 'whole' merely restates the form.,whole,true,
RESIDUE,contradiction_flagged,chili,dried red chilies,red chili,SUBSUMES,medium,,red chili,,,,'red chili' is bare on form; 'dried' fixes it. Generic is the second name.,dried,true,signature [dried] received SUBSUMES + SYNONYM — chili flakes ~ dried chili flakes => SYNONYM; dried red chili flakes ~ red chili flakes => SYNONYM; dried red chilies ~ red chili => SUBSUMES
RESIDUE,confidence_medium,chili,dried red sichuan chilies,red chili,SUBSUMES,medium,,red chili,,,,Bare 'red chili' subsumes dried Sichuan red chiles. Generic is the second name.,dried|sichuan,true,
RESIDUE,confidence_medium,chili,dried whole red chilies,red chili,SUBSUMES,medium,,red chili,,,,Bare 'red chili' subsumes whole dried red chiles. Generic is the second name.,dried|whole,true,
RESIDUE,confidence_medium,chili,fresh red chili,fresh red thai chilies,SUBSUMES,medium,,fresh red chili,,,,Thai is a specific variety of fresh red chile. Generic is the first name.,thai,false,
RESIDUE,contradiction_flagged,chili,fresh red chili,red chili,SUBSUMES,medium,,red chili,,,,Bare 'red chili' leaves fresh/dried open; 'fresh' fixes it. Generic is the second name.,fresh,true,signature [fresh] received SUBSUMES + SYNONYM — fresh red chili ~ red chili => SUBSUMES; fresh red thai chilies ~ red thai chili => SYNONYM; fresh serrano chile ~ serrano chile => SUBSUMES; fresh serrano chili ~ serrano chili => SUBSUMES; fresh thai bird's eye chiles ~ thai bird's eye chilies => SUBSUMES; fresh thai bird's eye chilies ~ thai bird's eye chilies => SUBSUMES
RESIDUE,contradiction_flagged,chili,fresh red thai chilies,fresh thai chilies,SUBSUMES,medium,,fresh thai chilies,,,,'fresh thai chilies' is unspecified on colour; the first fixes red. Generic is the second name.,red,false,signature [red] received SUBSUMES + SYNONYM — chili flakes ~ red chili flakes => SUBSUMES; chili powder ~ red chili powder => SUBSUMES; dried chili flakes ~ dried red chili flakes => SUBSUMES; fresh red thai chilies ~ fresh thai chilies => SUBSUMES; kashmiri chili powder ~ kashmiri red chili powder => SYNONYM
RESIDUE,confidence_medium,chili,fresh red thai chilies,red chili,SUBSUMES,medium,,red chili,,,,Bare 'red chili' subsumes fresh red Thai chiles. Generic is the second name.,fresh|thai,true,
RESIDUE,contradiction_flagged,chili,fresh red thai chilies,red thai chili,SYNONYM,high,,,,,,Red Thai chiles are sold fresh; same purchase.,fresh,true,signature [fresh] received SUBSUMES + SYNONYM — fresh red chili ~ red chili => SUBSUMES; fresh red thai chilies ~ red thai chili => SYNONYM; fresh serrano chile ~ serrano chile => SUBSUMES; fresh serrano chili ~ serrano chili => SUBSUMES; fresh thai bird's eye chiles ~ thai bird's eye chilies => SUBSUMES; fresh thai bird's eye chilies ~ thai bird's eye chilies => SUBSUMES
RESIDUE,confidence_medium,chili,fresh serrano chile,green serrano chile,SYNONYM,medium,,,,,,Serranos are sold fresh and green; either name buys the identical peppers.,fresh|green,true,
RESIDUE,contradiction_flagged,chili,fresh serrano chile,serrano chile,SUBSUMES,medium,,serrano chile,,,,'serrano chile' is bare; 'fresh' fixes the form. Generic is the second name.,fresh,true,signature [fresh] received SUBSUMES + SYNONYM — fresh red chili ~ red chili => SUBSUMES; fresh red thai chilies ~ red thai chili => SYNONYM; fresh serrano chile ~ serrano chile => SUBSUMES; fresh serrano chili ~ serrano chili => SUBSUMES; fresh thai bird's eye chiles ~ thai bird's eye chilies => SUBSUMES; fresh thai bird's eye chilies ~ thai bird's eye chilies => SUBSUMES
RESIDUE,contradiction_flagged,chili,fresh serrano chili,serrano chili,SUBSUMES,medium,,serrano chili,,,,Bare 'serrano chili' subsumes the fresh-specified name. Generic is the second name.,fresh,true,signature [fresh] received SUBSUMES + SYNONYM — fresh red chili ~ red chili => SUBSUMES; fresh red thai chilies ~ red thai chili => SYNONYM; fresh serrano chile ~ serrano chile => SUBSUMES; fresh serrano chili ~ serrano chili => SUBSUMES; fresh thai bird's eye chiles ~ thai bird's eye chilies => SUBSUMES; fresh thai bird's eye chilies ~ thai bird's eye chilies => SUBSUMES
RESIDUE,confidence_medium,chili,fresh thai bird's eye chiles,fresh thai chilies,SUBSUMES,medium,,fresh thai chilies,,,,Bird's eye is a specific Thai chile; 'fresh thai chilies' is broader. Generic is the second name.,bird|eye|s,false,
RESIDUE,contradiction_flagged,chili,fresh thai bird's eye chiles,thai bird's eye chilies,SUBSUMES,medium,,thai bird's eye chilies,,,,Bare 'thai bird's eye chilies' leaves fresh/dried open. Generic is the second name.,fresh,true,signature [fresh] received SUBSUMES + SYNONYM — fresh red chili ~ red chili => SUBSUMES; fresh red thai chilies ~ red thai chili => SYNONYM; fresh serrano chile ~ serrano chile => SUBSUMES; fresh serrano chili ~ serrano chili => SUBSUMES; fresh thai bird's eye chiles ~ thai bird's eye chilies => SUBSUMES; fresh thai bird's eye chilies ~ thai bird's eye chilies => SUBSUMES
RESIDUE,confidence_medium,chili,fresh thai bird's eye chilies,fresh thai chilies,SUBSUMES,medium,,fresh thai chilies,,,,Bird's eye is a specific Thai chile variety. Generic is the second name.,bird|eye|s,false,
RESIDUE,contradiction_flagged,chili,fresh thai bird's eye chilies,thai bird's eye chilies,SUBSUMES,medium,,thai bird's eye chilies,,,,Bare name leaves fresh/dried unspecified. Generic is the second name.,fresh,true,signature [fresh] received SUBSUMES + SYNONYM — fresh red chili ~ red chili => SUBSUMES; fresh red thai chilies ~ red thai chili => SYNONYM; fresh serrano chile ~ serrano chile => SUBSUMES; fresh serrano chili ~ serrano chili => SUBSUMES; fresh thai bird's eye chiles ~ thai bird's eye chilies => SUBSUMES; fresh thai bird's eye chilies ~ thai bird's eye chilies => SUBSUMES
RESIDUE,contradiction_flagged,chili,fresh thai chilies,red thai chili,SUBSUMES,medium,,fresh thai chilies,,,,'fresh thai chilies' is unspecified on colour; red Thai chile is specific. Generic is the first name.,fresh|red,true,"SUBSUMES declares ""fresh thai chilies"" generic over ""red thai chili"", but the declared generic is not the less-qualified name — two specifics are DISTINCT, never SUBSUMES (D-WS9-202)"
RESIDUE,confidence_medium,chili,green chili,hatch green chiles,SUBSUMES,medium,,green chili,,,,Hatch is a specific variety of green chile. Generic is the first name.,hatch,false,
RESIDUE,contradiction_flagged,chili,green chili,roasted diced green chiles,DISTINCT,medium,,,,,,Fresh green chile pepper versus a canned roasted diced product: a second purchase.,diced|roasted,true,signature [diced|roasted] received DISTINCT + SUBSUMES — canned green chiles ~ canned roasted diced green chiles => SUBSUMES; diced roasted green chiles ~ green chili => DISTINCT; green chili ~ roasted diced green chiles => DISTINCT
RESIDUE,confidence_low,chili,green chili,roasted hatch green chiles,SUBSUMES,low,,green chili,,,,Roasted Hatch chiles are a specific green chile; the bare generic is satisfied by them. Generic is the first name.,hatch|roasted,true,
RESIDUE,confidence_medium,chili,green chili,spiced & diced green chiles,DISTINCT,medium,,,,,,Fresh green chile pepper versus a canned spiced diced product.,diced|spiced,false,
RESIDUE,confidence_medium,chili,green serrano chile,serrano chile,SUBSUMES,medium,,serrano chile,,,,Bare 'serrano chile' subsumes the green-specified name. Generic is the second name.,green,false,
RESIDUE,confidence_medium,chili,hatch green chiles,roasted hatch green chiles,SUBSUMES,medium,,hatch green chiles,,,,Bare Hatch green chiles are unspecified on roasting; the second fixes it. Generic is the first name.,roasted,true,
RESIDUE,contradiction_flagged,chili,kashmiri chili powder,kashmiri red chili powder,SYNONYM,high,,,,,,Kashmiri chili powder is red by definition; same tin.,red,false,signature [red] received SUBSUMES + SYNONYM — chili flakes ~ red chili flakes => SUBSUMES; chili powder ~ red chili powder => SUBSUMES; dried chili flakes ~ dried red chili flakes => SUBSUMES; fresh red thai chilies ~ fresh thai chilies => SUBSUMES; kashmiri chili powder ~ kashmiri red chili powder => SYNONYM
RESIDUE,confidence_medium,chili,kashmiri red chili powder,red chili powder,SUBSUMES,medium,,red chili powder,,,,'red chili powder' is the broader name; Kashmiri is a specific kind. Generic is the second name.,kashmiri,false,
RESIDUE,confidence_medium,chili,mild chili powder,red chili powder,DISTINCT,medium,,,,,,"'mild' fixes heat, 'red' fixes type; different axes, neither contains the other.",mild|red,false,
RESIDUE,confidence_medium,chili,pinch of kashmiri red chili powder,red chili powder,SUBSUMES,medium,,red chili powder,,,,Kashmiri red chili powder is a specific red chili powder. Generic is the second name.,kashmiri|pinch,false,
RESIDUE,confidence_medium,chili,red chili,red fresno chiles,SUBSUMES,medium,,red chili,,,,Fresno is a specific variety of red chile. Generic is the first name.,fresno,false,
RESIDUE,confidence_medium,chili,red chili,red fresno chili,SUBSUMES,medium,,red chili,,,,Fresno is a specific variety of red chile. Generic is the first name.,fresno,false,
RESIDUE,confidence_medium,chili,red chili,red thai chili,SUBSUMES,medium,,red chili,,,,Thai chile is a specific variety of red chile. Generic is the first name.,thai,false,
RESIDUE,confidence_medium,chili,store-bought sweet chili sauce,sweet chili sauce,SYNONYM,medium,,,,,,'store-bought' just names the bottled product; same purchase.,bought|store,false,
RESIDUE,confidence_medium,chili,sweet chili dipping sauce,sweet chili sauce,SYNONYM,medium,,,,,,Sweet chili dipping sauce is the same bottled sweet chili sauce.,dipping,false,
RESIDUE,confidence_medium,chunk pineapple,canned pineapple chunks in juice,pineapple chunks,SUBSUMES,medium,,pineapple chunks,,,,"""pineapple chunks"" is the bare, unqualified name (could be fresh or canned, any packing liquid); ""canned pineapple chunks in juice"" fixes both form and packing medium. The generic is the second name, and a shopper needing chunks packed in juice is not satisfied by just any pineapple chunks.",canned|juice,true,
RESIDUE,confidence_medium,chunk pineapple,canned pineapple chunks,pineapple chunks,SUBSUMES,medium,,pineapple chunks,,,,"""pineapple chunks"" is unqualified as to form (fresh-cut or canned); ""canned"" fixes that axis. The bare generic is the second name, so a demand for pineapple chunks is met by a can, but someone needing a can is not served by fresh fruit.",canned,true,
RESIDUE,contradiction_flagged,citrus,fresh kaffir lime leaves,kaffir lime leaves,SUBSUMES,medium,,kaffir lime leaves,,,,Bare 'kaffir lime leaves' is unspecified on the fresh/dried-frozen axis; 'fresh' fixes it. The second name is the generic.,fresh,true,"signature [fresh] received SUBSUMES + SYNONYM — fresh kaffir lime leaves ~ kaffir lime leaves => SUBSUMES; fresh lemon juice ~ lemon juice => SUBSUMES; fresh lemon ~ lemon => SYNONYM; fresh lime juice ~ lime juice => SUBSUMES; fresh lime ~ lime => SYNONYM; fresh orange juice ~ orange juice => SUBSUMES; lime juice ~ lime juice, fresh => SUBSUMES"
RESIDUE,contradiction_flagged,citrus,fresh lemon juice,lemon juice,SUBSUMES,medium,,lemon juice,,,,Bare 'lemon juice' leaves fresh-vs-bottled open; 'fresh lemon juice' fixes it. The second name is the generic.,fresh,true,"signature [fresh] received SUBSUMES + SYNONYM — fresh kaffir lime leaves ~ kaffir lime leaves => SUBSUMES; fresh lemon juice ~ lemon juice => SUBSUMES; fresh lemon ~ lemon => SYNONYM; fresh lime juice ~ lime juice => SUBSUMES; fresh lime ~ lime => SYNONYM; fresh orange juice ~ orange juice => SUBSUMES; lime juice ~ lime juice, fresh => SUBSUMES"
RESIDUE,contradiction_flagged,citrus,fresh lemon,lemon,SYNONYM,high,,,,,,Lemons are sold fresh; 'fresh' adds nothing to the purchase.,fresh,true,"signature [fresh] received SUBSUMES + SYNONYM — fresh kaffir lime leaves ~ kaffir lime leaves => SUBSUMES; fresh lemon juice ~ lemon juice => SUBSUMES; fresh lemon ~ lemon => SYNONYM; fresh lime juice ~ lime juice => SUBSUMES; fresh lime ~ lime => SYNONYM; fresh orange juice ~ orange juice => SUBSUMES; lime juice ~ lime juice, fresh => SUBSUMES"
RESIDUE,contradiction_flagged,citrus,fresh lime juice,lime juice,SUBSUMES,medium,,lime juice,,,,Bare 'lime juice' is unspecified on fresh-vs-bottled; the second name is the generic.,fresh,true,"signature [fresh] received SUBSUMES + SYNONYM — fresh kaffir lime leaves ~ kaffir lime leaves => SUBSUMES; fresh lemon juice ~ lemon juice => SUBSUMES; fresh lemon ~ lemon => SYNONYM; fresh lime juice ~ lime juice => SUBSUMES; fresh lime ~ lime => SYNONYM; fresh orange juice ~ orange juice => SUBSUMES; lime juice ~ lime juice, fresh => SUBSUMES"
RESIDUE,contradiction_flagged,citrus,fresh lime,lime,SYNONYM,high,,,,,,Limes are sold fresh; the qualifier adds nothing.,fresh,true,"signature [fresh] received SUBSUMES + SYNONYM — fresh kaffir lime leaves ~ kaffir lime leaves => SUBSUMES; fresh lemon juice ~ lemon juice => SUBSUMES; fresh lemon ~ lemon => SYNONYM; fresh lime juice ~ lime juice => SUBSUMES; fresh lime ~ lime => SYNONYM; fresh orange juice ~ orange juice => SUBSUMES; lime juice ~ lime juice, fresh => SUBSUMES"
RESIDUE,contradiction_flagged,citrus,fresh orange juice,orange juice,SUBSUMES,medium,,orange juice,,,,Bare 'orange juice' leaves fresh-vs-carton open; the second name is the generic.,fresh,true,"signature [fresh] received SUBSUMES + SYNONYM — fresh kaffir lime leaves ~ kaffir lime leaves => SUBSUMES; fresh lemon juice ~ lemon juice => SUBSUMES; fresh lemon ~ lemon => SYNONYM; fresh lime juice ~ lime juice => SUBSUMES; fresh lime ~ lime => SYNONYM; fresh orange juice ~ orange juice => SUBSUMES; lime juice ~ lime juice, fresh => SUBSUMES"
RESIDUE,confidence_medium,citrus,lemon juice,"lemon juice, freshly squeezed",SUBSUMES,medium,,lemon juice,,,,'Lemon juice' is the bare generic; 'freshly squeezed' fixes the fresh-vs-bottled axis.,freshly|squeezed,false,
RESIDUE,contradiction_flagged,citrus,lime juice,"lime juice, fresh",SUBSUMES,medium,,lime juice,,,,Bare 'lime juice' is the generic; 'fresh' fixes the fresh-vs-bottled axis.,fresh,true,"signature [fresh] received SUBSUMES + SYNONYM — fresh kaffir lime leaves ~ kaffir lime leaves => SUBSUMES; fresh lemon juice ~ lemon juice => SUBSUMES; fresh lemon ~ lemon => SYNONYM; fresh lime juice ~ lime juice => SUBSUMES; fresh lime ~ lime => SYNONYM; fresh orange juice ~ orange juice => SUBSUMES; lime juice ~ lime juice, fresh => SUBSUMES"
RESIDUE,confidence_medium,citrus,lime juice,"lime juice, freshly squeezed",SUBSUMES,medium,,lime juice,,,,Bare 'lime juice' is the generic; 'freshly squeezed' is the specific.,freshly|squeezed,false,
RESIDUE,confidence_medium,citrus,orange juice,"orange juice, freshly squeezed",SUBSUMES,medium,,orange juice,,,,Bare 'orange juice' is the generic; 'freshly squeezed' is the specific.,freshly|squeezed,false,
RESIDUE,contradiction_flagged,clove,cloves,ground cloves,DISTINCT,medium,,,,,,"Directly analogous to black peppercorns ~ ground black pepper: whole clove buds and pre-ground clove powder are two different jars, and you would have to grind to convert.",ground,true,"same base, prep difference, received DISTINCT + SYNONYM — cloves ~ ground cloves [ground] => DISTINCT; cloves ~ whole cloves [whole] => SYNONYM"
RESIDUE,contradiction_flagged,clove,cloves,whole cloves,SYNONYM,medium,,,,,,"""Cloves"" in the spice sense already denotes the whole dried buds; ""whole cloves"" just states it explicitly — same jar off the shelf, like black peppercorns ~ whole black peppercorns.",whole,true,"same base, prep difference, received DISTINCT + SYNONYM — cloves ~ ground cloves [ground] => DISTINCT; cloves ~ whole cloves [whole] => SYNONYM"
RESIDUE,confidence_medium,cob corn,corn on the cob,fresh corn on the cob,SUBSUMES,medium,,corn on the cob,,,,"""corn on the cob"" is bare and unspecified on the preservation axis (could be fresh, frozen, or vacuum-packed cobs), while ""fresh corn on the cob"" fixes that axis. A shopper needing the generic is satisfied by fresh cobs; a shopper needing fresh is not satisfied by frozen cobs. Directed generic is the first name.",fresh,true,
RESIDUE,confidence_medium,coconut,sweetened shredded coconut,toasted shredded coconut,DISTINCT,medium,,,,,,"Both names carry a qualifier on independent axes: 'sweetened' fixes the sugar treatment of the product bought, while 'toasted' fixes a heat treatment (analogous to ground vs whole peppercorns — extra work/product state, not a shared purchase). Neither is a bare generic, and a shopper needing toasted coconut is not automatically served by a bag of sweetened flakes (and vice versa, since toasted is commonly unsweetened).",sweetened|toasted,true,
RESIDUE,confidence_medium,cold water,cold sparkling water,cold water,DISTINCT,medium,,,,,,"Sparkling (carbonated) water is a separate bottled product, not something a shopper holding plain cold tap water already has; and someone needing plain cold water is not served by fizzy water in most recipes. Two purchases, two products.",sparkling,false,
RESIDUE,confidence_medium,cold water,cold water,ice-cold water,SYNONYM,medium,,,,,,Both name the same thing off the shelf/tap — water; 'ice-cold' is only a temperature/preparation qualifier that transforms rather than requires a different product. Nothing extra is bought and nothing is discarded.,ice,false,
RESIDUE,confidence_medium,coleslaw mix,coleslaw mix,shredded coleslaw mix,SYNONYM,medium,,,,,,"Bagged coleslaw mix is by definition pre-shredded cabbage and carrot; the word 'shredded' is redundant rather than a distinguishing form, so either name buys the same bag off the same shelf. (Unlike mozzarella, there is no unshredded 'coleslaw mix' product to confuse it with.)",shredded,true,
RESIDUE,confidence_medium,cooking spray,cooking spray,neutral cooking spray,SUBSUMES,medium,,cooking spray,,,,"""cooking spray"" is the bare, unqualified generic; ""neutral cooking spray"" fixes the flavour/oil-type axis (canola, grapeseed, plain vegetable rather than olive oil or butter-flavoured). A shopper needing generic cooking spray is satisfied by a neutral one; a shopper needing neutral is not satisfied by, say, butter-flavoured or olive oil spray. First name is the generic.",neutral,false,
RESIDUE,confidence_medium,corn,fresh corn,sweet corn,DISTINCT,medium,,,,,,"Qualifiers sit on different axes: ""fresh"" fixes state and leaves variety open, ""sweet"" fixes variety and leaves state open (sweet corn may be canned or frozen). Neither covers the other.",fresh|sweet,true,
RESIDUE,confidence_medium,corn ear,corn ears,"ears of corn, husked",COMPONENT,medium,corn ears,,1,each,false,"Husking discards the husk and silk, so part of what you buy goes in the bin; you buy whole ears and each one yields one husked ear.",husked,false,
RESIDUE,confidence_medium,corn ear,corn ears,fresh corn ears,SUBSUMES,medium,,corn ears,,,,"""corn ears"" is unqualified; ""fresh"" fixes the form axis (vs. frozen/precooked ears), so the bare generic subsumes it.",fresh,true,
RESIDUE,confidence_medium,corn ear,ear of corn,"ears of corn, husked",COMPONENT,medium,ear of corn,,1,each,false,"Same relationship as pair 2: whole ear purchased, husk discarded, one ear yields one husked ear.",husked,false,
RESIDUE,confidence_medium,corn ear,ear of corn,fresh corn ears,SUBSUMES,medium,,ear of corn,,,,"Bare ""ear of corn"" is unspecified; ""fresh"" qualifies the form axis, so the first is the generic.",fresh,true,
RESIDUE,confidence_medium,corn ear,ears of corn,"ears of corn, husked",COMPONENT,medium,ears of corn,,1,each,false,Husking removes the husk from the purchase; one bought ear yields one husked ear.,husked,false,
RESIDUE,confidence_medium,corn ear,ears of corn,fresh corn ears,SUBSUMES,medium,,ears of corn,,,,"Unqualified ""ears of corn"" covers fresh ears; a shopper needing fresh is not satisfied by any ear.",fresh,true,
RESIDUE,confidence_medium,corn kernel,fresh corn kernels,sweet corn kernels,DISTINCT,medium,,,,,,"""fresh"" fixes form, ""sweet"" fixes variety — independent axes, so neither name contains the other.",fresh|sweet,true,
RESIDUE,confidence_medium,corn kernel,frozen corn kernels,sweet corn kernels,DISTINCT,medium,,,,,,"""frozen"" fixes form while ""sweet"" fixes variety; qualifiers on different axes, so neither subsumes the other.",frozen|sweet,true,
RESIDUE,confidence_medium,couscou,couscous,pearl couscous,SUBSUMES,medium,,couscous,,,,"""couscous"" is the bare, unqualified generic; ""pearl couscous"" (Israeli couscous) names a specific large-grain type of it. A shopper needing generic couscous is served by pearl couscous, but someone who needs pearl couscous is not satisfied by ordinary fine-grain couscous, so the relation runs one way only with the first name as the generic.",pearl,false,
RESIDUE,confidence_medium,creole mustard,creole mustard,whole-grain creole mustard,SUBSUMES,medium,,creole mustard,,,,"""Creole mustard"" is the bare, unqualified name and is satisfied by any jar, including a whole-grain one; ""whole-grain creole mustard"" fixes the grind/texture axis, so a shopper needing it is not satisfied by just any creole mustard (some are smooth). Directed generic-to-specific, first name generic.",grain|whole,true,
RESIDUE,confidence_medium,crouton,croutons,store-bought croutons,SUBSUMES,medium,,croutons,,,,"""croutons"" is unqualified; ""store-bought croutons"" fixes the sourcing axis (packaged rather than homemade). Generic demand is met by the store-bought bag, not vice versa.",bought|store,false,
RESIDUE,confidence_medium,crouton,plain croutons,store-bought croutons,DISTINCT,medium,,,,,,"Both names carry qualifiers on different axes — ""plain"" fixes seasoning and leaves sourcing open, ""store-bought"" fixes sourcing and leaves seasoning open. Neither covers the other.",bought|plain|store,false,
RESIDUE,confidence_medium,crust dough pie refrigerated,refrigerated double-crust pie dough,refrigerated pie crust dough,SUBSUMES,medium,,refrigerated pie crust dough,,,,"""refrigerated pie crust dough"" is the bare generic product; ""double-crust"" specifies the package size/quantity (two crusts, enough for a top and bottom). Anyone needing generic refrigerated pie dough is satisfied by the double-crust box, but someone needing a double crust is not satisfied by a single-crust package. The second name is the generic one.",double,false,
RESIDUE,confidence_medium,cumin,cumin,cumin powder,SUBSUMES,medium,,cumin,,,,"""cumin"" is bare and unspecified on the form axis (whole seed vs powder); ""cumin powder"" fixes that axis. A demand for cumin is met by cumin powder, not vice versa.",powder,true,
RESIDUE,confidence_medium,cumin,cumin,cumin seeds,SUBSUMES,medium,,cumin,,,,"Bare ""cumin"" leaves form open; ""cumin seeds"" specifies whole-seed form. Generic is the first name.",seed,false,
RESIDUE,confidence_medium,cumin,cumin,"cumin, ground",SUBSUMES,medium,,cumin,,,,"Bare ""cumin"" is unqualified on form; ""cumin, ground"" fixes it to powder. Generic is the first name.",ground,true,
RESIDUE,confidence_medium,cumin,cumin,ground cumin,SUBSUMES,medium,,cumin,,,,"Same as ""cumin ~ cumin, ground"": the bare generic is satisfied by the ground form, not the reverse.",ground,true,
RESIDUE,confidence_medium,cumin,cumin,whole cumin seeds,SUBSUMES,medium,,cumin,,,,"Bare ""cumin"" covers any form; ""whole cumin seeds"" pins the form axis to unground seed. Generic is the first name.",seed|whole,true,
RESIDUE,confidence_medium,curry paste,red curry paste,thai red curry paste,SYNONYM,medium,,,,,,Red curry paste in a recipe catalog is Thai red curry paste; the jar on the shelf is the same product whether or not 'thai' is stated. A shopper handed either name buys the identical tub.,thai,false,
RESIDUE,confidence_medium,dairy_milk,bread and butter pickles,bread-and-butter pickle chips,SYNONYM,medium,,,,,,Bread-and-butter pickles are conventionally sold as sliced chips; 'chips' names the standard cut of the same jar.,chip,false,
RESIDUE,confidence_medium,dairy_milk,butter lettuce,butter lettuce leaves,COMPONENT,medium,butter lettuce,,12,each,false,"You buy a head of butter lettuce; separating leaves discards the core/root, so part of the purchase is waste.",leaf,false,
RESIDUE,confidence_medium,dairy_milk,butter,vegan butter,DISTINCT,medium,,,,,,"Vegan butter is a plant-fat substitute product, not a variety of dairy butter; a shopper needing one must buy the other.",vegan,false,
RESIDUE,confidence_medium,dairy_milk,condensed cream of chicken soup,cream of chicken soup,SYNONYM,medium,,,,,,In recipe usage 'cream of chicken soup' means the condensed can; same product under two names.,condensed,false,
RESIDUE,confidence_medium,dairy_milk,condensed cream of mushroom soup,cream of mushroom soup,SYNONYM,medium,,,,,,In recipe usage 'cream of mushroom soup' means the condensed can; same product under two names.,condensed,false,
RESIDUE,confidence_medium,dairy_milk,full-fat greek yogurt,plain full-fat greek yogurt,SUBSUMES,medium,,full-fat greek yogurt,,,,"Both fix fat and style; the second adds 'plain' on the flavour axis, making it strictly more specific. First is generic.",plain,false,
RESIDUE,confidence_medium,dairy_milk,full-fat greek yogurt,plain greek yogurt,DISTINCT,medium,,,,,,"'Full-fat' fixes the fat axis leaving flavour open; 'plain' fixes flavour leaving fat open. Different axes, neither contains the other.",fat|full|plain,false,
RESIDUE,confidence_medium,dairy_milk,full-fat plain yogurt,plain full-fat greek yogurt,SUBSUMES,medium,,full-fat plain yogurt,,,,Second adds the 'greek' style qualifier to the same plain/full-fat yogurt; first is the broader name.,greek,false,
RESIDUE,confidence_medium,dairy_milk,plain whole-milk greek yogurt,plain whole-milk yogurt,SUBSUMES,medium,,plain whole-milk yogurt,,,,Second omits the 'greek' style qualifier and so is the broader yogurt.,greek,false,
RESIDUE,confidence_medium,dairy_milk,plain whole-milk greek yogurt,whole milk plain yogurt,SUBSUMES,medium,,whole milk plain yogurt,,,,"Second is plain whole-milk yogurt without the 'greek' qualifier, hence broader.",greek,false,
RESIDUE,confidence_medium,dairy_milk,plain whole-milk greek yogurt,whole milk yogurt,SUBSUMES,medium,,whole milk yogurt,,,,"Second omits both 'plain' and 'greek', making it the broader whole-milk yogurt.",greek|plain,false,
RESIDUE,confidence_medium,dairy_milk,plain whole-milk greek yogurt,whole-milk plain yogurt,SUBSUMES,medium,,whole-milk plain yogurt,,,,"Second is the same plain whole-milk yogurt without the 'greek' style qualifier, hence broader.",greek,false,
RESIDUE,confidence_medium,dairy_milk,whole milk yogurt,whole-milk greek yogurt,SUBSUMES,medium,,whole milk yogurt,,,,First is whole-milk yogurt unspecified as to style; second fixes the greek style.,greek,false,
RESIDUE,confidence_medium,dijon mustard,dijon mustard,whole-grain dijon mustard,SUBSUMES,medium,,dijon mustard,,,,"""dijon mustard"" is the bare, unqualified name; ""whole-grain dijon mustard"" adds a grind/texture qualifier, making it a specific kind of dijon. A demand for plain dijon is met by the whole-grain jar, but a recipe specifically wanting whole-grain is not satisfied by smooth dijon, so the relation runs one way with the first name as the generic.",grain|whole,true,
RESIDUE,confidence_medium,dough pizza,store-bought pizza dough,store-bought thin-crust pizza dough,SUBSUMES,medium,,store-bought pizza dough,,,,"Nested on the same axes: both are store-bought, and the second merely adds the crust-style qualifier that the first leaves open. A shopper needing store-bought pizza dough is satisfied by the store-bought thin-crust one; someone needing thin-crust is not satisfied by any store-bought dough. Wrinkle: both names carry a qualifier, but the qualifier sets are nested rather than on conflicting axes.",crust|thin,false,
RESIDUE,confidence_medium,edamame,cooked edamame,edamame,SUBSUMES,medium,,edamame,,,,"""edamame"" is the bare, unqualified catalog name; ""cooked edamame"" fixes the preparation/state axis. A demand for plain edamame is satisfied by cooked edamame, but someone needing cooked edamame is not satisfied by any raw edamame without further work, so the relation runs one way with the second name as the specific.",cooked,true,
RESIDUE,confidence_medium,edamame,cooked edamame,shelled edamame,DISTINCT,medium,,,,,,"Both names are qualified, and on different axes: ""cooked"" fixes state and leaves pod-vs-shelled open, while ""shelled"" fixes form and leaves cooked-vs-raw open. Neither contains the other, so neither subsumes.",cooked|shelled,true,
RESIDUE,confidence_medium,edamame,cooked edamame,shelled frozen edamame,DISTINCT,medium,,,,,,"""cooked"" fixes the state axis only; ""shelled frozen"" fixes form and storage. Different axes, both qualified — a shopper holding one who needs the other must buy or prepare something else.",cooked|frozen|shelled,true,
RESIDUE,confidence_medium,edamame,shelled edamame,shelled frozen edamame,SUBSUMES,medium,,shelled edamame,,,,"""shelled edamame"" is unspecified on the fresh/frozen axis, and shelled frozen edamame is a strict subset of it — a shopper needing shelled edamame is satisfied by the frozen bag, while one needing frozen specifically is not satisfied by fresh shelled beans. The broader name is first.",frozen,true,
RESIDUE,confidence_medium,egg,egg,hard-boiled eggs,SYNONYM,medium,,,,,,"Hard-boiled is a preparation of the same purchased eggs; nothing edible is discarded, only the shell, so one trip to the shelf covers it.",boiled|hard,false,
RESIDUE,confidence_medium,egg,egg,large egg yolks,COMPONENT,medium,egg,,1,each,true,"Yolks are separated out of eggs bought whole; the size qualifier just pins the egg size, but the derivation relationship governs.",large|yolk,false,
RESIDUE,confidence_medium,enchilada sauce,canned mild red enchilada sauce,mild red enchilada sauce,SUBSUMES,medium,,mild red enchilada sauce,,,,Same product on colour and heat; 'canned' fixes the packaging axis while the second name leaves it open (could be jarred or homemade). The second is the broader name.,canned,true,
RESIDUE,contradiction_flagged,enchilada sauce,canned mild red enchilada sauce,red enchilada sauce,SUBSUMES,high,,red enchilada sauce,,,,"'Red enchilada sauce' is unqualified on both heat and packaging, so it subsumes the canned mild version; a shopper needing specifically mild canned sauce is not satisfied by just any red enchilada sauce.",canned|mild,true,signature [canned|mild] received DISTINCT + SUBSUMES — canned mild red enchilada sauce ~ red enchilada sauce => SUBSUMES; canned red enchilada sauce ~ mild red enchilada sauce => DISTINCT
RESIDUE,contradiction_flagged,enchilada sauce,canned red enchilada sauce,mild red enchilada sauce,DISTINCT,medium,,,,,,"'Canned' fixes the packaging axis and leaves heat open; 'mild' fixes the heat axis and leaves packaging open. Two qualifiers on different axes, so neither name contains the other.",canned|mild,true,signature [canned|mild] received DISTINCT + SUBSUMES — canned mild red enchilada sauce ~ red enchilada sauce => SUBSUMES; canned red enchilada sauce ~ mild red enchilada sauce => DISTINCT
RESIDUE,confidence_medium,enchilada sauce,canned red enchilada sauce,red enchilada sauce,SUBSUMES,medium,,red enchilada sauce,,,,Bare 'red enchilada sauce' is unspecified on packaging and is satisfied by the canned product; the canned qualifier is the more specific form.,canned,true,
RESIDUE,confidence_medium,flatbread,flatbread,flatbread dough,DISTINCT,medium,,,,,,"Raw flatbread dough and finished/baked flatbread are two different shelf products; a shopper holding pre-made flatbread cannot produce dough, and one holding dough must still bake it. Neither is a discarded/extracted part of the other, so a second purchase is required.",dough,false,
RESIDUE,confidence_medium,flatbread,flatbread,store-bought flatbread,SYNONYM,medium,,,,,,"""Store-bought"" only notes provenance rather than a different product; in a shopping catalog the flatbread you purchase IS store-bought flatbread, so either name buys the same package.",bought|store,false,
RESIDUE,confidence_medium,flour_starch,coarse yellow cornmeal,yellow cornmeal,SUBSUMES,medium,,yellow cornmeal,,,,"'Yellow cornmeal' leaves grind open and is satisfied by coarse yellow cornmeal, which is strictly narrower on the same axis.",coarse,false,
RESIDUE,confidence_medium,flour_starch,coarse-ground yellow cornmeal (polenta),yellow cornmeal,SUBSUMES,medium,,yellow cornmeal,,,,Yellow cornmeal unspecified on grind; the coarse-ground polenta grind is a narrower case of it.,coarse|ground|polenta,true,
RESIDUE,confidence_medium,flour_starch,coarse-ground yellow cornmeal,yellow cornmeal,SUBSUMES,medium,,yellow cornmeal,,,,'Yellow cornmeal' leaves grind open; coarse-ground yellow is a narrower case on that same axis.,coarse|ground,true,
RESIDUE,contradiction_flagged,flour_starch,cornmeal,fine yellow cornmeal,SUBSUMES,high,,cornmeal,,,,Bare 'cornmeal' is unspecified on every axis and is satisfied by fine yellow cornmeal.,fine|yellow,false,signature [fine|yellow] received DISTINCT + SUBSUMES — cornmeal ~ fine yellow cornmeal => SUBSUMES; fine cornmeal ~ yellow cornmeal => DISTINCT
RESIDUE,confidence_medium,flour_starch,fine cornmeal,fine yellow cornmeal,SUBSUMES,medium,,fine cornmeal,,,,'Fine cornmeal' leaves colour open; fine yellow cornmeal is strictly narrower.,yellow,false,
RESIDUE,contradiction_flagged,flour_starch,fine cornmeal,yellow cornmeal,DISTINCT,high,,,,,,"One fixes grind, the other fixes colour — different axes, neither covers the other.",fine|yellow,false,signature [fine|yellow] received DISTINCT + SUBSUMES — cornmeal ~ fine yellow cornmeal => SUBSUMES; fine cornmeal ~ yellow cornmeal => DISTINCT
RESIDUE,confidence_medium,flour_starch,fine yellow cornmeal,yellow cornmeal,SUBSUMES,medium,,yellow cornmeal,,,,'Yellow cornmeal' leaves grind open; fine yellow cornmeal is a narrower case of it.,fine,false,
RESIDUE,contradiction_flagged,flour_starch,flour tortillas (10-inch),large flour tortillas,SUBSUMES,medium,,large flour tortillas,,,,A 10-inch tortilla is a large tortilla; 'large' is the broader size term and is satisfied by it.,large,false,"signature [large] received DISTINCT + SUBSUMES + SYNONYM — flour tortillas (10-inch) ~ large flour tortillas => SUBSUMES; flour tortillas (10-inch) ~ large flour tortillas (10-inch) => SYNONYM; flour tortillas (10-inch) ~ large flour tortillas (12-inch) => DISTINCT; flour tortillas (8-inch) ~ large flour tortillas => DISTINCT; flour tortillas (8-inch) ~ large flour tortillas (10-inch) => DISTINCT; flour tortillas (8-inch) ~ large flour tortillas (12-inch) => DISTINCT; flour tortillas ~ large flour tortillas => SUBSUMES; flour tortillas ~ large flour tortillas (10-inch) => SUBSUMES; flour tortillas ~ large flour tortillas (12-inch) => SUBSUMES | same base, descriptor difference, received DISTINCT + SUBSUMES + SYNONYM — flour tortillas (10-inch) ~ large flour tortillas [large] => SUBSUMES; flour tortillas (10-inch) ~ large flour tortillas (10-inch) [large] => SYNONYM; flour tortillas (10-inch) ~ large flour tortillas (12-inch) [large] => DISTINCT; flour tortillas (10-inch) ~ small flour tortillas [small] => DISTINCT | SUBSUMES declares ""large flour tortillas"" generic over ""flour tortillas (10-inch)"", but the declared generic is not the less-qualified name — two specifics are DISTINCT, never SUBSUMES (D-WS9-202)"
RESIDUE,contradiction_flagged,flour_starch,flour tortillas (10-inch),large flour tortillas (10-inch),SYNONYM,medium,,,,,,Same 10-inch tortilla; 'large' merely restates the stated diameter.,large,false,"signature [large] received DISTINCT + SUBSUMES + SYNONYM — flour tortillas (10-inch) ~ large flour tortillas => SUBSUMES; flour tortillas (10-inch) ~ large flour tortillas (10-inch) => SYNONYM; flour tortillas (10-inch) ~ large flour tortillas (12-inch) => DISTINCT; flour tortillas (8-inch) ~ large flour tortillas => DISTINCT; flour tortillas (8-inch) ~ large flour tortillas (10-inch) => DISTINCT; flour tortillas (8-inch) ~ large flour tortillas (12-inch) => DISTINCT; flour tortillas ~ large flour tortillas => SUBSUMES; flour tortillas ~ large flour tortillas (10-inch) => SUBSUMES; flour tortillas ~ large flour tortillas (12-inch) => SUBSUMES | same base, descriptor difference, received DISTINCT + SUBSUMES + SYNONYM — flour tortillas (10-inch) ~ large flour tortillas [large] => SUBSUMES; flour tortillas (10-inch) ~ large flour tortillas (10-inch) [large] => SYNONYM; flour tortillas (10-inch) ~ large flour tortillas (12-inch) [large] => DISTINCT; flour tortillas (10-inch) ~ small flour tortillas [small] => DISTINCT"
RESIDUE,contradiction_flagged,flour_starch,flour tortillas (10-inch),large flour tortillas (12-inch),DISTINCT,high,,,,,,10-inch versus 12-inch are two different packages.,large,false,"signature [large] received DISTINCT + SUBSUMES + SYNONYM — flour tortillas (10-inch) ~ large flour tortillas => SUBSUMES; flour tortillas (10-inch) ~ large flour tortillas (10-inch) => SYNONYM; flour tortillas (10-inch) ~ large flour tortillas (12-inch) => DISTINCT; flour tortillas (8-inch) ~ large flour tortillas => DISTINCT; flour tortillas (8-inch) ~ large flour tortillas (10-inch) => DISTINCT; flour tortillas (8-inch) ~ large flour tortillas (12-inch) => DISTINCT; flour tortillas ~ large flour tortillas => SUBSUMES; flour tortillas ~ large flour tortillas (10-inch) => SUBSUMES; flour tortillas ~ large flour tortillas (12-inch) => SUBSUMES | same base, descriptor difference, received DISTINCT + SUBSUMES + SYNONYM — flour tortillas (10-inch) ~ large flour tortillas [large] => SUBSUMES; flour tortillas (10-inch) ~ large flour tortillas (10-inch) [large] => SYNONYM; flour tortillas (10-inch) ~ large flour tortillas (12-inch) [large] => DISTINCT; flour tortillas (10-inch) ~ small flour tortillas [small] => DISTINCT"
RESIDUE,contradiction_flagged,flour_starch,flour tortillas (10-inch),small flour tortillas,DISTINCT,high,,,,,,A 10-inch tortilla is not a small tortilla; separate purchase.,small,false,"signature [small] received DISTINCT + SUBSUMES — flour tortillas (10-inch) ~ small flour tortillas => DISTINCT; flour tortillas (8-inch) ~ small flour tortillas => SUBSUMES; flour tortillas ~ small flour tortillas => SUBSUMES | same base, descriptor difference, received DISTINCT + SUBSUMES + SYNONYM — flour tortillas (10-inch) ~ large flour tortillas [large] => SUBSUMES; flour tortillas (10-inch) ~ large flour tortillas (10-inch) [large] => SYNONYM; flour tortillas (10-inch) ~ large flour tortillas (12-inch) [large] => DISTINCT; flour tortillas (10-inch) ~ small flour tortillas [small] => DISTINCT"
RESIDUE,contradiction_flagged,flour_starch,flour tortillas (10-inch),store-bought flour tortillas,DISTINCT,medium,,,,,,"One fixes size, the other fixes sourcing (store-bought vs homemade) — different axes.",bought|store,false,signature [bought|store] received DISTINCT + SUBSUMES — flour tortillas (10-inch) ~ store-bought flour tortillas => DISTINCT; flour tortillas (10-inch) ~ store-bought flour tortillas (8-inch) => DISTINCT; flour tortillas (8-inch) ~ store-bought flour tortillas => DISTINCT; flour tortillas (8-inch) ~ store-bought flour tortillas (8-inch) => SUBSUMES; flour tortillas ~ store-bought flour tortillas => SUBSUMES; flour tortillas ~ store-bought flour tortillas (8-inch) => SUBSUMES
RESIDUE,contradiction_flagged,flour_starch,flour tortillas (10-inch),store-bought flour tortillas (8-inch),DISTINCT,high,,,,,,Different diameters (10-inch vs 8-inch).,bought|store,false,signature [bought|store] received DISTINCT + SUBSUMES — flour tortillas (10-inch) ~ store-bought flour tortillas => DISTINCT; flour tortillas (10-inch) ~ store-bought flour tortillas (8-inch) => DISTINCT; flour tortillas (8-inch) ~ store-bought flour tortillas => DISTINCT; flour tortillas (8-inch) ~ store-bought flour tortillas (8-inch) => SUBSUMES; flour tortillas ~ store-bought flour tortillas => SUBSUMES; flour tortillas ~ store-bought flour tortillas (8-inch) => SUBSUMES
RESIDUE,contradiction_flagged,flour_starch,flour tortillas (8-inch),large flour tortillas,DISTINCT,medium,,,,,,8-inch tortillas are not sold as large; a shopper needing large must buy another size.,large,false,"signature [large] received DISTINCT + SUBSUMES + SYNONYM — flour tortillas (10-inch) ~ large flour tortillas => SUBSUMES; flour tortillas (10-inch) ~ large flour tortillas (10-inch) => SYNONYM; flour tortillas (10-inch) ~ large flour tortillas (12-inch) => DISTINCT; flour tortillas (8-inch) ~ large flour tortillas => DISTINCT; flour tortillas (8-inch) ~ large flour tortillas (10-inch) => DISTINCT; flour tortillas (8-inch) ~ large flour tortillas (12-inch) => DISTINCT; flour tortillas ~ large flour tortillas => SUBSUMES; flour tortillas ~ large flour tortillas (10-inch) => SUBSUMES; flour tortillas ~ large flour tortillas (12-inch) => SUBSUMES | same base, descriptor difference, received DISTINCT + SUBSUMES — flour tortillas (8-inch) ~ large flour tortillas [large] => DISTINCT; flour tortillas (8-inch) ~ large flour tortillas (10-inch) [large] => DISTINCT; flour tortillas (8-inch) ~ large flour tortillas (12-inch) [large] => DISTINCT; flour tortillas (8-inch) ~ small flour tortillas [small] => SUBSUMES"
RESIDUE,contradiction_flagged,flour_starch,flour tortillas (8-inch),large flour tortillas (10-inch),DISTINCT,high,,,,,,8-inch versus 10-inch — two different sizes.,large,false,"signature [large] received DISTINCT + SUBSUMES + SYNONYM — flour tortillas (10-inch) ~ large flour tortillas => SUBSUMES; flour tortillas (10-inch) ~ large flour tortillas (10-inch) => SYNONYM; flour tortillas (10-inch) ~ large flour tortillas (12-inch) => DISTINCT; flour tortillas (8-inch) ~ large flour tortillas => DISTINCT; flour tortillas (8-inch) ~ large flour tortillas (10-inch) => DISTINCT; flour tortillas (8-inch) ~ large flour tortillas (12-inch) => DISTINCT; flour tortillas ~ large flour tortillas => SUBSUMES; flour tortillas ~ large flour tortillas (10-inch) => SUBSUMES; flour tortillas ~ large flour tortillas (12-inch) => SUBSUMES | same base, descriptor difference, received DISTINCT + SUBSUMES — flour tortillas (8-inch) ~ large flour tortillas [large] => DISTINCT; flour tortillas (8-inch) ~ large flour tortillas (10-inch) [large] => DISTINCT; flour tortillas (8-inch) ~ large flour tortillas (12-inch) [large] => DISTINCT; flour tortillas (8-inch) ~ small flour tortillas [small] => SUBSUMES"
RESIDUE,contradiction_flagged,flour_starch,flour tortillas (8-inch),large flour tortillas (12-inch),DISTINCT,high,,,,,,8-inch versus 12-inch — two different sizes.,large,false,"signature [large] received DISTINCT + SUBSUMES + SYNONYM — flour tortillas (10-inch) ~ large flour tortillas => SUBSUMES; flour tortillas (10-inch) ~ large flour tortillas (10-inch) => SYNONYM; flour tortillas (10-inch) ~ large flour tortillas (12-inch) => DISTINCT; flour tortillas (8-inch) ~ large flour tortillas => DISTINCT; flour tortillas (8-inch) ~ large flour tortillas (10-inch) => DISTINCT; flour tortillas (8-inch) ~ large flour tortillas (12-inch) => DISTINCT; flour tortillas ~ large flour tortillas => SUBSUMES; flour tortillas ~ large flour tortillas (10-inch) => SUBSUMES; flour tortillas ~ large flour tortillas (12-inch) => SUBSUMES | same base, descriptor difference, received DISTINCT + SUBSUMES — flour tortillas (8-inch) ~ large flour tortillas [large] => DISTINCT; flour tortillas (8-inch) ~ large flour tortillas (10-inch) [large] => DISTINCT; flour tortillas (8-inch) ~ large flour tortillas (12-inch) [large] => DISTINCT; flour tortillas (8-inch) ~ small flour tortillas [small] => SUBSUMES"
RESIDUE,contradiction_flagged,flour_starch,flour tortillas (8-inch),small flour tortillas,SUBSUMES,low,,small flour tortillas,,,,"8-inch tortillas are commonly the 'small' size, so 'small flour tortillas' is the broader term satisfied by them; borderline since 8-inch is sometimes called medium.",small,false,"signature [small] received DISTINCT + SUBSUMES — flour tortillas (10-inch) ~ small flour tortillas => DISTINCT; flour tortillas (8-inch) ~ small flour tortillas => SUBSUMES; flour tortillas ~ small flour tortillas => SUBSUMES | same base, descriptor difference, received DISTINCT + SUBSUMES — flour tortillas (8-inch) ~ large flour tortillas [large] => DISTINCT; flour tortillas (8-inch) ~ large flour tortillas (10-inch) [large] => DISTINCT; flour tortillas (8-inch) ~ large flour tortillas (12-inch) [large] => DISTINCT; flour tortillas (8-inch) ~ small flour tortillas [small] => SUBSUMES | SUBSUMES declares ""small flour tortillas"" generic over ""flour tortillas (8-inch)"", but the declared generic is not the less-qualified name — two specifics are DISTINCT, never SUBSUMES (D-WS9-202)"
RESIDUE,contradiction_flagged,flour_starch,flour tortillas (8-inch),store-bought flour tortillas,DISTINCT,medium,,,,,,Size axis versus sourcing axis — neither name covers the other.,bought|store,false,signature [bought|store] received DISTINCT + SUBSUMES — flour tortillas (10-inch) ~ store-bought flour tortillas => DISTINCT; flour tortillas (10-inch) ~ store-bought flour tortillas (8-inch) => DISTINCT; flour tortillas (8-inch) ~ store-bought flour tortillas => DISTINCT; flour tortillas (8-inch) ~ store-bought flour tortillas (8-inch) => SUBSUMES; flour tortillas ~ store-bought flour tortillas => SUBSUMES; flour tortillas ~ store-bought flour tortillas (8-inch) => SUBSUMES
RESIDUE,contradiction_flagged,flour_starch,flour tortillas (8-inch),store-bought flour tortillas (8-inch),SUBSUMES,medium,,flour tortillas (8-inch),,,,Same 8-inch size; the first leaves sourcing open and is satisfied by store-bought.,bought|store,false,signature [bought|store] received DISTINCT + SUBSUMES — flour tortillas (10-inch) ~ store-bought flour tortillas => DISTINCT; flour tortillas (10-inch) ~ store-bought flour tortillas (8-inch) => DISTINCT; flour tortillas (8-inch) ~ store-bought flour tortillas => DISTINCT; flour tortillas (8-inch) ~ store-bought flour tortillas (8-inch) => SUBSUMES; flour tortillas ~ store-bought flour tortillas => SUBSUMES; flour tortillas ~ store-bought flour tortillas (8-inch) => SUBSUMES
RESIDUE,contradiction_flagged,flour_starch,flour tortillas,flour tortillas (10-inch),SUBSUMES,high,,flour tortillas,,,,Bare 'flour tortillas' is the generic; '(10-inch)' fixes size.,(identical),false,"SUBSUMES declares ""flour tortillas"" generic over ""flour tortillas (10-inch)"", but the declared generic is not the less-qualified name — two specifics are DISTINCT, never SUBSUMES (D-WS9-202)"
RESIDUE,contradiction_flagged,flour_starch,flour tortillas,flour tortillas (8-inch),SUBSUMES,high,,flour tortillas,,,,Bare generic subsumes the 8-inch specific.,(identical),false,"SUBSUMES declares ""flour tortillas"" generic over ""flour tortillas (8-inch)"", but the declared generic is not the less-qualified name — two specifics are DISTINCT, never SUBSUMES (D-WS9-202)"
RESIDUE,contradiction_flagged,flour_starch,flour tortillas,large flour tortillas,SUBSUMES,high,,flour tortillas,,,,Bare generic subsumes the size-qualified 'large'.,large,false,signature [large] received DISTINCT + SUBSUMES + SYNONYM — flour tortillas (10-inch) ~ large flour tortillas => SUBSUMES; flour tortillas (10-inch) ~ large flour tortillas (10-inch) => SYNONYM; flour tortillas (10-inch) ~ large flour tortillas (12-inch) => DISTINCT; flour tortillas (8-inch) ~ large flour tortillas => DISTINCT; flour tortillas (8-inch) ~ large flour tortillas (10-inch) => DISTINCT; flour tortillas (8-inch) ~ large flour tortillas (12-inch) => DISTINCT; flour tortillas ~ large flour tortillas => SUBSUMES; flour tortillas ~ large flour tortillas (10-inch) => SUBSUMES; flour tortillas ~ large flour tortillas (12-inch) => SUBSUMES
RESIDUE,contradiction_flagged,flour_starch,flour tortillas,large flour tortillas (10-inch),SUBSUMES,high,,flour tortillas,,,,Bare generic subsumes large 10-inch tortillas.,large,false,signature [large] received DISTINCT + SUBSUMES + SYNONYM — flour tortillas (10-inch) ~ large flour tortillas => SUBSUMES; flour tortillas (10-inch) ~ large flour tortillas (10-inch) => SYNONYM; flour tortillas (10-inch) ~ large flour tortillas (12-inch) => DISTINCT; flour tortillas (8-inch) ~ large flour tortillas => DISTINCT; flour tortillas (8-inch) ~ large flour tortillas (10-inch) => DISTINCT; flour tortillas (8-inch) ~ large flour tortillas (12-inch) => DISTINCT; flour tortillas ~ large flour tortillas => SUBSUMES; flour tortillas ~ large flour tortillas (10-inch) => SUBSUMES; flour tortillas ~ large flour tortillas (12-inch) => SUBSUMES
RESIDUE,contradiction_flagged,flour_starch,flour tortillas,large flour tortillas (12-inch),SUBSUMES,high,,flour tortillas,,,,Bare generic subsumes large 12-inch tortillas.,large,false,signature [large] received DISTINCT + SUBSUMES + SYNONYM — flour tortillas (10-inch) ~ large flour tortillas => SUBSUMES; flour tortillas (10-inch) ~ large flour tortillas (10-inch) => SYNONYM; flour tortillas (10-inch) ~ large flour tortillas (12-inch) => DISTINCT; flour tortillas (8-inch) ~ large flour tortillas => DISTINCT; flour tortillas (8-inch) ~ large flour tortillas (10-inch) => DISTINCT; flour tortillas (8-inch) ~ large flour tortillas (12-inch) => DISTINCT; flour tortillas ~ large flour tortillas => SUBSUMES; flour tortillas ~ large flour tortillas (10-inch) => SUBSUMES; flour tortillas ~ large flour tortillas (12-inch) => SUBSUMES
RESIDUE,contradiction_flagged,flour_starch,flour tortillas,small flour tortillas,SUBSUMES,high,,flour tortillas,,,,Bare generic subsumes the 'small' specific.,small,false,signature [small] received DISTINCT + SUBSUMES — flour tortillas (10-inch) ~ small flour tortillas => DISTINCT; flour tortillas (8-inch) ~ small flour tortillas => SUBSUMES; flour tortillas ~ small flour tortillas => SUBSUMES
RESIDUE,contradiction_flagged,flour_starch,flour tortillas,store-bought flour tortillas,SUBSUMES,high,,flour tortillas,,,,Bare generic subsumes the store-bought specific.,bought|store,false,signature [bought|store] received DISTINCT + SUBSUMES — flour tortillas (10-inch) ~ store-bought flour tortillas => DISTINCT; flour tortillas (10-inch) ~ store-bought flour tortillas (8-inch) => DISTINCT; flour tortillas (8-inch) ~ store-bought flour tortillas => DISTINCT; flour tortillas (8-inch) ~ store-bought flour tortillas (8-inch) => SUBSUMES; flour tortillas ~ store-bought flour tortillas => SUBSUMES; flour tortillas ~ store-bought flour tortillas (8-inch) => SUBSUMES
RESIDUE,contradiction_flagged,flour_starch,flour tortillas,store-bought flour tortillas (8-inch),SUBSUMES,high,,flour tortillas,,,,Bare generic subsumes store-bought 8-inch tortillas.,bought|store,false,signature [bought|store] received DISTINCT + SUBSUMES — flour tortillas (10-inch) ~ store-bought flour tortillas => DISTINCT; flour tortillas (10-inch) ~ store-bought flour tortillas (8-inch) => DISTINCT; flour tortillas (8-inch) ~ store-bought flour tortillas => DISTINCT; flour tortillas (8-inch) ~ store-bought flour tortillas (8-inch) => SUBSUMES; flour tortillas ~ store-bought flour tortillas => SUBSUMES; flour tortillas ~ store-bought flour tortillas (8-inch) => SUBSUMES
RESIDUE,confidence_medium,flour_starch,large flour tortillas (10-inch),store-bought flour tortillas,DISTINCT,medium,,,,,,Size-qualified versus sourcing-qualified — different axes.,bought|large|store,false,
RESIDUE,confidence_medium,flour_starch,large flour tortillas (12-inch),store-bought flour tortillas,DISTINCT,medium,,,,,,Size axis versus sourcing axis — neither covers the other.,bought|large|store,false,
RESIDUE,contradiction_flagged,flour_starch,large flour tortillas,large flour tortillas (10-inch),SUBSUMES,medium,,large flour tortillas,,,,'Large flour tortillas' leaves the exact diameter open; the 10-inch large is a narrower case on the same axis.,(identical),false,"SUBSUMES declares ""large flour tortillas"" generic over ""large flour tortillas (10-inch)"", but the declared generic is not the less-qualified name — two specifics are DISTINCT, never SUBSUMES (D-WS9-202)"
RESIDUE,contradiction_flagged,flour_starch,large flour tortillas,large flour tortillas (12-inch),SUBSUMES,medium,,large flour tortillas,,,,'Large' leaves the exact diameter open; 12-inch large is a narrower case on the same axis.,(identical),false,"SUBSUMES declares ""large flour tortillas"" generic over ""large flour tortillas (12-inch)"", but the declared generic is not the less-qualified name — two specifics are DISTINCT, never SUBSUMES (D-WS9-202)"
RESIDUE,confidence_medium,flour_starch,large flour tortillas,store-bought flour tortillas,DISTINCT,medium,,,,,,Size qualifier versus sourcing qualifier — independent axes.,bought|large|store,false,
RESIDUE,confidence_medium,flour_starch,large flour tortillas,store-bought flour tortillas (8-inch),DISTINCT,medium,,,,,,Large versus 8-inch — conflicting sizes.,bought|large|store,false,
RESIDUE,contradiction_flagged,flour_starch,small flour tortillas,store-bought flour tortillas,DISTINCT,medium,,,,,,"Size qualifier versus sourcing qualifier — independent axes, neither satisfies the other.",bought|small|store,false,signature [bought|small|store] received DISTINCT + SUBSUMES — small flour tortillas ~ store-bought flour tortillas => DISTINCT; small flour tortillas ~ store-bought flour tortillas (8-inch) => SUBSUMES
RESIDUE,contradiction_flagged,flour_starch,small flour tortillas,store-bought flour tortillas (8-inch),SUBSUMES,low,,small flour tortillas,,,,"Treating 8-inch as the small size, 'small flour tortillas' is broader (sourcing open) and is satisfied by store-bought 8-inch; borderline size call.",bought|small|store,false,signature [bought|small|store] received DISTINCT + SUBSUMES — small flour tortillas ~ store-bought flour tortillas => DISTINCT; small flour tortillas ~ store-bought flour tortillas (8-inch) => SUBSUMES
RESIDUE,contradiction_flagged,flour_starch,store-bought flour tortillas,store-bought flour tortillas (8-inch),SUBSUMES,high,,store-bought flour tortillas,,,,'Store-bought flour tortillas' leaves size open; the 8-inch version is a specific kind.,(identical),false,"SUBSUMES declares ""store-bought flour tortillas"" generic over ""store-bought flour tortillas (8-inch)"", but the declared generic is not the less-qualified name — two specifics are DISTINCT, never SUBSUMES (D-WS9-202)"
RESIDUE,confidence_medium,frank redhot s sauce,frank's redhot buffalo sauce,frank's redhot sauce,SUBSUMES,medium,,frank's redhot sauce,,,,"""Frank's RedHot sauce"" is the bare line name, unqualified as to variety; ""Buffalo sauce"" names a specific bottle within that line (cayenne base plus butter flavoring). A shopper asking generically for Frank's RedHot is served by the Buffalo bottle, but someone whose recipe calls for Buffalo sauce is not served by just any Frank's RedHot. Generic is the second name.",buffalo,false,
RESIDUE,confidence_medium,greens,arugula,fresh arugula,SYNONYM,medium,,,,,,"Arugula is sold fresh by default; ""fresh"" restates the default state rather than naming a different product.",fresh,true,
RESIDUE,contradiction_flagged,greens,baby arugula,fresh arugula,SUBSUMES,medium,,fresh arugula,,,,"""fresh arugula"" is effectively the generic bag of arugula; ""baby arugula"" is the specific small-leaf version of it.",baby|fresh,true,"SUBSUMES declares ""fresh arugula"" generic over ""baby arugula"", but the declared generic is not the less-qualified name — two specifics are DISTINCT, never SUBSUMES (D-WS9-202)"
RESIDUE,contradiction_flagged,greens,baby spinach,fresh spinach,SUBSUMES,high,,fresh spinach,,,,"""fresh spinach"" is unspecified on leaf size; ""baby spinach"" is a specific kind of it.",baby|fresh,true,"SUBSUMES declares ""fresh spinach"" generic over ""baby spinach"", but the declared generic is not the less-qualified name — two specifics are DISTINCT, never SUBSUMES (D-WS9-202)"
RESIDUE,confidence_medium,greens,butter lettuce leaves,lettuce,SUBSUMES,medium,,lettuce,,,,"""lettuce"" is the bare generic; butter lettuce leaves is a specific variety (and part) of lettuce.",butter|leaf,false,
RESIDUE,confidence_medium,greens,green cabbage,white cabbage,SYNONYM,medium,,,,,,"""White cabbage"" is the common alternate name for the pale green common cabbage; same head.",green|white,false,
RESIDUE,confidence_medium,greens,iceberg lettuce leaves,lettuce,SUBSUMES,medium,,lettuce,,,,"""lettuce"" is the bare generic; iceberg lettuce leaves is a specific variety/part of it.",iceberg|leaf,false,
RESIDUE,confidence_medium,greens,iceberg lettuce,iceberg lettuce leaves,COMPONENT,medium,iceberg lettuce,,15,each,false,You buy a head; taking leaves discards the core and any bruised outer leaves.,leaf,false,
RESIDUE,confidence_medium,greens,lettuce,mixed green lettuce,SUBSUMES,medium,,lettuce,,,,"Bare generic ""lettuce"" first; mixed green lettuce is a specific blended product.",green|mixed,false,
RESIDUE,confidence_medium,greens,lettuce,romaine lettuce hearts,SUBSUMES,medium,,lettuce,,,,"Bare generic ""lettuce"" is satisfied by romaine hearts; a hearts demand is not met by any lettuce.",heart|romaine,false,
RESIDUE,confidence_medium,greens,lettuce,romaine lettuce leaves,SUBSUMES,medium,,lettuce,,,,"Bare generic ""lettuce"" first; romaine lettuce leaves is a specific variety/part.",leaf|romaine,false,
RESIDUE,confidence_medium,greens,lettuce,shredded iceberg lettuce,SUBSUMES,medium,,lettuce,,,,"Bare generic ""lettuce"" first; shredded iceberg is a specific variety (in a specific cut).",iceberg|shredded,true,
RESIDUE,confidence_medium,greens,lettuce,shredded romaine lettuce,SUBSUMES,medium,,lettuce,,,,"Bare generic ""lettuce"" first; shredded romaine is a specific variety in a cut.",romaine|shredded,true,
RESIDUE,confidence_medium,greens,mixed green lettuce,mixed greens,SUBSUMES,medium,,mixed greens,,,,"""mixed greens"" is broader (may include non-lettuce greens); mixed green lettuce is the lettuce-only specific.",lettuce,false,
RESIDUE,confidence_medium,greens,purple cabbage,white cabbage,DISTINCT,medium,,,,,,Purple/red cabbage versus the pale white-green common cabbage: different heads.,purple|white,false,
RESIDUE,confidence_medium,greens,red cabbage,white cabbage,DISTINCT,medium,,,,,,Red cabbage versus white (common green) cabbage: separate heads.,red|white,false,
RESIDUE,confidence_medium,greens,romaine lettuce,romaine lettuce hearts,COMPONENT,medium,romaine lettuce,,1,each,false,"Trimming a head to its heart discards the outer leaves, so part of the purchase is waste.",heart,false,
RESIDUE,confidence_medium,greens,romaine lettuce,romaine lettuce leaves,COMPONENT,medium,romaine lettuce,,15,each,false,You buy the head; pulling leaves leaves the core and outer leaves behind.,leaf,false,
RESIDUE,confidence_medium,greens,shredded green cabbage,white cabbage,SYNONYM,medium,,,,,,"White cabbage is the same head as green cabbage, and shredding only transforms it.",green|shredded|white,true,
RESIDUE,confidence_medium,hard shell taco,hard corn taco shell,hard taco shells,SYNONYM,medium,,,,,,"Hard taco shells are corn by default; both names denote the same boxed product, differing only in whether 'corn' is stated explicitly and in singular/plural form.",corn,false,
RESIDUE,contradiction_flagged,herb,cilantro,fresh cilantro,SYNONYM,high,,,,,,"Unqualified ""cilantro"" in a recipe catalog means the fresh bunch; same purchase under two names.",fresh,true,signature [fresh] received COMPONENT + SYNONYM — cilantro ~ fresh cilantro => SYNONYM; flat-leaf parsley ~ fresh flat-leaf parsley => SYNONYM; flat-leaf parsley ~ fresh flat-leaf parsley leaves => COMPONENT; fresh parsley ~ parsley => SYNONYM; fresh thai basil ~ thai basil => SYNONYM
RESIDUE,confidence_medium,herb,cilantro,fresh cilantro sprigs,COMPONENT,medium,cilantro,,20,sprig,false,"A bunch is the purchase; individual sprigs are countable subunits pulled from it, and using a sprig consumes it.",fresh|sprig,true,
RESIDUE,confidence_medium,herb,dill pickle,dill pickle chips,SUBSUMES,medium,,dill pickle,,,,"""Dill pickle"" is unqualified as to jarred form; chips are one specific form. A chips call is not met by any dill pickle.",chip,false,
RESIDUE,confidence_medium,herb,dill pickle,dill pickle slices,SUBSUMES,medium,,dill pickle,,,,"Bare ""dill pickle"" is unspecified on cut; slices are a specific form of it.",slice,false,
RESIDUE,confidence_medium,herb,dill pickle,dill pickle spears,SUBSUMES,medium,,dill pickle,,,,"Bare ""dill pickle"" is unspecified on cut; spears are a specific form of it.",spear,false,
RESIDUE,confidence_medium,herb,dill pickle,whole dill pickles,SUBSUMES,medium,,dill pickle,,,,"Bare ""dill pickle"" is unspecified on form; ""whole"" fixes that axis, so the generic is the first name.",whole,true,
RESIDUE,contradiction_flagged,herb,dried parsley,parsley,DISTINCT,medium,,,,,,"Bare ""parsley"" means the fresh bunch, which is a different product from the dried jar.",dried,true,"same base, prep difference, received DISTINCT + SYNONYM — dried parsley ~ parsley [dried] => DISTINCT; fresh parsley ~ parsley [fresh] => SYNONYM"
RESIDUE,contradiction_flagged,herb,flat-leaf parsley,fresh flat-leaf parsley,SYNONYM,high,,,,,,"Flat-leaf parsley is sold fresh; ""fresh"" adds nothing, same bunch.",fresh,true,"signature [fresh] received COMPONENT + SYNONYM — cilantro ~ fresh cilantro => SYNONYM; flat-leaf parsley ~ fresh flat-leaf parsley => SYNONYM; flat-leaf parsley ~ fresh flat-leaf parsley leaves => COMPONENT; fresh parsley ~ parsley => SYNONYM; fresh thai basil ~ thai basil => SYNONYM | same base, prep difference, received COMPONENT + SYNONYM — flat-leaf parsley ~ fresh flat-leaf parsley [fresh] => SYNONYM; flat-leaf parsley ~ fresh flat-leaf parsley leaves [fresh] => COMPONENT"
RESIDUE,contradiction_flagged,herb,flat-leaf parsley,fresh flat-leaf parsley leaves,COMPONENT,high,flat-leaf parsley,,1,cup,true,"You buy the bunch; leaves-only discards the stems, so part of the purchase is waste.",fresh,true,"signature [fresh] received COMPONENT + SYNONYM — cilantro ~ fresh cilantro => SYNONYM; flat-leaf parsley ~ fresh flat-leaf parsley => SYNONYM; flat-leaf parsley ~ fresh flat-leaf parsley leaves => COMPONENT; fresh parsley ~ parsley => SYNONYM; fresh thai basil ~ thai basil => SYNONYM | same base, prep difference, received COMPONENT + SYNONYM — flat-leaf parsley ~ fresh flat-leaf parsley [fresh] => SYNONYM; flat-leaf parsley ~ fresh flat-leaf parsley leaves [fresh] => COMPONENT"
RESIDUE,confidence_medium,herb,fresh basil leaves,fresh holy basil leaves,SUBSUMES,medium,,fresh basil leaves,,,,"Both fix the part axis (leaves); the first is unqualified on variety while holy basil is a specific variety, so the first is the generic.",holy,false,
RESIDUE,confidence_medium,herb,fresh basil leaves,fresh thai basil leaves,SUBSUMES,medium,,fresh basil leaves,,,,Both fix the part axis (leaves); the first is unqualified on variety while Thai basil is a specific variety.,thai,false,
RESIDUE,confidence_low,herb,fresh basil,fresh holy basil leaves,SUBSUMES,low,,fresh basil,,,,"The second name is strictly more specific (variety fixed to holy, part fixed to leaves) while the first is bare on both axes.",holy|leaf,false,
RESIDUE,confidence_low,herb,fresh basil,fresh thai basil leaves,SUBSUMES,low,,fresh basil,,,,The second name is more specific on both variety and part; the first is bare on both.,leaf|thai,false,
RESIDUE,confidence_medium,herb,fresh cilantro,fresh cilantro sprigs,COMPONENT,medium,fresh cilantro,,20,sprig,false,"Sprigs are countable subunits of the bunch, and each sprig used is consumed.",sprig,false,
RESIDUE,confidence_low,herb,fresh flat-leaf parsley leaves,fresh parsley,SUBSUMES,low,,fresh parsley,,,,"""Fresh parsley"" is bare on variety and part; the first name fixes both, so the second is the generic.",flat|leaf,false,
RESIDUE,confidence_low,herb,fresh flat-leaf parsley leaves,parsley,SUBSUMES,low,,parsley,,,,"""Parsley"" is bare on variety and part; the first name fixes both, so the second is the generic.",flat|fresh|leaf,true,
RESIDUE,contradiction_flagged,herb,fresh parsley,parsley,SYNONYM,high,,,,,,"Unqualified ""parsley"" means the fresh bunch; same purchase.",fresh,true,"signature [fresh] received COMPONENT + SYNONYM — cilantro ~ fresh cilantro => SYNONYM; flat-leaf parsley ~ fresh flat-leaf parsley => SYNONYM; flat-leaf parsley ~ fresh flat-leaf parsley leaves => COMPONENT; fresh parsley ~ parsley => SYNONYM; fresh thai basil ~ thai basil => SYNONYM | same base, prep difference, received DISTINCT + SYNONYM — dried parsley ~ parsley [dried] => DISTINCT; fresh parsley ~ parsley [fresh] => SYNONYM"
RESIDUE,confidence_medium,herb,fresh rosemary,fresh rosemary sprigs,COMPONENT,medium,fresh rosemary,,10,sprig,false,"A package of rosemary yields several sprigs, and each sprig used is consumed.",sprig,false,
RESIDUE,contradiction_flagged,herb,fresh thai basil,thai basil,SYNONYM,high,,,,,,"Thai basil is sold fresh; ""fresh"" adds nothing, same bunch.",fresh,true,signature [fresh] received COMPONENT + SYNONYM — cilantro ~ fresh cilantro => SYNONYM; flat-leaf parsley ~ fresh flat-leaf parsley => SYNONYM; flat-leaf parsley ~ fresh flat-leaf parsley leaves => COMPONENT; fresh parsley ~ parsley => SYNONYM; fresh thai basil ~ thai basil => SYNONYM
RESIDUE,confidence_medium,herb,fresh thyme,fresh thyme sprigs,COMPONENT,medium,fresh thyme,,20,sprig,false,"A thyme package yields many sprigs, and a sprig used is consumed.",sprig,false,
RESIDUE,confidence_medium,hummu,hummus,store-bought hummus,SUBSUMES,medium,,hummus,,,,"""hummus"" is the bare, unqualified generic; ""store-bought hummus"" fixes the sourcing axis (purchased rather than homemade). A shopper needing hummus is satisfied by a store-bought tub, but someone whose recipe specifies store-bought is not necessarily satisfied by any hummus (e.g. homemade). Directed generic-to-specific.",bought|store,false,
RESIDUE,confidence_medium,jalape o,fresh jalapeño,jalapeño,SYNONYM,medium,,,,,,"Bare ""jalapeño"" in a recipe means the fresh chile; both names buy the same fresh pepper from produce.",fresh,true,
RESIDUE,confidence_medium,jalape o,fresh jalapeño,"jalapeño, stemmed and halved",COMPONENT,medium,fresh jalapeño,,1,each,false,"""Stemmed"" discards the stem end, so part of the purchase is waste; halving is only a transform. One fresh jalapeño yields one stemmed-and-halved jalapeño.",fresh|halved|stemmed,true,
RESIDUE,confidence_low,jalape o,"jalapeño, stemmed and halved",sliced jalapeño,COMPONENT,low,sliced jalapeño,,1,each,false,"Both are preps of the same fresh pepper; the sliced form is the whole purchase, while the stemmed-and-halved form throws away the stem, so it derives from it.",halved|sliced|stemmed,false,
RESIDUE,confidence_medium,jalape o,jalapeño,"jalapeño, stemmed and halved",COMPONENT,medium,jalapeño,,1,each,false,"Same as the fresh-jalapeño case: stemming discards the stem, so the prepped form is a yield of the whole pepper you buy.",halved|stemmed,false,
RESIDUE,confidence_medium,juice pineapple,pineapple juice,reserved pineapple juice,SYNONYM,medium,,,,,,"""Reserved"" only marks that the juice was set aside from an earlier step; it is the same pineapple juice, no separate purchase.",reserved,false,
RESIDUE,confidence_medium,kielbasa,smoked kielbasa,smoked pork kielbasa,SUBSUMES,medium,,smoked kielbasa,,,,"Both share 'smoked'; the second additionally fixes the meat axis (pork). A shopper needing smoked kielbasa is satisfied by smoked pork kielbasa, but someone needing pork specifically is not satisfied by a turkey or beef kielbasa, so the first name is the generic.",pork,false,
RESIDUE,confidence_medium,mayonnaise,japanese mayonnaise,mayonnaise,SUBSUMES,medium,,mayonnaise,,,,"""mayonnaise"" is the bare, unqualified generic; ""japanese mayonnaise"" (e.g. Kewpie, egg-yolk and rice-vinegar based) is a specific kind of it. A shopper needing plain mayonnaise is served by the Japanese jar, but one whose recipe calls for Japanese mayo is not satisfied by any generic mayonnaise. The generic is the SECOND name, so genericIsA is false.",japanese,false,
RESIDUE,confidence_medium,mustard,black mustard seeds,mustard,DISTINCT,medium,,,,,,"Whole black mustard seeds are a spice-aisle purchase; bare ""mustard"" in a recipe catalog is the prepared condiment. A shopper with seeds needing mustard must buy a jar.",black|seed,false,
RESIDUE,confidence_medium,mustard,brown mustard seeds,mustard,DISTINCT,medium,,,,,,Whole brown mustard seeds are a separate spice product from prepared mustard condiment; second purchase required either way.,brown|seed,false,
RESIDUE,contradiction_flagged,mustard,mustard,mustard greens,DISTINCT,high,,,,,,Mustard greens are a produce item; mustard is a condiment. They share only the plant name.,green,false,"same base, color difference, received DISTINCT + SUBSUMES — mustard ~ mustard greens [green] => DISTINCT; mustard ~ yellow mustard [yellow] => SUBSUMES"
RESIDUE,confidence_medium,mustard,mustard,mustard seeds,DISTINCT,medium,,,,,,"Whole mustard seeds are a spice purchase, prepared mustard is a condiment jar; holding one does not satisfy a call for the other.",seed,false,
RESIDUE,contradiction_flagged,mustard,mustard,yellow mustard,SUBSUMES,high,,mustard,,,,Yellow (American) mustard is a specific variety of the bare generic prepared mustard; generic is the first name.,yellow,false,"same base, color difference, received DISTINCT + SUBSUMES — mustard ~ mustard greens [green] => DISTINCT; mustard ~ yellow mustard [yellow] => SUBSUMES"
RESIDUE,confidence_medium,nut pine,pine nuts,toasted pine nuts,SYNONYM,medium,,,,,,Toasting is a transforming prep step done to the whole purchase — nothing is discarded and no second purchase is needed. A shopper handed either name buys the same bag of pine nuts; the recipe just toasts them in a dry pan.,toasted,true,
RESIDUE,confidence_medium,nut_seed,black mustard seeds,brown mustard seeds,DISTINCT,medium,,,,,,Two specific varieties on the same axis (seed colour/variety); black and brown mustard seed are sold as separate products.,black|brown,false,
RESIDUE,confidence_medium,nut_seed,black sesame seeds,toasted sesame seeds,DISTINCT,medium,,,,,,"Different axes: ""black"" fixes colour, ""toasted"" fixes processing. Neither covers the other.",black|toasted,true,
RESIDUE,confidence_medium,nut_seed,candied walnuts,walnuts,DISTINCT,medium,,,,,,Candied walnuts are a sugar-coated confection requiring additional ingredients or a separate purchase; plain walnuts do not satisfy the demand.,candied,false,
RESIDUE,confidence_medium,nut_seed,crushed roasted peanuts,peanuts,SUBSUMES,medium,,peanuts,,,,"""peanuts"" is the bare generic; ""roasted"" fixes the processing axis and ""crushed"" is only a transform. Generic is the second name.",crushed|roasted,true,
RESIDUE,contradiction_flagged,nut_seed,crushed roasted peanuts,roasted unsalted peanuts,SUBSUMES,medium,,crushed roasted peanuts,,,,Crushing is a transform; the remaining difference is that the first is unspecified on the salt axis while the second demands unsalted. Generic is the first name.,crushed|unsalted,true,"SUBSUMES declares ""crushed roasted peanuts"" generic over ""roasted unsalted peanuts"", but the declared generic is not the less-qualified name — two specifics are DISTINCT, never SUBSUMES (D-WS9-202)"
RESIDUE,confidence_medium,nut_seed,raw almonds,sliced almonds,DISTINCT,medium,,,,,,"Different axes: ""raw"" fixes processing, ""sliced"" fixes cut, and sliced almonds are a separately packaged product.",raw|sliced,true,
RESIDUE,confidence_medium,nut_seed,raw cashews,toasted cashews,DISTINCT,medium,,,,,,"Raw and toasted are opposed specifics on the processing axis, like peppercorns vs ground pepper; treated as separate products.",raw|toasted,true,
RESIDUE,confidence_medium,nut_seed,roasted cashews,roasted unsalted cashews,SUBSUMES,medium,,roasted cashews,,,,"""roasted cashews"" leaves the salt axis open; ""roasted unsalted"" fixes it. Generic is the first name.",unsalted,false,
RESIDUE,confidence_medium,nut_seed,roasted cashews,toasted cashews,SYNONYM,medium,,,,,,"For nuts, toasted and roasted name the same product on the shelf.",roasted|toasted,true,
RESIDUE,confidence_medium,nut_seed,roasted peanuts,roasted unsalted peanuts,SUBSUMES,medium,,roasted peanuts,,,,"""roasted peanuts"" is unspecified on the salt axis; ""roasted unsalted peanuts"" fixes it. Generic is the first name.",unsalted,false,
RESIDUE,confidence_medium,nut_seed,roasted unsalted cashews,toasted cashews,SUBSUMES,medium,,toasted cashews,,,,"Toasted equals roasted for nuts, and ""toasted cashews"" leaves salt open while the first name fixes unsalted. Generic is the second name.",roasted|toasted|unsalted,true,
RESIDUE,confidence_medium,nut_seed,slivered almonds,toasted slivered almonds,SUBSUMES,medium,,slivered almonds,,,,"Both share the slivered cut; the first is unspecified on the toasting axis, the second fixes it. Generic is the first name.",toasted,true,
RESIDUE,confidence_medium,nut_seed,toasted sesame seeds,white sesame seeds,DISTINCT,medium,,,,,,Different axes: toasting versus colour; neither name contains the other.,toasted|white,true,
RESIDUE,confidence_medium,nut_seed,walnut halves,walnuts,SUBSUMES,medium,,walnuts,,,,"""walnuts"" is the bare generic; ""walnut halves"" specifies the piece size sold. Generic is the second name.",halve,false,
RESIDUE,confidence_medium,nutmeg,freshly grated nutmeg,ground nutmeg,DISTINCT,medium,,,,,,'Freshly grated' implies you own a whole nutmeg seed and grate it yourself; 'ground nutmeg' is the pre-ground jar. Same logic as whole peppercorns vs ground black pepper — a shopper holding one must buy the other product.,freshly|grated|ground,true,
RESIDUE,confidence_medium,nutmeg,freshly grated nutmeg,nutmeg,SUBSUMES,medium,,nutmeg,,,,"'Nutmeg' is the bare, unqualified generic; 'freshly grated nutmeg' fixes the form. A demand for nutmeg is met by freshly grated nutmeg, not the reverse. Second name is the specific.",freshly|grated,true,
RESIDUE,confidence_medium,nutmeg,ground nutmeg,nutmeg,SUBSUMES,medium,,nutmeg,,,,'Nutmeg' is the bare generic; 'ground nutmeg' specifies the form axis. The generic is the second name.,ground,true,
RESIDUE,confidence_medium,oil_fat,canned tuna in olive oil,olive oil,COMPONENT,medium,canned tuna in olive oil,,2,tbsp,true,"A can of tuna packed in olive oil gives you both the tuna and usable olive oil from the same purchase; the oil is drained off, no second purchase needed.",canned|tuna,true,
RESIDUE,confidence_medium,oil_fat,dark sesame oil,sesame oil,SUBSUMES,medium,,sesame oil,,,,"""Sesame oil"" is the bare generic (covers plain/light and dark/toasted); ""dark sesame oil"" is a specific kind. The generic is the second name.",dark,false,
RESIDUE,confidence_medium,oil_fat,extra virgin olive oil,olive oil,SYNONYM,medium,,,,,,Treated as the same bottle on the shelf per the catalog convention: extra virgin olive oil ~ EVOO ~ olive oil.,extra|virgin,false,
RESIDUE,confidence_medium,oil_fat,extra-virgin olive oil,olive oil,SYNONYM,medium,,,,,,Same as the unhyphenated form: extra-virgin olive oil and olive oil resolve to one purchase.,extra|virgin,false,
RESIDUE,confidence_medium,oil_fat,neutral oil,neutral vegetable oil,SUBSUMES,medium,,neutral oil,,,,"""Neutral oil"" is unqualified as to source (could be canola, grapeseed, peanut, vegetable blend); ""neutral vegetable oil"" fixes the source. First name is the generic.",vegetable,false,
RESIDUE,confidence_medium,oil_fat,neutral vegetable oil,vegetable oil,SUBSUMES,medium,,vegetable oil,,,,"""Vegetable oil"" is the bare generic; ""neutral vegetable oil"" specifies flavour profile. The generic is the second name.",neutral,false,
RESIDUE,confidence_medium,oil_fat,sesame oil,toasted sesame oil,SUBSUMES,medium,,sesame oil,,,,"""Sesame oil"" is the bare generic; ""toasted sesame oil"" is the specific dark finishing oil. First name is the generic.",toasted,true,
RESIDUE,confidence_medium,paprika,sweet hungarian paprika,sweet paprika,DISTINCT,medium,,,,,,"Both names carry qualifiers — one fixes flavour plus Hungarian origin, the other only flavour — so neither is the bare generic. Per the rule that only an unqualified name subsumes, these are treated as separate catalog products.",hungarian,false,
RESIDUE,confidence_medium,parmigiano reggiano,finely grated parmigiano-reggiano,freshly grated parmigiano-reggiano,SYNONYM,medium,,,,,,"Both are the same wedge of Parmigiano-Reggiano grated by the cook; 'finely' and 'freshly' describe the same act of grating and nothing is discarded, so one purchase serves either name.",finely|freshly,false,
RESIDUE,confidence_medium,parmigiano reggiano,finely grated parmigiano-reggiano,parmigiano reggiano,SYNONYM,medium,,,,,,"Grating is a transforming prep — the whole wedge is still used, just in a different shape — so the bare cheese and the finely grated cheese are one purchase.",finely|grated,true,
RESIDUE,confidence_medium,parmigiano reggiano,finely grated parmigiano-reggiano,parmigiano-reggiano,SYNONYM,medium,,,,,,"Same product under a prep qualifier; grating discards nothing, and the hyphenation difference is cosmetic.",finely|grated,true,
RESIDUE,confidence_medium,parmigiano reggiano,freshly grated parmigiano-reggiano,parmigiano reggiano,SYNONYM,medium,,,,,,"'Freshly grated' just means the cook grates the wedge they bought; a transforming prep, so one shelf trip covers both.",freshly|grated,true,
RESIDUE,confidence_medium,parmigiano reggiano,freshly grated parmigiano-reggiano,parmigiano-reggiano,SYNONYM,medium,,,,,,"Freshly grated Parmigiano-Reggiano is the same wedge, grated; nothing is thrown away.",freshly|grated,true,
RESIDUE,confidence_medium,parmigiano reggiano,parmigiano reggiano,shaved parmigiano-reggiano,SYNONYM,medium,,,,,,"Shaving is a transforming prep like slicing or grating — the same wedge, shaved with a peeler, with nothing discarded.",shaved,false,
RESIDUE,confidence_medium,parmigiano reggiano,parmigiano-reggiano,shaved parmigiano-reggiano,SYNONYM,medium,,,,,,Same purchase: a wedge of Parmigiano-Reggiano shaved into curls; the prep transforms rather than discards.,shaved,false,
RESIDUE,confidence_medium,pasta_noodle,dried rice vermicelli noodles,vermicelli noodles,SUBSUMES,medium,,vermicelli noodles,,,,"""vermicelli noodles"" is unqualified; ""dried rice vermicelli"" fixes grain and form. Second name is the generic.",dried|rice,true,
RESIDUE,confidence_medium,pasta_noodle,fresh chow mein egg noodles,fresh chow mein noodles,SYNONYM,medium,,,,,,Fresh chow mein noodles are egg noodles by definition; the two names buy the same package.,egg,false,
RESIDUE,confidence_medium,pasta_noodle,fresh lo mein egg noodles,fresh lo mein noodles,SYNONYM,medium,,,,,,Fresh lo mein noodles are egg noodles; naming the egg explicitly does not change the product bought.,egg,false,
RESIDUE,confidence_medium,pasta_noodle,rice vermicelli noodles,vermicelli noodles,SUBSUMES,medium,,vermicelli noodles,,,,"""vermicelli noodles"" is unqualified (could be wheat or rice); ""rice vermicelli"" fixes the grain. Second name is the generic.",rice,false,
RESIDUE,confidence_medium,paste tamarind,tamarind paste,tamarind paste (concentrate),SYNONYM,medium,,,,,,Both names refer to the same jarred tamarind product; the parenthetical '(concentrate)' is a clarifying gloss rather than a different purchase. A shopper handed either name buys the same jar.,concentrate,true,
RESIDUE,confidence_low,pepper_corn,bell peppers,roasted red bell pepper,SUBSUMES,low,,bell peppers,,,,"Bare generic vs. a colour- and preparation-qualified specific; treated as generic-to-specific, though the roasting adds a wrinkle.",red|roasted,true,
RESIDUE,confidence_medium,pepper_corn,"black pepper, coarsely ground","black pepper, freshly ground",DISTINCT,medium,,,,,,"'coarsely' fixes grind size, 'freshly' fixes freshness/grinding time — different axes, neither contains the other.",coarsely|freshly,false,
RESIDUE,confidence_medium,pepper_corn,"black pepper, coarsely ground","black pepper, ground",SUBSUMES,medium,,"black pepper, ground",,,,"'black pepper, ground' is unspecified on grind size; coarsely ground is a specific grind.",coarsely,false,
RESIDUE,confidence_medium,pepper_corn,"black pepper, coarsely ground",freshly ground black pepper,DISTINCT,medium,,,,,,Grind-size axis vs. freshness axis; neither covers the other.,coarsely|freshly,false,
RESIDUE,confidence_medium,pepper_corn,"black pepper, coarsely ground",ground black pepper,SUBSUMES,medium,,ground black pepper,,,,'ground black pepper' leaves grind size open; coarsely ground is the specific.,coarsely,false,
RESIDUE,confidence_medium,pepper_corn,"black pepper, freshly ground","black pepper, ground",SUBSUMES,medium,,"black pepper, ground",,,,"'black pepper, ground' is unqualified on freshness; freshly ground is the specific.",freshly,false,
RESIDUE,confidence_medium,pepper_corn,"black pepper, freshly ground",coarsely ground black pepper,DISTINCT,medium,,,,,,Freshness axis vs. grind-size axis.,coarsely|freshly,false,
RESIDUE,confidence_medium,pepper_corn,"black pepper, freshly ground",ground black pepper,SUBSUMES,medium,,ground black pepper,,,,'ground black pepper' is unspecified on freshness; freshly ground is the specific.,freshly,false,
RESIDUE,confidence_medium,pepper_corn,"black pepper, ground",coarsely ground black pepper,SUBSUMES,medium,,"black pepper, ground",,,,First is generic ground pepper; second fixes the grind size.,coarsely,false,
RESIDUE,confidence_medium,pepper_corn,"black pepper, ground",freshly ground black pepper,SUBSUMES,medium,,"black pepper, ground",,,,First is generic ground pepper; second fixes freshness of grinding.,freshly,false,
RESIDUE,confidence_medium,pepper_corn,black pepper,"black pepper, coarsely ground",SUBSUMES,medium,,black pepper,,,,Bare 'black pepper' is unspecified on form and grind; coarsely ground is a specific form.,coarsely|ground,true,
RESIDUE,confidence_medium,pepper_corn,black pepper,"black pepper, freshly ground",SUBSUMES,medium,,black pepper,,,,Bare generic vs. freshly ground specific.,freshly|ground,true,
RESIDUE,confidence_medium,pepper_corn,black pepper,"black pepper, ground",SUBSUMES,medium,,black pepper,,,,Bare generic vs. ground form.,ground,true,
RESIDUE,confidence_medium,pepper_corn,black pepper,coarsely cracked black pepper,SUBSUMES,medium,,black pepper,,,,Bare generic vs. coarsely cracked specific form.,coarsely|cracked,false,
RESIDUE,confidence_medium,pepper_corn,black pepper,coarsely ground black pepper,SUBSUMES,medium,,black pepper,,,,Bare generic vs. coarsely ground specific.,coarsely|ground,true,
RESIDUE,confidence_medium,pepper_corn,black pepper,freshly ground black pepper,SUBSUMES,medium,,black pepper,,,,Bare generic vs. freshly ground specific.,freshly|ground,true,
RESIDUE,confidence_medium,pepper_corn,black pepper,ground black pepper,SUBSUMES,medium,,black pepper,,,,Bare generic vs. ground form.,ground,true,
RESIDUE,confidence_medium,pepper_corn,coarsely ground black pepper,freshly ground black pepper,DISTINCT,medium,,,,,,Grind-size axis vs. freshness axis; neither covers the other.,coarsely|freshly,false,
RESIDUE,confidence_medium,pepper_corn,coarsely ground black pepper,ground black pepper,SUBSUMES,medium,,ground black pepper,,,,'ground black pepper' leaves grind size open; coarsely ground is the specific.,coarsely,false,
RESIDUE,confidence_medium,pepper_corn,crushed red pepper flakes,dried red pepper flakes,SYNONYM,medium,,,,,,Both names describe the same jar of dried crushed red chile flakes.,crushed|dried,true,
RESIDUE,confidence_medium,pepper_corn,dried red pepper flakes,red pepper flakes,SYNONYM,medium,,,,,,Red pepper flakes are dried by definition; same jar.,dried,true,
RESIDUE,confidence_medium,pepper_corn,freshly ground black pepper,ground black pepper,SUBSUMES,medium,,ground black pepper,,,,'ground black pepper' is unspecified on freshness; freshly ground is the specific.,freshly,false,
RESIDUE,confidence_medium,pepper_corn,gochugaru (korean red pepper flakes),red pepper flakes,DISTINCT,medium,,,,,,Gochugaru is a distinct Korean chile powder/flake with different heat and texture; not interchangeable with Italian-style crushed red pepper.,gochugaru|korean,false,
RESIDUE,confidence_medium,pepper_corn,ground white pepper,white pepper,SUBSUMES,medium,,white pepper,,,,'white pepper' is the bare generic (whole or ground); 'ground white pepper' fixes the form.,ground,true,
RESIDUE,confidence_medium,pepper_corn,jarred roasted red peppers,roasted red peppers,SUBSUMES,medium,,roasted red peppers,,,,'roasted red peppers' is generic as to packaging; 'jarred' is the specific form.,jarred,true,
RESIDUE,confidence_medium,pepper_corn,red bell pepper,roasted red bell pepper,COMPONENT,medium,red bell pepper,,1,each,false,"You buy fresh red bell peppers and roast them; skin and seeds are discarded, so it is a yielding prep rather than a plain transform.",roasted,true,
RESIDUE,confidence_medium,pepper_corn,roasted red bell pepper,roasted red peppers,SUBSUMES,medium,,roasted red peppers,,,,'roasted red peppers' is the generic (any red pepper variety); 'roasted red bell pepper' names the specific variety.,bell,false,
RESIDUE,confidence_medium,pepperoni,cup pepperoni slices,pepperoni,SYNONYM,medium,,,,,,"""cup"" is a leaked measurement unit, not a product distinction; the underlying item is pepperoni in sliced form. Slicing is a transforming prep — nothing of the purchase is discarded — so it is the same shelf item as pepperoni.",cup|slice,false,
RESIDUE,confidence_medium,pepperoni,pepperoni,pepperoni slices,SYNONYM,medium,,,,,,"""Pepperoni slices"" is pepperoni in sliced form; slicing transforms the whole purchase without discarding any of it, and pepperoni is commonly sold pre-sliced. One trip to the shelf satisfies either name. Labeled consistently with pair 0.",slice,false,
RESIDUE,confidence_medium,pickle_brine,black olives,sliced black olives,SYNONYM,medium,,,,,,"'Sliced' is a pure transform — nothing of the purchase is discarded, the whole olive is still used, just in slices.",sliced,false,
RESIDUE,contradiction_flagged,pickle_brine,capers,capers with brine,SYNONYM,medium,,,,,,"Capers are sold packed in brine; 'capers with brine' is the same jar, simply not drained. One purchase, nothing extra and nothing discarded.",brine,false,signature [brine] received COMPONENT + SYNONYM — capers ~ capers with brine => SYNONYM; pepperoncini ~ pepperoncini brine => COMPONENT
RESIDUE,confidence_medium,pickle_brine,castelvetrano olives,pitted castelvetrano olives,SUBSUMES,medium,,castelvetrano olives,,,,"Both name the castelvetrano variety; the first is unspecified on the pitting axis and is satisfied by pitted olives, while a recipe calling for pitted is not satisfied by whole ones.",pitted,false,
RESIDUE,confidence_medium,pickle_brine,green olives,pimento-stuffed green olives,SUBSUMES,medium,,green olives,,,,"'Green olives' is bare on the stuffing axis; pimento-stuffed green olives satisfy it, but a recipe wanting pimento-stuffed is not satisfied by any green olive.",pimento|stuffed,false,
RESIDUE,confidence_medium,pickle_brine,green olives,pitted green olives,SUBSUMES,medium,,green olives,,,,'Green olives' is unspecified on the pitting axis and is met by pitted green olives; the reverse does not hold.,pitted,false,
RESIDUE,confidence_medium,pickle_brine,kalamata olives,pitted kalamata olives,SUBSUMES,medium,,kalamata olives,,,,"Same variety; the first is bare on the pitting axis and is satisfied by pitted kalamatas, while a pitted requirement is not met by whole ones.",pitted,false,
RESIDUE,contradiction_flagged,pickle_brine,pepperoncini,pepperoncini brine,COMPONENT,high,pepperoncini,,1,cup,true,"One jar of pepperoncini supplies both the peppers and the brine; no second purchase, just pour off the liquid.",brine,false,signature [brine] received COMPONENT + SYNONYM — capers ~ capers with brine => SYNONYM; pepperoncini ~ pepperoncini brine => COMPONENT
RESIDUE,confidence_medium,pickle_brine,pickled ginger,pickled ginger (beni shoga),SUBSUMES,medium,,pickled ginger,,,,"'Pickled ginger' is the bare generic; beni shoga is a specific red-pickled style, so the generic demand is met by it but not vice versa.",beni|shoga,false,
RESIDUE,confidence_medium,pickle_brine,pickled jalapeños,sliced pickled jalapeños,SYNONYM,medium,,,,,,"'Sliced' merely transforms the pickled jalapeños — nothing is discarded, and the jarred product is the same purchase.",sliced,false,
RESIDUE,confidence_medium,plantain,ripe yellow plantains,ripe yellow-black plantains,DISTINCT,medium,,,,,,"Both names are qualified on the same axis (ripeness stage/peel colour): fully yellow versus yellow-with-black. Neither is a bare generic, and a recipe calling for very ripe yellow-black plantains is not satisfied by plain yellow ones (and vice versa), so they are two separate selections at the shelf.",black,false,
RESIDUE,confidence_medium,polenta,coarse-ground polenta,coarse-ground yellow cornmeal (polenta),SUBSUMES,medium,,coarse-ground polenta,,,,"Both fix the grind axis (coarse-ground), but the second additionally fixes colour (yellow); the first leaves colour open, so a shopper needing generic coarse polenta is satisfied by the yellow one, not vice versa (white polenta exists).",cornmeal|yellow,false,
RESIDUE,contradiction_flagged,polenta,coarse-ground polenta,coarse-ground yellow polenta,SUBSUMES,medium,,coarse-ground yellow polenta,,,,"Same grind qualifier on both; the second adds the colour qualifier 'yellow' that the first leaves unspecified, so the bare-on-colour first name is the generic.",yellow,false,"SUBSUMES declares ""coarse-ground yellow polenta"" generic over ""coarse-ground polenta"", but the declared generic is not the less-qualified name — two specifics are DISTINCT, never SUBSUMES (D-WS9-202)"
RESIDUE,contradiction_flagged,pork,andouille sausage,andouille smoked sausage,SYNONYM,medium,,,,,,"Andouille is a smoked sausage by definition; the added word 'smoked' is descriptive, same product off the shelf.",smoked,true,signature [smoked] received SUBSUMES + SYNONYM — andouille sausage ~ andouille smoked sausage => SYNONYM; bacon ~ smoked bacon => SUBSUMES; kielbasa sausage ~ smoked kielbasa sausage => SYNONYM
RESIDUE,confidence_medium,pork,bacon,bacon strips,SYNONYM,medium,,,,,,Bacon is sold as strips; 'strips' merely names the form of the standard package.,strip,false,
RESIDUE,contradiction_flagged,pork,bacon,smoked bacon,SUBSUMES,high,,bacon,,,,Bare 'bacon' is unqualified; 'smoked bacon' fixes the cure/smoke axis.,smoked,true,signature [smoked] received SUBSUMES + SYNONYM — andouille sausage ~ andouille smoked sausage => SYNONYM; bacon ~ smoked bacon => SUBSUMES; kielbasa sausage ~ smoked kielbasa sausage => SYNONYM
RESIDUE,confidence_medium,pork,bacon,"thick-cut bacon, cut into lardons",SUBSUMES,medium,,bacon,,,,Bare 'bacon' subsumes thick-cut bacon; cutting into lardons is a transforming prep that discards nothing.,cut|lardon|thick,false,
RESIDUE,contradiction_flagged,pork,"bone-in pork chops, about 1 inch thick",bone-in pork rib chops (about 1 inch thick),SUBSUMES,medium,,"bone-in pork chops, about 1 inch thick",,,,Same thickness spec; the first is bare on cut while the second fixes it as rib chops.,rib,false,"signature [rib] received DISTINCT + SUBSUMES — bone-in pork chops, about 1 inch thick ~ bone-in pork rib chops (about 1 inch thick) => SUBSUMES; bone-in pork chops, about 1 inch thick ~ bone-in pork rib chops, about 1-inch thick => SUBSUMES; bone-in pork chops, about 1-inch thick ~ bone-in pork rib chops (about 1 inch thick) => SUBSUMES; bone-in pork chops, about 1-inch thick ~ bone-in pork rib chops, about 1-inch thick => SUBSUMES; bone-in pork chops, about 3/4-inch thick ~ bone-in pork rib chops (about 1 inch thick) => DISTINCT; bone-in pork chops, about 3/4-inch thick ~ bone-in pork rib chops, about 1-inch thick => DISTINCT; bone-in pork chops ~ bone-in pork rib chops => SUBSUMES"
RESIDUE,contradiction_flagged,pork,"bone-in pork chops, about 1 inch thick","bone-in pork rib chops, about 1-inch thick",SUBSUMES,medium,,"bone-in pork chops, about 1 inch thick",,,,Same thickness spec; 'rib chops' is the specific cut of the generic bone-in chop.,rib,false,"signature [rib] received DISTINCT + SUBSUMES — bone-in pork chops, about 1 inch thick ~ bone-in pork rib chops (about 1 inch thick) => SUBSUMES; bone-in pork chops, about 1 inch thick ~ bone-in pork rib chops, about 1-inch thick => SUBSUMES; bone-in pork chops, about 1-inch thick ~ bone-in pork rib chops (about 1 inch thick) => SUBSUMES; bone-in pork chops, about 1-inch thick ~ bone-in pork rib chops, about 1-inch thick => SUBSUMES; bone-in pork chops, about 3/4-inch thick ~ bone-in pork rib chops (about 1 inch thick) => DISTINCT; bone-in pork chops, about 3/4-inch thick ~ bone-in pork rib chops, about 1-inch thick => DISTINCT; bone-in pork chops ~ bone-in pork rib chops => SUBSUMES"
RESIDUE,contradiction_flagged,pork,"bone-in pork chops, about 1 inch thick",bone-in thick-cut pork chops,SUBSUMES,low,,bone-in thick-cut pork chops,,,,"Both fix thickness, but 'thick-cut' is the broader band that a 1-inch chop satisfies.",cut,false,"signature [cut] received DISTINCT + SUBSUMES — bone-in pork chops, about 1 inch thick ~ bone-in thick-cut pork chops => SUBSUMES; bone-in pork chops, about 1-inch thick ~ bone-in thick-cut pork chops => SUBSUMES; bone-in pork chops, about 3/4-inch thick ~ bone-in thick-cut pork chops => DISTINCT | SUBSUMES declares ""bone-in thick-cut pork chops"" generic over ""bone-in pork chops, about 1 inch thick"", but the declared generic is not the less-qualified name — two specifics are DISTINCT, never SUBSUMES (D-WS9-202)"
RESIDUE,contradiction_flagged,pork,"bone-in pork chops, about 1-inch thick",bone-in pork rib chops (about 1 inch thick),SUBSUMES,medium,,"bone-in pork chops, about 1-inch thick",,,,Same thickness; the second additionally fixes the cut as rib chop.,rib,false,"signature [rib] received DISTINCT + SUBSUMES — bone-in pork chops, about 1 inch thick ~ bone-in pork rib chops (about 1 inch thick) => SUBSUMES; bone-in pork chops, about 1 inch thick ~ bone-in pork rib chops, about 1-inch thick => SUBSUMES; bone-in pork chops, about 1-inch thick ~ bone-in pork rib chops (about 1 inch thick) => SUBSUMES; bone-in pork chops, about 1-inch thick ~ bone-in pork rib chops, about 1-inch thick => SUBSUMES; bone-in pork chops, about 3/4-inch thick ~ bone-in pork rib chops (about 1 inch thick) => DISTINCT; bone-in pork chops, about 3/4-inch thick ~ bone-in pork rib chops, about 1-inch thick => DISTINCT; bone-in pork chops ~ bone-in pork rib chops => SUBSUMES"
RESIDUE,contradiction_flagged,pork,"bone-in pork chops, about 1-inch thick","bone-in pork rib chops, about 1-inch thick",SUBSUMES,medium,,"bone-in pork chops, about 1-inch thick",,,,Same thickness; the second additionally fixes the cut as rib chop.,rib,false,"signature [rib] received DISTINCT + SUBSUMES — bone-in pork chops, about 1 inch thick ~ bone-in pork rib chops (about 1 inch thick) => SUBSUMES; bone-in pork chops, about 1 inch thick ~ bone-in pork rib chops, about 1-inch thick => SUBSUMES; bone-in pork chops, about 1-inch thick ~ bone-in pork rib chops (about 1 inch thick) => SUBSUMES; bone-in pork chops, about 1-inch thick ~ bone-in pork rib chops, about 1-inch thick => SUBSUMES; bone-in pork chops, about 3/4-inch thick ~ bone-in pork rib chops (about 1 inch thick) => DISTINCT; bone-in pork chops, about 3/4-inch thick ~ bone-in pork rib chops, about 1-inch thick => DISTINCT; bone-in pork chops ~ bone-in pork rib chops => SUBSUMES"
RESIDUE,contradiction_flagged,pork,"bone-in pork chops, about 1-inch thick",bone-in thick-cut pork chops,SUBSUMES,low,,bone-in thick-cut pork chops,,,,'Thick-cut' is the broader thickness band satisfied by a 1-inch chop.,cut,false,"signature [cut] received DISTINCT + SUBSUMES — bone-in pork chops, about 1 inch thick ~ bone-in thick-cut pork chops => SUBSUMES; bone-in pork chops, about 1-inch thick ~ bone-in thick-cut pork chops => SUBSUMES; bone-in pork chops, about 3/4-inch thick ~ bone-in thick-cut pork chops => DISTINCT | SUBSUMES declares ""bone-in thick-cut pork chops"" generic over ""bone-in pork chops, about 1-inch thick"", but the declared generic is not the less-qualified name — two specifics are DISTINCT, never SUBSUMES (D-WS9-202)"
RESIDUE,contradiction_flagged,pork,"bone-in pork chops, about 3/4-inch thick",bone-in pork rib chops (about 1 inch thick),DISTINCT,high,,,,,,Different thickness specs and different cut spec; neither name covers the other.,rib,false,"signature [rib] received DISTINCT + SUBSUMES — bone-in pork chops, about 1 inch thick ~ bone-in pork rib chops (about 1 inch thick) => SUBSUMES; bone-in pork chops, about 1 inch thick ~ bone-in pork rib chops, about 1-inch thick => SUBSUMES; bone-in pork chops, about 1-inch thick ~ bone-in pork rib chops (about 1 inch thick) => SUBSUMES; bone-in pork chops, about 1-inch thick ~ bone-in pork rib chops, about 1-inch thick => SUBSUMES; bone-in pork chops, about 3/4-inch thick ~ bone-in pork rib chops (about 1 inch thick) => DISTINCT; bone-in pork chops, about 3/4-inch thick ~ bone-in pork rib chops, about 1-inch thick => DISTINCT; bone-in pork chops ~ bone-in pork rib chops => SUBSUMES"
RESIDUE,contradiction_flagged,pork,"bone-in pork chops, about 3/4-inch thick","bone-in pork rib chops, about 1-inch thick",DISTINCT,high,,,,,,3/4-inch versus 1-inch rib chops are two different purchases.,rib,false,"signature [rib] received DISTINCT + SUBSUMES — bone-in pork chops, about 1 inch thick ~ bone-in pork rib chops (about 1 inch thick) => SUBSUMES; bone-in pork chops, about 1 inch thick ~ bone-in pork rib chops, about 1-inch thick => SUBSUMES; bone-in pork chops, about 1-inch thick ~ bone-in pork rib chops (about 1 inch thick) => SUBSUMES; bone-in pork chops, about 1-inch thick ~ bone-in pork rib chops, about 1-inch thick => SUBSUMES; bone-in pork chops, about 3/4-inch thick ~ bone-in pork rib chops (about 1 inch thick) => DISTINCT; bone-in pork chops, about 3/4-inch thick ~ bone-in pork rib chops, about 1-inch thick => DISTINCT; bone-in pork chops ~ bone-in pork rib chops => SUBSUMES"
RESIDUE,contradiction_flagged,pork,"bone-in pork chops, about 3/4-inch thick",bone-in thick-cut pork chops,DISTINCT,medium,,,,,,A 3/4-inch chop is not a thick-cut chop; both names fix thickness differently.,cut,false,"signature [cut] received DISTINCT + SUBSUMES — bone-in pork chops, about 1 inch thick ~ bone-in thick-cut pork chops => SUBSUMES; bone-in pork chops, about 1-inch thick ~ bone-in thick-cut pork chops => SUBSUMES; bone-in pork chops, about 3/4-inch thick ~ bone-in thick-cut pork chops => DISTINCT"
RESIDUE,contradiction_flagged,pork,bone-in pork chops,bone-in pork rib chops,SUBSUMES,high,,bone-in pork chops,,,,Bone-in pork chops is generic on cut; rib chop is a specific chop.,rib,false,"signature [rib] received DISTINCT + SUBSUMES — bone-in pork chops, about 1 inch thick ~ bone-in pork rib chops (about 1 inch thick) => SUBSUMES; bone-in pork chops, about 1 inch thick ~ bone-in pork rib chops, about 1-inch thick => SUBSUMES; bone-in pork chops, about 1-inch thick ~ bone-in pork rib chops (about 1 inch thick) => SUBSUMES; bone-in pork chops, about 1-inch thick ~ bone-in pork rib chops, about 1-inch thick => SUBSUMES; bone-in pork chops, about 3/4-inch thick ~ bone-in pork rib chops (about 1 inch thick) => DISTINCT; bone-in pork chops, about 3/4-inch thick ~ bone-in pork rib chops, about 1-inch thick => DISTINCT; bone-in pork chops ~ bone-in pork rib chops => SUBSUMES"
RESIDUE,contradiction_flagged,pork,bone-in pork rib chops,bone-in pork ribs,DISTINCT,high,,,,,,"Rib chops versus pork ribs are different butcher cuts, two purchases.",chop,false,signature [chop] received COMPONENT + DISTINCT — bone-in pork rib chops ~ bone-in pork ribs => DISTINCT; boneless pork loin ~ boneless pork loin chops => COMPONENT
RESIDUE,confidence_medium,pork,bone-in pork shoulder,bone-in pork shoulder (boston butt),SYNONYM,medium,,,,,,The parenthetical just gives the market name for bone-in pork shoulder; same roast.,boston|butt,false,
RESIDUE,contradiction_flagged,pork,boneless pork loin,boneless pork loin chops,COMPONENT,medium,boneless pork loin,,8,each,false,"Loin chops are cut from a boneless pork loin; buying the loin yields chops after slicing, consuming the roast.",chop,false,signature [chop] received COMPONENT + DISTINCT — bone-in pork rib chops ~ bone-in pork ribs => DISTINCT; boneless pork loin ~ boneless pork loin chops => COMPONENT
RESIDUE,confidence_medium,pork,boneless pork shoulder,boneless pork shoulder (butt),SYNONYM,medium,,,,,,'(butt)' is just the market name for the boneless pork shoulder; same purchase.,butt,false,
RESIDUE,confidence_medium,pork,bratwurst sausages,fresh bratwurst sausages,SUBSUMES,medium,,bratwurst sausages,,,,Bare 'bratwurst sausages' is unspecified on fresh versus pre-cooked; 'fresh' fixes that axis.,fresh,true,
RESIDUE,confidence_medium,pork,breakfast pork sausage,bulk pork breakfast sausage,SUBSUMES,medium,,breakfast pork sausage,,,,First is bare on form (links or bulk); 'bulk' fixes the form.,bulk,false,
RESIDUE,confidence_medium,pork,cooked ham,diced ham,SYNONYM,medium,,,,,,Diced ham is cooked ham cut up; dicing transforms and discards nothing.,cooked|diced,true,
RESIDUE,confidence_medium,pork,deli ham,thinly sliced deli ham,SUBSUMES,medium,,deli ham,,,,Deli ham is bare on slice thickness; 'thinly sliced' fixes that axis.,sliced|thinly,false,
RESIDUE,confidence_medium,pork,italian pork sausage,italian sausage,SUBSUMES,medium,,italian sausage,,,,"'Italian sausage' leaves the meat open (pork, chicken, turkey); 'italian pork sausage' fixes it.",pork,false,
RESIDUE,confidence_medium,pork,italian sausage,italian-style chicken sausage links,DISTINCT,medium,,,,,,"Italian-style chicken sausage is a different meat product, not what a shopper buying italian (pork) sausage picks up.",chicken|link|style,false,
RESIDUE,confidence_medium,pork,kielbasa (smoked polish sausage),smoked kielbasa sausage,SYNONYM,medium,,,,,,"Kielbasa sold in US groceries is the smoked kind, which the parenthetical states explicitly; same package.",polish,false,
RESIDUE,contradiction_flagged,pork,kielbasa sausage,smoked kielbasa sausage,SYNONYM,medium,,,,,,"Standard retail kielbasa is smoked, so 'smoked kielbasa sausage' is the same product under a fuller name.",smoked,true,signature [smoked] received SUBSUMES + SYNONYM — andouille sausage ~ andouille smoked sausage => SYNONYM; bacon ~ smoked bacon => SUBSUMES; kielbasa sausage ~ smoked kielbasa sausage => SYNONYM
RESIDUE,confidence_medium,pork,mild italian pork sausage,mild italian sausage,SUBSUMES,medium,,mild italian sausage,,,,"'Mild italian sausage' is bare on meat; the first fixes it as pork, so the second is generic.",pork,false,
RESIDUE,confidence_low,pork,mild italian pork sausage,sweet italian pork sausage,SYNONYM,low,,,,,,In US retail 'sweet' and 'mild' italian sausage label the same non-spicy fennel sausage; a shopper handed either buys the same package.,mild|sweet,false,
RESIDUE,confidence_medium,pork,pork belly,"pork belly, skin-on",SUBSUMES,medium,,pork belly,,,,Bare 'pork belly' leaves skin on/off open; 'skin-on' fixes that axis.,skin,false,
RESIDUE,confidence_medium,pork,pork spare ribs,st. louis-style pork spare ribs,SUBSUMES,medium,,pork spare ribs,,,,St. Louis-style is a specific trimmed form of pork spare ribs; the bare name is generic.,loui|st|style,false,
RESIDUE,confidence_medium,pork,thick-cut bacon,thick-cut bacon strips,SYNONYM,medium,,,,,,Thick-cut bacon comes as strips; 'strips' names the form of the same package.,strip,false,
RESIDUE,confidence_medium,poultry,bone-in skin-on chicken drumsticks,"bone-in, skin-on chicken pieces (drumsticks and thighs)",COMPONENT,medium,"bone-in, skin-on chicken pieces (drumsticks and thighs)",,4,each,true,The mixed pieces pack contains drumsticks; buying it supplies the drumsticks with no extra purchase.,piece|thigh,false,
RESIDUE,confidence_medium,poultry,bone-in skin-on chicken drumsticks,"bone-in, skin-on chicken pieces (thighs and drumsticks)",COMPONENT,medium,"bone-in, skin-on chicken pieces (thighs and drumsticks)",,4,each,true,The mixed pieces pack contains drumsticks; buying it supplies them at no extra purchase.,piece|thigh,false,
RESIDUE,confidence_medium,poultry,bone-in skin-on chicken thighs,"bone-in, skin-on chicken pieces (drumsticks and thighs)",COMPONENT,medium,"bone-in, skin-on chicken pieces (drumsticks and thighs)",,4,each,true,The mixed pieces pack contains the thighs; one purchase yields them.,drumstick|piece,false,
RESIDUE,confidence_medium,poultry,bone-in skin-on chicken thighs,"bone-in, skin-on chicken pieces (thighs and drumsticks)",COMPONENT,medium,"bone-in, skin-on chicken pieces (thighs and drumsticks)",,4,each,true,The mixed pieces pack contains the thighs; one purchase yields them.,drumstick|piece,false,
RESIDUE,confidence_medium,poultry,"bone-in, skin-on chicken drumsticks","bone-in, skin-on chicken pieces (drumsticks and thighs)",COMPONENT,medium,"bone-in, skin-on chicken pieces (drumsticks and thighs)",,4,each,true,The mixed pieces pack contains drumsticks; one purchase yields them.,piece|thigh,false,
RESIDUE,confidence_medium,poultry,"bone-in, skin-on chicken drumsticks","bone-in, skin-on chicken pieces (thighs and drumsticks)",COMPONENT,medium,"bone-in, skin-on chicken pieces (thighs and drumsticks)",,4,each,true,The mixed pieces pack contains drumsticks; one purchase yields them.,piece|thigh,false,
RESIDUE,confidence_medium,poultry,"bone-in, skin-on chicken pieces (drumsticks and thighs)","bone-in, skin-on chicken thighs",COMPONENT,medium,"bone-in, skin-on chicken pieces (drumsticks and thighs)",,4,each,true,Buying the mixed pieces pack supplies the thighs.,drumstick|piece,false,
RESIDUE,confidence_medium,poultry,"bone-in, skin-on chicken pieces (drumsticks and thighs)",chicken drumsticks,COMPONENT,medium,"bone-in, skin-on chicken pieces (drumsticks and thighs)",,4,each,true,Buying the mixed pieces pack supplies the drumsticks.,bone|piece|skin|thigh,false,
RESIDUE,confidence_medium,poultry,"bone-in, skin-on chicken pieces (drumsticks and thighs)",chicken thighs,COMPONENT,medium,"bone-in, skin-on chicken pieces (drumsticks and thighs)",,4,each,true,Buying the mixed pieces pack supplies the thighs.,bone|drumstick|piece|skin,false,
RESIDUE,confidence_medium,poultry,"bone-in, skin-on chicken pieces (thighs and drumsticks)","bone-in, skin-on chicken thighs",COMPONENT,medium,"bone-in, skin-on chicken pieces (thighs and drumsticks)",,4,each,true,Buying the mixed pieces pack supplies the thighs.,drumstick|piece,false,
RESIDUE,confidence_medium,poultry,"bone-in, skin-on chicken pieces (thighs and drumsticks)",chicken drumsticks,COMPONENT,medium,"bone-in, skin-on chicken pieces (thighs and drumsticks)",,4,each,true,Buying the mixed pieces pack supplies the drumsticks.,bone|piece|skin|thigh,false,
RESIDUE,confidence_medium,poultry,"bone-in, skin-on chicken pieces (thighs and drumsticks)",chicken thighs,COMPONENT,medium,"bone-in, skin-on chicken pieces (thighs and drumsticks)",,4,each,true,Buying the mixed pieces pack supplies the thighs.,bone|drumstick|piece|skin,false,
RESIDUE,contradiction_flagged,poultry,boneless skinless chicken breasts,chicken breast,SUBSUMES,high,,chicken breast,,,,"""chicken breast"" is the bare generic; boneless skinless is a specific form.",boneless|skinless,false,signature [boneless|skinless] received SUBSUMES + SYNONYM — boneless skinless chicken breasts ~ chicken breast => SUBSUMES; boneless skinless chicken tenderloins ~ chicken tenderloins => SYNONYM; boneless skinless chicken thighs ~ chicken thighs => SUBSUMES
RESIDUE,contradiction_flagged,poultry,boneless skinless chicken tenderloins,chicken tenderloins,SYNONYM,medium,,,,,,Chicken tenderloins are always sold boneless and skinless; the qualifier is redundant.,boneless|skinless,false,signature [boneless|skinless] received SUBSUMES + SYNONYM — boneless skinless chicken breasts ~ chicken breast => SUBSUMES; boneless skinless chicken tenderloins ~ chicken tenderloins => SYNONYM; boneless skinless chicken thighs ~ chicken thighs => SUBSUMES
RESIDUE,contradiction_flagged,poultry,boneless skinless chicken thighs,chicken thighs,SUBSUMES,high,,chicken thighs,,,,"""chicken thighs"" is the bare generic; boneless skinless is a specific form.",boneless|skinless,false,signature [boneless|skinless] received SUBSUMES + SYNONYM — boneless skinless chicken breasts ~ chicken breast => SUBSUMES; boneless skinless chicken tenderloins ~ chicken tenderloins => SYNONYM; boneless skinless chicken thighs ~ chicken thighs => SUBSUMES
RESIDUE,confidence_medium,poultry,chicken breast,smoked chicken breast,DISTINCT,medium,,,,,,"Bare ""chicken breast"" means raw meat; smoked chicken breast is a cured/cooked product requiring its own purchase.",smoked,true,
RESIDUE,confidence_low,poultry,chicken broth,chicken poaching broth,SUBSUMES,low,,chicken broth,,,,"Poaching broth is a specific chicken broth (the liquid from poaching); a demand for plain chicken broth is met by it, not the reverse.",poaching,false,
RESIDUE,confidence_medium,poultry,chicken wings and drumettes,"chicken wings, split into flats and drumettes",SYNONYM,medium,,,,,,Both describe wings separated into flats and drumettes; same purchase.,flat|split,false,
RESIDUE,confidence_medium,poultry,chicken wings,chicken wings and drumettes,SYNONYM,medium,,,,,,Splitting wings into sections is a transformation of the same purchase; nothing meaningful discarded.,drumette,false,
RESIDUE,confidence_medium,poultry,chicken wings,"chicken wings, split into flats and drumettes",SYNONYM,medium,,,,,,"""Split into flats and drumettes"" is a prep of the same wings, a transformation not a discard.",drumette|flat|split,false,
RESIDUE,contradiction_flagged,poultry,cooked turkey breast,roasted turkey breast,SUBSUMES,medium,,cooked turkey breast,,,,"""cooked"" leaves the method open; roasted is a specific kind of cooked turkey breast.",cooked|roasted,true,"SUBSUMES declares ""cooked turkey breast"" generic over ""roasted turkey breast"", but the declared generic is not the less-qualified name — two specifics are DISTINCT, never SUBSUMES (D-WS9-202)"
RESIDUE,confidence_medium,poultry,cooked turkey breast,sliced roasted turkey breast,SUBSUMES,medium,,cooked turkey breast,,,,Cooked turkey breast is the generic; sliced roasted is a specific version (slicing is mere transformation).,cooked|roasted|sliced,true,
RESIDUE,confidence_medium,poultry,ground turkey (93% lean),lean ground turkey,SYNONYM,medium,,,,,,"""Lean ground turkey"" is the standard 93% lean package; same product.",93,false,
RESIDUE,confidence_medium,poultry,rotisserie chicken,shredded rotisserie chicken,COMPONENT,medium,rotisserie chicken,,3.5,cup,false,Shredding a rotisserie chicken discards bones and skin; one bird yields a limited amount of shredded meat.,shredded,true,
RESIDUE,confidence_medium,poultry,whole chicken,"whole chicken halves (bone-in, skin-on)",SYNONYM,medium,,,,,,Halving a whole chicken is a transformation of the same purchase; nothing is thrown away.,bone|halve|skin,false,
RESIDUE,confidence_medium,rice_grain,cooked day-old jasmine rice,jasmine rice,COMPONENT,medium,jasmine rice,,3,cup,false,You buy uncooked jasmine rice; cooking it and chilling overnight yields day-old cooked rice with no extra purchase.,cooked|day|old,true,
RESIDUE,confidence_medium,rice_grain,"cooked jasmine rice, day-old",jasmine rice,COMPONENT,medium,jasmine rice,,3,cup,false,Uncooked jasmine rice is the purchase; cooking and resting it yields day-old cooked jasmine rice.,cooked|day|old,true,
RESIDUE,confidence_medium,rice_grain,cooked long-grain white rice,day-old cooked long-grain white rice,SUBSUMES,medium,,cooked long-grain white rice,,,,Plain cooked long-grain white rice is unspecified on the age axis; day-old is a specific state of it.,day|old,false,
RESIDUE,contradiction_flagged,rice_grain,cooked long-grain white rice,long grain white rice,COMPONENT,medium,long grain white rice,,3,cup,false,The purchase is the dry long-grain white rice; cooking it yields the cooked rice.,cooked,true,"same base, prep difference, received COMPONENT + SYNONYM — cooked long-grain white rice ~ long grain white rice [cooked] => COMPONENT; long grain white rice ~ long-grain white rice, uncooked [uncooked] => SYNONYM"
RESIDUE,contradiction_flagged,rice_grain,cooked long-grain white rice,long-grain white rice,COMPONENT,medium,long-grain white rice,,3,cup,false,Buy the dry long-grain white rice; cooking it yields cooked rice with no second purchase.,cooked,true,"same base, prep difference, received COMPONENT + SYNONYM — cooked long-grain white rice ~ long-grain white rice [cooked] => COMPONENT; long-grain white rice ~ long-grain white rice, uncooked [uncooked] => SYNONYM"
RESIDUE,confidence_medium,rice_grain,cooked long-grain white rice,"long-grain white rice, uncooked",COMPONENT,medium,"long-grain white rice, uncooked",,3,cup,false,The uncooked rice is the purchase; cooking yields the cooked rice.,cooked|uncooked,true,
RESIDUE,confidence_medium,rice_grain,cooked white rice,day-old cooked long-grain white rice,SUBSUMES,medium,,cooked white rice,,,,"""cooked white rice"" is unspecified on grain length and age; the other fixes both.",day|grain|long|old,false,
RESIDUE,confidence_medium,rice_grain,cooked white rice,day-old cooked short-grain white rice,SUBSUMES,medium,,cooked white rice,,,,"""cooked white rice"" is the bare generic; day-old short-grain is a specific kind of it.",day|grain|old|short,false,
RESIDUE,confidence_medium,rice_grain,day-old cooked jasmine rice,jasmine rice,COMPONENT,medium,jasmine rice,,3,cup,false,Uncooked jasmine rice is what you buy; cooking and chilling yields day-old cooked rice.,cooked|day|old,true,
RESIDUE,confidence_medium,rice_grain,day-old cooked long-grain white rice,long grain white rice,COMPONENT,medium,long grain white rice,,3,cup,false,Buy the dry long-grain white rice; cook and refrigerate to get day-old cooked rice.,cooked|day|old,true,
RESIDUE,confidence_medium,rice_grain,day-old cooked long-grain white rice,long-grain white rice,COMPONENT,medium,long-grain white rice,,3,cup,false,Dry long-grain white rice is the purchase; cooking and resting yields day-old cooked rice.,cooked|day|old,true,
RESIDUE,confidence_medium,rice_grain,day-old cooked short-grain white rice,short-grain white rice,COMPONENT,medium,short-grain white rice,,3,cup,false,Dry short-grain white rice is the purchase; cooking and resting yields day-old cooked rice.,cooked|day|old,true,
RESIDUE,confidence_medium,rice_grain,dried flat rice noodles (8mm wide),flat rice noodles,SUBSUMES,medium,,flat rice noodles,,,,"""flat rice noodles"" leaves fresh/dried and width open; the first fixes both.",8mm|dried|wide,true,
RESIDUE,contradiction_flagged,rice_grain,dried flat rice noodles (8mm wide),flat rice noodles (6–8mm wide),SUBSUMES,low,,flat rice noodles (6–8mm wide),,,,"Second's 6–8mm range contains 8mm and leaves fresh/dried open, so it is the broader listing.",dried,true,signature [dried] received SUBSUMES + SYNONYM — dried flat rice noodles (8mm wide) ~ flat rice noodles (6–8mm wide) => SUBSUMES; dried flat rice noodles ~ flat rice noodles => SUBSUMES; dried rice noodles ~ rice noodles => SUBSUMES; dried rice vermicelli noodles ~ rice vermicelli noodles => SYNONYM
RESIDUE,confidence_medium,rice_grain,"dried flat rice noodles (medium width, 3–5mm)",flat rice noodles,SUBSUMES,medium,,flat rice noodles,,,,"""flat rice noodles"" leaves dried/fresh and width open; first fixes both.",5mm|dried|medium|width,true,
RESIDUE,contradiction_flagged,rice_grain,dried flat rice noodles,flat rice noodles,SUBSUMES,medium,,flat rice noodles,,,,"""flat rice noodles"" leaves the fresh/dried axis open; the first fixes dried.",dried,true,signature [dried] received SUBSUMES + SYNONYM — dried flat rice noodles (8mm wide) ~ flat rice noodles (6–8mm wide) => SUBSUMES; dried flat rice noodles ~ flat rice noodles => SUBSUMES; dried rice noodles ~ rice noodles => SUBSUMES; dried rice vermicelli noodles ~ rice vermicelli noodles => SYNONYM
RESIDUE,contradiction_flagged,rice_grain,dried rice noodles,rice noodles,SUBSUMES,high,,rice noodles,,,,"""rice noodles"" is bare; ""dried"" fixes the form axis.",dried,true,signature [dried] received SUBSUMES + SYNONYM — dried flat rice noodles (8mm wide) ~ flat rice noodles (6–8mm wide) => SUBSUMES; dried flat rice noodles ~ flat rice noodles => SUBSUMES; dried rice noodles ~ rice noodles => SUBSUMES; dried rice vermicelli noodles ~ rice vermicelli noodles => SYNONYM
RESIDUE,confidence_medium,rice_grain,dried rice vermicelli noodles,rice vermicelli,SYNONYM,medium,,,,,,Rice vermicelli is sold dried; both names buy the same package.,dried|noodle,true,
RESIDUE,contradiction_flagged,rice_grain,dried rice vermicelli noodles,rice vermicelli noodles,SYNONYM,medium,,,,,,"Same product; ""dried"" is the default state of rice vermicelli noodles.",dried,true,signature [dried] received SUBSUMES + SYNONYM — dried flat rice noodles (8mm wide) ~ flat rice noodles (6–8mm wide) => SUBSUMES; dried flat rice noodles ~ flat rice noodles => SUBSUMES; dried rice noodles ~ rice noodles => SUBSUMES; dried rice vermicelli noodles ~ rice vermicelli noodles => SYNONYM
RESIDUE,confidence_medium,rice_grain,fresh wide rice noodles,fresh wide rice noodles (ho fun),SYNONYM,medium,,,,,,"""ho fun"" is the Cantonese name for fresh wide rice noodles; same product.",fun|ho,false,
RESIDUE,confidence_medium,rice_grain,fresh wide rice noodles,fresh wide rice noodles (sen yai),SYNONYM,medium,,,,,,"""sen yai"" is the Thai name for fresh wide rice noodles; same product.",sen|yai,false,
RESIDUE,contradiction_flagged,rice_grain,long grain white rice,"long-grain white rice, uncooked",SYNONYM,high,,,,,,"""uncooked"" is the default state of the bagged rice; same purchase.",uncooked,true,"same base, prep difference, received COMPONENT + SYNONYM — cooked long-grain white rice ~ long grain white rice [cooked] => COMPONENT; long grain white rice ~ long-grain white rice, uncooked [uncooked] => SYNONYM"
RESIDUE,contradiction_flagged,rice_grain,long-grain white rice,"long-grain white rice, uncooked",SYNONYM,high,,,,,,"""uncooked"" merely states the default; same bag.",uncooked,true,"same base, prep difference, received COMPONENT + SYNONYM — cooked long-grain white rice ~ long-grain white rice [cooked] => COMPONENT; long-grain white rice ~ long-grain white rice, uncooked [uncooked] => SYNONYM"
RESIDUE,confidence_medium,roja salsa,jarred salsa roja,salsa roja,SUBSUMES,medium,,salsa roja,,,,"""salsa roja"" is the bare generic; ""jarred"" fixes the form/packaging axis (shelf-stable jar vs. fresh or homemade). Anyone needing salsa roja is satisfied by the jarred product, but someone who specifically wants jarred is not satisfied by any salsa roja. The generic is the second name.",jarred,true,
RESIDUE,confidence_medium,root_veg,baby carrot,carrots,SUBSUMES,medium,,carrots,,,,"""carrots"" is the bare generic; ""baby carrot"" fixes the size/cut axis. A demand for carrots is met by baby carrots, not the reverse.",baby,false,
RESIDUE,confidence_medium,root_veg,baby carrot,"carrots, peeled and grated",DISTINCT,medium,,,,,,Bagged baby carrots versus grated whole carrots — a size/cut-specific product against a prep form; neither covers the other.,baby|grated|peeled,true,
RESIDUE,confidence_medium,root_veg,baby carrot,"carrots, peeled and sliced",DISTINCT,medium,,,,,,Baby carrots fix size; sliced peeled carrots are a prep of whole carrots. Different things on the shelf.,baby|peeled|sliced,false,
RESIDUE,confidence_medium,root_veg,baby carrot,shredded carrots,DISTINCT,medium,,,,,,Size-specific baby carrots versus a shredded prep form of carrots; neither satisfies the other.,baby|shredded,true,
RESIDUE,confidence_medium,root_veg,baby potato,baby red potatoes,SUBSUMES,medium,,baby potato,,,,"Both share the baby size; ""baby red"" additionally fixes colour, so the bare ""baby potato"" is the broader term.",red,false,
RESIDUE,confidence_medium,root_veg,baby potato,baby yellow potato,SUBSUMES,medium,,baby potato,,,,"""baby potato"" leaves colour open; ""baby yellow potato"" fixes it. Generic first.",yellow,false,
RESIDUE,confidence_medium,root_veg,baby potato,baby yukon gold potatoes,SUBSUMES,medium,,baby potato,,,,Baby yukon gold is a named variety of baby potato; the first name is the broader one.,gold|yukon,false,
RESIDUE,confidence_medium,root_veg,baby potato,small potato,SYNONYM,medium,,,,,,"""baby potato"" and ""small potato"" name the same small-size potato purchase.",baby|small,false,
RESIDUE,confidence_medium,root_veg,baby potato,small red potatoes,SUBSUMES,medium,,baby potato,,,,Baby/small potato is unspecified on colour; small red potatoes fix colour at the same size.,baby|red|small,false,
RESIDUE,confidence_medium,root_veg,baby red potatoes,red potatoes,SUBSUMES,medium,,red potatoes,,,,"""red potatoes"" is unspecified on size; ""baby red potatoes"" fixes size. Generic is the second name.",baby,false,
RESIDUE,confidence_medium,root_veg,baby red potatoes,small potato,SUBSUMES,medium,,small potato,,,,"""small potato"" leaves colour open; baby red potatoes fix colour at that size. Generic is the second name.",baby|red|small,false,
RESIDUE,confidence_medium,root_veg,baby yellow potato,small potato,SUBSUMES,medium,,small potato,,,,"""small potato"" is unspecified on colour and covers baby yellow potatoes; the reverse fails. Generic is second.",baby|small|yellow,false,
RESIDUE,confidence_medium,root_veg,baby yellow potato,yellow potatoes,SUBSUMES,medium,,yellow potatoes,,,,"""yellow potatoes"" is unspecified on size and covers baby yellow potatoes; generic is the second name.",baby,false,
RESIDUE,confidence_medium,root_veg,baby yukon gold potatoes,yukon gold potatoes,SUBSUMES,medium,,yukon gold potatoes,,,,"""yukon gold potatoes"" leaves size open; the baby form fixes it. Generic is the second name.",baby,false,
RESIDUE,confidence_medium,root_veg,"carrots, peeled and grated","carrots, peeled and sliced",SYNONYM,medium,,,,,,"Both are the same bunch of carrots, merely cut differently; no second purchase and nothing discarded beyond peel.",grated|sliced,true,
RESIDUE,confidence_medium,root_veg,"carrots, peeled and grated",large carrot,DISTINCT,medium,,,,,,"One name fixes a prep form, the other fixes size — different axes, neither covers the other.",grated|large|peeled,true,
RESIDUE,confidence_medium,root_veg,"carrots, peeled and grated",medium carrots,DISTINCT,medium,,,,,,Prep form versus size specification — independent axes.,grated|medium|peeled,true,
RESIDUE,confidence_medium,root_veg,"carrots, peeled and sliced",large carrot,DISTINCT,medium,,,,,,Prep form versus size-specific whole carrot — different axes.,large|peeled|sliced,false,
RESIDUE,confidence_medium,root_veg,"carrots, peeled and sliced",medium carrots,DISTINCT,medium,,,,,,Prep form versus size-specific whole carrot — different axes.,medium|peeled|sliced,false,
RESIDUE,confidence_medium,root_veg,"carrots, peeled and sliced",shredded carrots,SYNONYM,medium,,,,,,Both are the same carrot purchase in a different cut; nothing extra to buy.,peeled|shredded|sliced,true,
RESIDUE,confidence_medium,root_veg,carrots,"carrots, peeled and grated",SYNONYM,medium,,,,,,Grating is a transform of the same carrots; only the negligible peel is lost.,grated|peeled,true,
RESIDUE,confidence_medium,root_veg,carrots,"carrots, peeled and sliced",SYNONYM,medium,,,,,,Slicing is a transform of the same carrots; the whole purchase is still used.,peeled|sliced,false,
RESIDUE,confidence_medium,root_veg,carrots,shredded carrots,SYNONYM,medium,,,,,,Shredding is a transform of the same carrots; nothing is thrown away.,shredded,true,
RESIDUE,confidence_medium,root_veg,daikon radish,radishes,SUBSUMES,medium,,radishes,,,,"""radishes"" is the bare generic; daikon is a specific kind of radish. Generic is the second name.",daikon,false,
RESIDUE,confidence_medium,root_veg,fresh ginger slices,ginger,SYNONYM,medium,,,,,,Slicing is a transform of the same ginger root purchase.,fresh|slice,true,
RESIDUE,confidence_medium,root_veg,fresh ginger,ginger,SYNONYM,medium,,,,,,"In this produce context ""ginger"" is the fresh root — the same purchase.",fresh,true,
RESIDUE,confidence_medium,root_veg,large carrot,shredded carrots,DISTINCT,medium,,,,,,Size-specific whole carrot versus a shredded prep form — different axes.,large|shredded,true,
RESIDUE,confidence_medium,root_veg,medium carrots,shredded carrots,DISTINCT,medium,,,,,,Size-specific whole carrots versus a shredded prep form — different axes.,medium|shredded,true,
RESIDUE,confidence_medium,root_veg,potato gnocchi,shelf-stable potato gnocchi,SUBSUMES,medium,,potato gnocchi,,,,"""potato gnocchi"" is generic on packaging format; shelf-stable is one specific form of it.",shelf|stable,false,
RESIDUE,confidence_medium,root_veg,sliced radishes,thinly sliced radish,SYNONYM,medium,,,,,,Both are the same radishes cut into slices; thickness is not a separate purchase.,thinly,false,
RESIDUE,confidence_medium,root_veg,waxy potatoes,waxy yellow potatoes,SUBSUMES,medium,,waxy potatoes,,,,"""waxy potatoes"" leaves colour open; ""waxy yellow potatoes"" fixes it. Generic is first.",yellow,false,
RESIDUE,confidence_medium,root_veg,waxy yellow potatoes,yellow potatoes,SUBSUMES,medium,,yellow potatoes,,,,"""yellow potatoes"" is unspecified on texture; ""waxy yellow"" narrows it. Generic is the second name.",waxy,false,
RESIDUE,confidence_medium,saffron,saffron,saffron threads,SUBSUMES,medium,,saffron,,,,"""saffron"" is the bare generic and could be filled by threads or ground/powdered saffron; ""saffron threads"" fixes the form axis. A shopper needing generic saffron is satisfied by threads, but a shopper needing threads is not satisfied by saffron powder, so the relation runs one way with the first name as the generic.",thread,false,
RESIDUE,confidence_medium,salsa,fresh salsa,fresh tomato salsa,SUBSUMES,medium,,fresh salsa,,,,"Both say ""fresh"", but the second adds the base-ingredient axis (tomato). Fresh tomato salsa satisfies a call for fresh salsa; a demand for tomato-based salsa is not met by just any fresh salsa.",tomato,false,
RESIDUE,confidence_medium,salsa,fresh salsa,mild salsa,DISTINCT,medium,,,,,,"""fresh"" fixes form and leaves heat open; ""mild"" fixes heat and leaves form open. Different axes, so neither subsumes the other.",fresh|mild,true,
RESIDUE,confidence_medium,salsa,jarred salsa verde,salsa,SUBSUMES,medium,,salsa,,,,"""salsa"" unqualified is satisfied by jarred salsa verde; a recipe calling for verde is not satisfied by any salsa.",jarred|verde,true,
RESIDUE,confidence_medium,salsa,jarred salsa,jarred salsa (medium),SUBSUMES,medium,,jarred salsa,,,,Both are jarred; the second additionally fixes the heat axis. Jarred salsa (medium) satisfies a call for jarred salsa.,medium,false,
RESIDUE,confidence_medium,salsa,jarred salsa,jarred salsa roja,SUBSUMES,medium,,jarred salsa,,,,Both jarred; the second adds the variety axis (roja). The broader jarred salsa is satisfied by salsa roja.,roja,false,
RESIDUE,confidence_medium,salsa,jarred salsa,jarred salsa verde,SUBSUMES,medium,,jarred salsa,,,,"Both jarred; the second adds the variety axis (verde/tomatillo). Verde meets a generic jarred-salsa call, not the reverse.",verde,false,
RESIDUE,confidence_medium,salsa,jarred salsa,mild salsa,DISTINCT,medium,,,,,,"""jarred"" fixes form and leaves heat open; ""mild"" fixes heat and leaves form open. Independent axes, neither contains the other.",jarred|mild,true,
RESIDUE,confidence_medium,salsa,salsa,salsa verde,SUBSUMES,medium,,salsa,,,,First name is the bare generic; salsa verde is a specific tomatillo-based variety that satisfies a generic salsa call but not vice versa.,verde,false,
RESIDUE,confidence_medium,salsa verde,jarred salsa verde,salsa verde,SUBSUMES,medium,,salsa verde,,,,"""salsa verde"" is the bare generic name; ""jarred salsa verde"" fixes the packaging/form axis. A shopper needing salsa verde is satisfied by the jarred product, but one who specifically needs jarred is not satisfied by fresh/homemade salsa verde. The second name is the generic one.",jarred,true,
RESIDUE,confidence_medium,salt,coarse kosher salt,kosher salt,SUBSUMES,medium,,kosher salt,,,,"'Kosher salt' is the unqualified name and covers both coarse and fine-grain kosher salts; 'coarse kosher salt' fixes the grain axis. A demand for kosher salt is met by the coarse kind, not the reverse. Second name is the generic.",coarse,false,
RESIDUE,confidence_medium,salt,fine salt,fine sea salt,DISTINCT,medium,,,,,,"Both names carry qualifiers: 'fine' fixes grain only, 'fine sea salt' additionally fixes the source (sea). Neither is a bare generic, so no subsumption edge; they can be two different boxes on the shelf.",sea,false,
RESIDUE,confidence_medium,salt,flaky sea salt,salt,SUBSUMES,medium,,salt,,,,'Salt' is the bare generic and is satisfied by flaky sea salt; a recipe calling for flaky finishing salt is not satisfied by just any salt. Second name is the generic.,flaky|sea,false,
RESIDUE,confidence_medium,salt,pickling salt,salt,SUBSUMES,medium,,salt,,,,"Pickling salt is a specific kind of salt (fine, additive-free); 'salt' is the bare generic. Second name is the generic.",pickling,false,
RESIDUE,confidence_medium,seafood,anchovy fillets,anchovy fillets in oil,SUBSUMES,medium,,anchovy fillets,,,,"""anchovy fillets"" is unspecified as to packing medium; ""in oil"" fixes it. A shopper wanting anchovy fillets is served by oil-packed ones, not vice versa (salt-packed exist).",oil,false,
RESIDUE,confidence_medium,seafood,bottled clam juice,chopped clams in juice,COMPONENT,medium,chopped clams in juice,,0.5,cup,true,A can of chopped clams packed in juice yields clam juice with no extra purchase; the clams remain usable. Base is the canned clams.,bottled|chopped,true,
RESIDUE,confidence_medium,seafood,bottled clam juice,"chopped clams in juice, canned",COMPONENT,medium,"chopped clams in juice, canned",,0.5,cup,true,Canned chopped clams in juice give you the juice as part of the same purchase; clams still usable.,bottled|canned|chopped,true,
RESIDUE,contradiction_flagged,seafood,bottled clam juice,clam juice,SYNONYM,high,,,,,,Clam juice is sold bottled; either name buys the same bottle.,bottled,true,"same base, prep difference, received COMPONENT + SYNONYM — bottled clam juice ~ clam juice [bottled] => SYNONYM; chopped clams in juice ~ clam juice [chopped] => COMPONENT"
RESIDUE,confidence_medium,seafood,"chopped clams in juice, canned",clam juice,COMPONENT,medium,"chopped clams in juice, canned",,0.5,cup,true,The can of chopped clams packed in juice yields clam juice at no extra purchase; clams remain.,canned|chopped,true,
RESIDUE,contradiction_flagged,seafood,chopped clams in juice,clam juice,COMPONENT,medium,chopped clams in juice,,0.5,cup,true,One purchase of chopped clams in juice supplies the juice; clams still usable.,chopped,false,"same base, prep difference, received COMPONENT + SYNONYM — bottled clam juice ~ clam juice [bottled] => SYNONYM; chopped clams in juice ~ clam juice [chopped] => COMPONENT"
RESIDUE,confidence_medium,seafood,dried shrimp,shrimp,DISTINCT,medium,,,,,,"A shopper needing ""shrimp"" is not served by dried shrimp; the drying makes it its own product (cf. fresh vs dried basil).",dried,true,
RESIDUE,confidence_medium,seafood,large shell-on shrimp (16/20 count),large shrimp,SUBSUMES,medium,,large shrimp,,,,"Both fix size ""large"", but the first additionally fixes shell-on and count; the qualifier sets are nested, so ""large shrimp"" is the broader name.",16|20|count|shell,false,
RESIDUE,confidence_medium,seafood,"large shrimp, peeled and deveined","large shrimp, peeled and deveined (16/20 count)",SUBSUMES,medium,,"large shrimp, peeled and deveined",,,,Same name plus a count specification; the count-free name is broader on that axis. Generic is the first name.,16|20|count,false,
RESIDUE,confidence_medium,seafood,"large shrimp, peeled and deveined","large shrimp, peeled and deveined (21–25 count)",SUBSUMES,medium,,"large shrimp, peeled and deveined",,,,Identical product name with an added count spec; generic is the first name.,21|25|count,false,
RESIDUE,confidence_medium,seafood,"large shrimp, peeled and deveined","large shrimp, peeled and deveined (31–40 count)",SUBSUMES,medium,,"large shrimp, peeled and deveined",,,,Identical product name with an added count spec; generic is the first name.,31|40|count,false,
RESIDUE,confidence_medium,seafood,"large shrimp, peeled and deveined","large shrimp, peeled and deveined, tails on",SUBSUMES,medium,,"large shrimp, peeled and deveined",,,,"""tails on"" adds a spec to the same peeled-and-deveined large shrimp; the unqualified form is broader. Generic is the first name.",tail,false,
RESIDUE,confidence_medium,seafood,"large shrimp, peeled and deveined","raw shrimp, peeled and deveined, finely chopped",DISTINCT,medium,,,,,,"First fixes size and leaves rawness/cut open; second fixes raw and finely chopped and leaves size open — different axes, neither contains the other.",chopped|finely|large|raw,true,
RESIDUE,confidence_medium,seafood,large shrimp,"large shrimp, peeled and deveined",COMPONENT,medium,large shrimp,,1,each,false,"Peeling and deveining discards shell and vein, so you buy more than you use; one shell-on large shrimp yields one peeled shrimp and is consumed doing so.",deveined|peeled,false,
RESIDUE,confidence_low,seafood,large shrimp,"large shrimp, peeled and deveined (16/20 count)",COMPONENT,low,large shrimp,,1,each,false,"Same peeling/deveining discard relationship as large shrimp -> large peeled shrimp, with an added count spec; one shell-on shrimp yields one peeled shrimp.",16|20|count|deveined|peeled,false,
RESIDUE,confidence_low,seafood,large shrimp,"large shrimp, peeled and deveined (21–25 count)",COMPONENT,low,large shrimp,,1,each,false,Peeling and deveining discards part of the purchase; one large shrimp yields one peeled shrimp.,21|25|count|deveined|peeled,false,
RESIDUE,confidence_low,seafood,large shrimp,"large shrimp, peeled and deveined (31–40 count)",COMPONENT,low,large shrimp,,1,each,false,Peeling and deveining discards part of the purchase; one large shrimp yields one peeled shrimp.,31|40|count|deveined|peeled,false,
RESIDUE,confidence_low,seafood,large shrimp,"large shrimp, peeled and deveined, tails on",COMPONENT,low,large shrimp,,1,each,false,Peeling and deveining (tails left on) discards shell and vein from the purchased shrimp; one shrimp yields one.,deveined|peeled|tail,false,
RESIDUE,confidence_medium,seafood,large shrimp,"raw shrimp, peeled and deveined, finely chopped",DISTINCT,medium,,,,,,"""large"" fixes size and leaves prep open; the other fixes raw/peeled/chopped and leaves size open — different axes.",chopped|deveined|finely|large|peeled|raw,true,
RESIDUE,confidence_medium,seafood,medium shrimp,"raw shrimp, peeled and deveined, finely chopped",DISTINCT,medium,,,,,,Size axis vs prep/rawness axis; neither name contains the other.,chopped|deveined|finely|medium|peeled|raw,true,
RESIDUE,confidence_medium,seafood,"raw shrimp, peeled and deveined, finely chopped",shrimp,SUBSUMES,medium,,shrimp,,,,"Bare ""shrimp"" is unspecified on every axis and is satisfied by raw peeled shrimp (chopping is just prep). Generic is the second name.",chopped|deveined|finely|peeled|raw,true,
RESIDUE,confidence_medium,shell taco,crunchy taco shells,taco shells,SUBSUMES,medium,,taco shells,,,,"""taco shells"" is the bare, unqualified generic; ""crunchy taco shells"" fixes the texture/style axis. A shopper needing generic taco shells is satisfied by crunchy ones, but not vice versa. Second name is the generic.",crunchy,false,
RESIDUE,confidence_medium,shell taco,hard corn taco shell,taco shells,SUBSUMES,medium,,taco shells,,,,"""taco shells"" is bare and unspecified on every axis; ""hard corn taco shell"" fixes both texture and grain. The generic demand is met by the specific, not the reverse. Second name is the generic.",corn|hard,false,
RESIDUE,confidence_medium,shell taco,hard taco shells,taco shells,SUBSUMES,medium,,taco shells,,,,"""taco shells"" is the bare generic; ""hard taco shells"" specifies the texture/style. Analogous to the crunchy and hard-corn pairs, so labelled the same way. Second name is the generic.",hard,false,
RESIDUE,confidence_medium,soy_sauce,dark soy sauce,soy sauce,SUBSUMES,medium,,soy sauce,,,,"""soy sauce"" is the bare generic; dark soy sauce is a specific kind of it. The generic is the second name.",dark,false,
RESIDUE,confidence_medium,soy_sauce,light soy sauce,soy sauce,SUBSUMES,medium,,soy sauce,,,,"""soy sauce"" is the unqualified generic; light soy sauce is a specific kind. Generic is the second name.",light,false,
RESIDUE,confidence_medium,soy_sauce,soy sauce,thin soy sauce,SUBSUMES,medium,,soy sauce,,,,"""thin soy sauce"" is a specific style (the light/thin Chinese seasoning sauce); bare ""soy sauce"" is the generic and is the first name here.",thin,false,
RESIDUE,confidence_medium,stock_broth,chicken-style vegetable broth,vegetable broth,SUBSUMES,medium,,vegetable broth,,,,"""vegetable broth"" is the bare, unqualified generic; ""chicken-style vegetable broth"" fixes the flavor-profile axis and is one specific kind of it. A shopper needing generic vegetable broth is served by the chicken-style version, but someone whose recipe calls for chicken-style flavor is not satisfied by any plain vegetable broth. Generic is the second name.",chicken|style,false,
RESIDUE,confidence_medium,stock_broth,low-sodium vegetable broth,vegetable broth,SUBSUMES,medium,,vegetable broth,,,,"""vegetable broth"" is bare and unspecified on every axis; ""low-sodium vegetable broth"" fixes the sodium axis, making it a specific kind. Generic demand is met by the low-sodium carton, but a low-sodium requirement is not met by ordinary broth. Generic is the second name, matching the treatment of the chicken-style pair.",low|sodium,false,
RESIDUE,confidence_medium,sugar,honey,hot honey,DISTINCT,medium,,,,,,Hot honey is chili-infused honey sold as its own product; plain honey will not do and hot honey would add heat where plain is wanted.,hot,false,
RESIDUE,confidence_medium,sugar,maple syrup,pure maple syrup,SUBSUMES,medium,,maple syrup,,,,"Bare ""maple syrup"" leaves purity open (pancake/table syrup qualifies); ""pure maple syrup"" fixes it, so the first is the generic.",pure,false,
RESIDUE,confidence_medium,sugar,powdered sugar,sugar,SUBSUMES,medium,,sugar,,,,"Bare ""sugar"" is unqualified on every axis; ""powdered sugar"" fixes the grind, so the second name is the generic. Judged the same way as palm/rock/brown sugar versus sugar.",powdered,false,
RESIDUE,confidence_medium,sugar,rock sugar,sugar,SUBSUMES,medium,,sugar,,,,"Bare ""sugar"" is the generic; ""rock sugar"" is a specific crystallized form of it.",rock,false,
RESIDUE,confidence_medium,sumac,dried sumac,ground sumac,SYNONYM,medium,,,,,,"Sumac is sold essentially only as the dried, ground red powder; 'dried sumac' and 'ground sumac' name the same jar off the shelf. (Wrinkle: whole dried sumac berries exist, but they are a specialty item rarely what a recipe means.)",dried|ground,true,
RESIDUE,confidence_medium,tomatillo,canned tomatillos,tomatillo,SUBSUMES,medium,,tomatillo,,,,"""tomatillo"" is the bare, unqualified generic; ""canned tomatillos"" fixes the form axis. The generic demand can be met by the canned product, but not the reverse.",canned,true,
RESIDUE,confidence_medium,tomatillo,canned tomatillos,tomatillos,SUBSUMES,medium,,tomatillos,,,,"""tomatillos"" is the bare generic; ""canned tomatillos"" is a specific form of it. Directed from the generic (second name) to the specific.",canned,true,
RESIDUE,confidence_medium,tomatillo,fresh tomatillos,tomatillo,SUBSUMES,medium,,tomatillo,,,,"""tomatillo"" is the bare generic; ""fresh tomatillos"" fixes the form axis. A generic demand is satisfied by fresh, not conversely.",fresh,true,
RESIDUE,confidence_medium,tomatillo,fresh tomatillos,tomatillos,SUBSUMES,medium,,tomatillos,,,,"""tomatillos"" is unqualified; ""fresh tomatillos"" is the specific form. Generic is the second name.",fresh,true,
RESIDUE,confidence_medium,tomatillo,tomatillos,"tomatillos, husked and halved",COMPONENT,medium,tomatillos,,1,each,false,"Husking discards the papery husk (part of the purchase goes in the bin), like peeling; halving alone would be a mere transformation. One tomatillo yields one husked, halved tomatillo.",halved|husked,false,
RESIDUE,confidence_medium,tomatillo,tomatillo,"tomatillos, husked and halved",COMPONENT,medium,tomatillo,,1,each,false,"Same relationship as tomatillos ~ husked and halved: the husk is removed and discarded, so the prepped form is derived from the whole fruit at a yield of one each.",halved|husked,false,
RESIDUE,contradiction_flagged,tomato,beefsteak tomato,ripe beefsteak tomatoes,SYNONYM,medium,,,,,,"'Ripe' describes state, not a different product; same beefsteak tomatoes.",ripe,false,signature [ripe] received SUBSUMES + SYNONYM — beefsteak tomato ~ ripe beefsteak tomatoes => SYNONYM; ripe roma tomatoes ~ roma tomatoes => SYNONYM; ripe tomato ~ tomato => SUBSUMES
RESIDUE,confidence_medium,tomato,canned crushed san marzano tomatoes,san marzano tomatoes,SUBSUMES,medium,,san marzano tomatoes,,,,'San marzano tomatoes' leaves the form open; the first fixes crushed/canned.,canned|crushed,true,
RESIDUE,confidence_medium,tomato,canned crushed san marzano tomatoes,tomato,SUBSUMES,medium,,tomato,,,,'Tomato' is the bare generic of the family; the first is a fully qualified canned form.,canned|crushed|marzano|san,true,
RESIDUE,confidence_medium,tomato,canned crushed tomatoes,tomato,SUBSUMES,medium,,tomato,,,,'Tomato' is the bare family generic; canned crushed is a specific form.,canned|crushed,true,
RESIDUE,confidence_medium,tomato,canned diced tomatoes with green chiles (rotel),diced tomatoes,DISTINCT,medium,,,,,,Rotel contains added green chiles; not interchangeable with plain diced tomatoes.,canned|chili|green|rotel,true,
RESIDUE,confidence_medium,tomato,canned diced tomatoes with green chiles (rotel),tomato,DISTINCT,medium,,,,,,"A mixed tomato-and-chile can, not simply a tomato.",canned|chili|diced|green|rotel,true,
RESIDUE,confidence_medium,tomato,canned diced tomatoes with green chiles,diced tomatoes,DISTINCT,medium,,,,,,Added green chiles make it a different can from plain diced tomatoes.,canned|chili|green,true,
RESIDUE,confidence_medium,tomato,canned diced tomatoes with green chiles,tomato,DISTINCT,medium,,,,,,"Mixed tomato-and-chile product, not a plain tomato.",canned|chili|diced|green,true,
RESIDUE,confidence_medium,tomato,canned diced tomatoes,canned diced tomatoes with green chiles,DISTINCT,medium,,,,,,Green chiles are an added ingredient; second purchase required either way.,chili|green,false,
RESIDUE,confidence_medium,tomato,canned diced tomatoes,canned diced tomatoes with green chiles (rotel),DISTINCT,medium,,,,,,Rotel adds green chiles; different can from plain diced tomatoes.,chili|green|rotel,false,
RESIDUE,confidence_medium,tomato,canned diced tomatoes,tomato,SUBSUMES,medium,,tomato,,,,'Tomato' is the bare family generic; canned diced is a specific form.,canned|diced,true,
RESIDUE,confidence_medium,tomato,canned fire-roasted diced tomatoes,tomato,SUBSUMES,medium,,tomato,,,,'Tomato' is the bare family generic.,canned|diced|fire|roasted,true,
RESIDUE,confidence_medium,tomato,canned san marzano crushed tomatoes,san marzano tomatoes,SUBSUMES,medium,,san marzano tomatoes,,,,'San marzano tomatoes' leaves form open; first fixes crushed canned.,canned|crushed,true,
RESIDUE,confidence_medium,tomato,canned san marzano crushed tomatoes,tomato,SUBSUMES,medium,,tomato,,,,'Tomato' is the bare family generic.,canned|crushed|marzano|san,true,
RESIDUE,confidence_medium,tomato,canned san marzano whole peeled tomatoes,canned san marzano whole tomatoes,SYNONYM,medium,,,,,,Canned whole San Marzano tomatoes are peeled; same product.,peeled,false,
RESIDUE,confidence_medium,tomato,canned san marzano whole peeled tomatoes,san marzano tomatoes,SUBSUMES,medium,,san marzano tomatoes,,,,'San marzano tomatoes' leaves form open; first fixes canned whole peeled.,canned|peeled|whole,true,
RESIDUE,confidence_medium,tomato,canned san marzano whole peeled tomatoes,tomato,SUBSUMES,medium,,tomato,,,,'Tomato' is the bare family generic.,canned|marzano|peeled|san|whole,true,
RESIDUE,confidence_medium,tomato,canned san marzano whole peeled tomatoes,whole san marzano tomatoes,SYNONYM,medium,,,,,,Same can; whole canned San Marzanos are peeled.,canned|peeled,true,
RESIDUE,confidence_medium,tomato,canned san marzano whole tomatoes,san marzano tomatoes,SUBSUMES,medium,,san marzano tomatoes,,,,'San marzano tomatoes' leaves form open; first fixes canned whole.,canned|whole,true,
RESIDUE,confidence_medium,tomato,canned san marzano whole tomatoes,san marzano whole peeled tomatoes,SYNONYM,medium,,,,,,Canned whole San Marzanos are the peeled product.,canned|peeled,true,
RESIDUE,confidence_medium,tomato,canned san marzano whole tomatoes,tomato,SUBSUMES,medium,,tomato,,,,'Tomato' is the bare family generic.,canned|marzano|san|whole,true,
RESIDUE,confidence_medium,tomato,canned san marzano whole tomatoes,whole peeled san marzano tomatoes,SYNONYM,medium,,,,,,"Same can, wording differs.",canned|peeled,true,
RESIDUE,confidence_medium,tomato,canned whole peeled tomatoes,tomato,SUBSUMES,medium,,tomato,,,,'Tomato' is the bare family generic; canned whole peeled is a specific form.,canned|peeled|whole,true,
RESIDUE,confidence_medium,tomato,canned whole peeled tomatoes,whole canned tomatoes,SYNONYM,medium,,,,,,Whole canned tomatoes are sold peeled; same can.,peeled,false,
RESIDUE,confidence_medium,tomato,canned whole san marzano tomatoes,san marzano tomatoes,SUBSUMES,medium,,san marzano tomatoes,,,,'San marzano tomatoes' leaves form open; first fixes canned whole.,canned|whole,true,
RESIDUE,confidence_medium,tomato,canned whole san marzano tomatoes,san marzano whole peeled tomatoes,SYNONYM,medium,,,,,,"Same can, wording differs; whole canned are peeled.",canned|peeled,true,
RESIDUE,confidence_medium,tomato,canned whole san marzano tomatoes,tomato,SUBSUMES,medium,,tomato,,,,'Tomato' is the bare family generic.,canned|marzano|san|whole,true,
RESIDUE,confidence_medium,tomato,canned whole san marzano tomatoes,whole peeled san marzano tomatoes,SYNONYM,medium,,,,,,"Same can, wording differs.",canned|peeled,true,
RESIDUE,confidence_medium,tomato,crushed canned tomatoes,tomato,SUBSUMES,medium,,tomato,,,,'Tomato' is the bare family generic.,canned|crushed,true,
RESIDUE,confidence_medium,tomato,crushed fire-roasted tomatoes,tomato,SUBSUMES,medium,,tomato,,,,'Tomato' is the bare family generic.,crushed|fire|roasted,true,
RESIDUE,confidence_medium,tomato,crushed san marzano tomatoes,san marzano tomatoes,SUBSUMES,medium,,san marzano tomatoes,,,,'San marzano tomatoes' leaves form open; first fixes crushed.,crushed,true,
RESIDUE,confidence_medium,tomato,crushed san marzano tomatoes,tomato,SUBSUMES,medium,,tomato,,,,'Tomato' is the bare family generic.,crushed|marzano|san,true,
RESIDUE,confidence_medium,tomato,"crushed tomatoes, canned",tomato,SUBSUMES,medium,,tomato,,,,'Tomato' is the bare family generic.,canned|crushed,true,
RESIDUE,confidence_medium,tomato,crushed tomatoes,tomato,SUBSUMES,medium,,tomato,,,,'Tomato' is the bare family generic.,crushed,true,
RESIDUE,confidence_medium,tomato,diced fire-roasted tomatoes,tomato,SUBSUMES,medium,,tomato,,,,'Tomato' is the bare family generic.,diced|fire|roasted,true,
RESIDUE,confidence_medium,tomato,diced tomatoes with green chiles,tomato,DISTINCT,medium,,,,,,"Tomato-and-chile can is a mixed product, not a plain tomato.",chili|diced|green,false,
RESIDUE,confidence_medium,tomato,diced tomatoes,diced tomatoes with green chiles,DISTINCT,medium,,,,,,Added green chiles make it a separate purchase from plain diced tomatoes.,chili|green,false,
RESIDUE,confidence_medium,tomato,diced tomatoes,tomato,SUBSUMES,medium,,tomato,,,,'Tomato' is the bare family generic.,diced,false,
RESIDUE,confidence_medium,tomato,fire-roasted crushed tomatoes,tomato,SUBSUMES,medium,,tomato,,,,'Tomato' is the bare family generic.,crushed|fire|roasted,true,
RESIDUE,confidence_medium,tomato,fire-roasted diced tomatoes,tomato,SUBSUMES,medium,,tomato,,,,'Tomato' is the bare family generic.,diced|fire|roasted,true,
RESIDUE,confidence_medium,tomato,fresh tomatoes,ripe tomato,SYNONYM,medium,,,,,,Both denote fresh ripe tomatoes off the produce shelf.,fresh|ripe,true,
RESIDUE,confidence_medium,tomato,fresh tomatoes,tomato,SUBSUMES,medium,,tomato,,,,'Tomato' is unqualified and covers canned forms too; 'fresh' fixes the state.,fresh,true,
RESIDUE,confidence_medium,tomato,ripe beefsteak tomatoes,ripe tomato,SUBSUMES,medium,,ripe tomato,,,,'Ripe tomato' is unspecified as to variety; beefsteak fixes it.,beefsteak,false,
RESIDUE,confidence_medium,tomato,ripe roma tomatoes,ripe tomato,SUBSUMES,medium,,ripe tomato,,,,'Ripe tomato' is unspecified as to variety; roma fixes it.,roma,false,
RESIDUE,contradiction_flagged,tomato,ripe roma tomatoes,roma tomatoes,SYNONYM,medium,,,,,,"'Ripe' describes state, not a different product.",ripe,false,signature [ripe] received SUBSUMES + SYNONYM — beefsteak tomato ~ ripe beefsteak tomatoes => SYNONYM; ripe roma tomatoes ~ roma tomatoes => SYNONYM; ripe tomato ~ tomato => SUBSUMES
RESIDUE,contradiction_flagged,tomato,ripe tomato,tomato,SUBSUMES,medium,,tomato,,,,Bare 'tomato' covers all forms; 'ripe tomato' fixes fresh/ripe state.,ripe,false,signature [ripe] received SUBSUMES + SYNONYM — beefsteak tomato ~ ripe beefsteak tomatoes => SYNONYM; ripe roma tomatoes ~ roma tomatoes => SYNONYM; ripe tomato ~ tomato => SUBSUMES
RESIDUE,confidence_medium,tomato,san marzano crushed tomatoes,san marzano tomatoes,SUBSUMES,medium,,san marzano tomatoes,,,,'San marzano tomatoes' leaves form open; first fixes crushed.,crushed,true,
RESIDUE,confidence_medium,tomato,san marzano crushed tomatoes,tomato,SUBSUMES,medium,,tomato,,,,'Tomato' is the bare family generic.,crushed|marzano|san,true,
RESIDUE,confidence_medium,tomato,san marzano tomatoes,san marzano whole peeled tomatoes,SUBSUMES,medium,,san marzano tomatoes,,,,First leaves form open; second fixes whole peeled.,peeled|whole,true,
RESIDUE,confidence_medium,tomato,san marzano tomatoes,whole peeled san marzano tomatoes,SUBSUMES,medium,,san marzano tomatoes,,,,First leaves form open; second fixes whole peeled.,peeled|whole,true,
RESIDUE,confidence_medium,tomato,san marzano tomatoes,whole san marzano tomatoes,SUBSUMES,medium,,san marzano tomatoes,,,,First leaves form open; second fixes whole.,whole,true,
RESIDUE,confidence_medium,tomato,san marzano whole peeled tomatoes,tomato,SUBSUMES,medium,,tomato,,,,'Tomato' is the bare family generic.,marzano|peeled|san|whole,true,
RESIDUE,confidence_medium,tomato,san marzano whole peeled tomatoes,whole san marzano tomatoes,SYNONYM,medium,,,,,,Whole canned San Marzanos are the peeled product.,peeled,false,
RESIDUE,confidence_medium,tomato,tomato,whole canned tomatoes,SUBSUMES,medium,,tomato,,,,First is the bare family generic; whole canned is a specific form.,canned|whole,true,
RESIDUE,confidence_medium,tomato,tomato,whole peeled san marzano tomatoes,SUBSUMES,medium,,tomato,,,,First is the bare family generic; the second is fully qualified.,marzano|peeled|san|whole,true,
RESIDUE,confidence_medium,tomato,tomato,whole peeled tomatoes,SUBSUMES,medium,,tomato,,,,First is the bare family generic; whole peeled is a specific canned form.,peeled|whole,true,
RESIDUE,confidence_medium,tomato,tomato,whole san marzano tomatoes,SUBSUMES,medium,,tomato,,,,First is the bare family generic; the second is fully qualified.,marzano|san|whole,true,
RESIDUE,confidence_medium,tomato,whole canned tomatoes,whole peeled tomatoes,SYNONYM,medium,,,,,,Whole canned tomatoes are sold peeled; same can.,canned|peeled,true,
RESIDUE,confidence_medium,tomato,whole peeled san marzano tomatoes,whole san marzano tomatoes,SYNONYM,medium,,,,,,Same can; whole canned San Marzanos are peeled.,peeled,false,
RESIDUE,confidence_medium,turmeric,ground turmeric,turmeric,SUBSUMES,medium,,turmeric,,,,"""turmeric"" is the bare generic name (could be fresh rhizome or dried ground spice); ""ground turmeric"" fixes the form axis, so the generic is the SECOND name. A shopper needing generic turmeric is served by ground turmeric, but one needing ground is not served by fresh root.",ground,true,
RESIDUE,confidence_medium,turmeric,turmeric,turmeric powder,SUBSUMES,medium,,turmeric,,,,"Same structure as the ground/turmeric pair, with the names in the other order: ""turmeric"" is the bare generic, ""turmeric powder"" specifies the dried ground form. Generic is the FIRST name.",powder,true,
RESIDUE,contradiction_flagged,vinegar,rice vinegar,rice wine vinegar,SYNONYM,high,,,,,,'Rice wine vinegar' is the common alternate name for rice vinegar; the same bottle is sold under either label.,wine,false,signature [wine] received DISTINCT + SYNONYM — rice vinegar ~ rice wine vinegar => SYNONYM; white vinegar ~ white wine vinegar => DISTINCT
RESIDUE,confidence_medium,vinegar,white cane vinegar,white vinegar,DISTINCT,medium,,,,,,"'White vinegar' on a shelf is distilled white vinegar (grain/spirit based); white cane vinegar is a separate sugarcane-based product, a second bottle and a second purchase.",cane,false,
RESIDUE,contradiction_flagged,vinegar,white vinegar,white wine vinegar,DISTINCT,high,,,,,,"White vinegar is the harsh distilled product; white wine vinegar is fermented from white wine. Different bottles, not interchangeable.",wine,false,signature [wine] received DISTINCT + SYNONYM — rice vinegar ~ rice wine vinegar => SYNONYM; white vinegar ~ white wine vinegar => DISTINCT
RESIDUE,confidence_medium,water,boiling water,water,SYNONYM,medium,,,,,,'Boiling' is a temperature/preparation state of ordinary water; nothing is discarded and no separate purchase is needed — you heat what you already have.,boiling,false,
RESIDUE,confidence_medium,water,cold sparkling water,water,DISTINCT,medium,,,,,,"Sparkling water is a carbonated bottled product; a shopper with plain water must make a second purchase to get it, and the chilling qualifier does not change that.",cold|sparkling,false,
RESIDUE,confidence_medium,water,cold water,water,SYNONYM,medium,,,,,,'Cold' is a temperature state of the same water; no separate purchase and nothing discarded.,cold,false,
RESIDUE,confidence_medium,water,ice water,water,SYNONYM,medium,,,,,,"Ice water is simply water chilled; it is the same substance in a different temperature state, requiring no additional purchase.",ice,false,
RESIDUE,confidence_medium,water,ice-cold water,water,SYNONYM,medium,,,,,,"'Ice-cold' fixes only temperature, a preparation state of ordinary water; same single item.",cold|ice,false,
RESIDUE,confidence_low,water,pasta cooking water,water,COMPONENT,low,water,,1,cup,true,"Starchy pasta cooking water is obtained from the water you already have by cooking pasta in it — no extra purchase, but work to produce it.",cooking|pasta,false,
RESIDUE,confidence_low,water,reserved pasta cooking water,water,COMPONENT,low,water,,1,cup,true,"Reserved pasta cooking water is the same byproduct of boiling pasta in water you already own; derived from the base water, no second purchase.",cooking|pasta|reserved,false,
RESIDUE,confidence_medium,water,warm water,water,SYNONYM,medium,,,,,,"'Warm' is only a temperature state of ordinary water; same item, nothing extra to buy or discard.",warm,false,
RESIDUE,confidence_medium,zucchini,reserved zucchini flesh,zucchini,COMPONENT,medium,zucchini,,0.5,cup,true,"You buy whole zucchini; the ""reserved flesh"" is the scooped-out interior from hollowing it, requiring work but no second purchase. The shell remains usable, so it co-harvests with other parts of the same squash.",flesh|reserved,false,
SPOTCHECK,auto_accepted_spot_check,pork,bulk italian sausage,italian sausage,SUBSUMES,high,,italian sausage,,,,"'Italian sausage' is the bare generic; 'bulk' fixes the form, so the generic is the second name.",bulk,false,
SPOTCHECK,auto_accepted_spot_check,salsa,chunky salsa,salsa,SUBSUMES,high,,salsa,,,,"""salsa"" is the bare generic; ""chunky"" fixes the texture axis. A shopper needing salsa is served by chunky salsa, not the reverse.",chunky,false,
SPOTCHECK,auto_accepted_spot_check,rice_grain,dried rice noodles,wide dried rice noodles (sen yai),SUBSUMES,high,,dried rice noodles,,,,"""dried rice noodles"" leaves width open; sen yai wide is a specific kind.",sen|wide|yai,false,
SPOTCHECK,auto_accepted_spot_check,rice_grain,long-grain brown rice,long-grain white rice,DISTINCT,high,,,,,,Brown and white milling are different products.,brown|white,false,
SPOTCHECK,auto_accepted_spot_check,greens,fresh lacinato kale,lacinato kale,SYNONYM,high,,,,,,"""fresh"" restates the default state of lacinato kale; same bunch.",fresh,true,
SPOTCHECK,auto_accepted_spot_check,chili,pinch of kashmiri red chili powder,red chili,DISTINCT,high,,,,,,Ground Kashmiri powder versus whole red chile peppers.,kashmiri|pinch|powder,true,
SPOTCHECK,auto_accepted_spot_check,bean_legume,canned pinto beans,dried pinto beans,DISTINCT,high,,,,,,Canned versus dried pinto beans: two separate purchases.,canned|dried,true,
SPOTCHECK,auto_accepted_spot_check,pork,bone-in pork chops,"bone-in pork chops, about 1-inch thick",SUBSUMES,high,,bone-in pork chops,,,,Bare generic on thickness versus a 1-inch spec.,thick,false,
SPOTCHECK,auto_accepted_spot_check,tomato,canned whole peeled tomatoes,diced tomatoes,DISTINCT,high,,,,,,Whole peeled vs diced: two different cans.,canned|diced|peeled|whole,true,
SPOTCHECK,auto_accepted_spot_check,poultry,boneless skinless turkey breast,cooked turkey breast,DISTINCT,high,,,,,,Raw turkey breast vs cooked turkey breast are different purchases.,boneless|cooked|skinless,true,
SPOTCHECK,auto_accepted_spot_check,chili,canned diced green chiles,canned diced tomatoes with green chiles,DISTINCT,high,,,,,,A can of diced green chiles and a can of tomatoes with green chiles are two different cans.,tomato,false,
SPOTCHECK,auto_accepted_spot_check,pepper_corn,green bell pepper,red bell pepper,DISTINCT,high,,,,,,Two specific colours; two purchases.,green|red,false,
SPOTCHECK,auto_accepted_spot_check,tomato,canned fire-roasted diced tomatoes,fire-roasted diced tomatoes,SYNONYM,high,,,,,,Same can; 'canned' implicit.,canned,true,
SPOTCHECK,auto_accepted_spot_check,flour_starch,cornmeal,yellow cornmeal,SUBSUMES,high,,cornmeal,,,,Bare 'cornmeal' is the generic; 'yellow' fixes the colour.,yellow,false,
SPOTCHECK,auto_accepted_spot_check,tomato,canned san marzano whole peeled tomatoes,whole peeled san marzano tomatoes,SYNONYM,high,,,,,,"Same can, words reordered.",canned,true,
SPOTCHECK,auto_accepted_spot_check,tomato,tomato,tomato passata,DISTINCT,high,,,,,,"Passata is a processed bottled purée, a separate purchase.",passata,false,
SPOTCHECK,auto_accepted_spot_check,tomato,canned fire-roasted diced tomatoes,crushed fire-roasted tomatoes,DISTINCT,high,,,,,,Diced vs crushed: two different cans.,canned|crushed|diced,true,
SPOTCHECK,auto_accepted_spot_check,edamame,edamame,shelled edamame,SUBSUMES,high,,edamame,,,,"""edamame"" is bare and unspecified on every axis, so it is satisfied by shelled edamame; a shopper needing shelled beans is not satisfied by pods-on edamame without podding work. Bare generic is the first name.",shelled,false,
SPOTCHECK,auto_accepted_spot_check,sugar,palm sugar,sugar,SUBSUMES,high,,sugar,,,,"Bare ""sugar"" is the generic; ""palm sugar"" is a specific source-qualified kind.",palm,false,
SPOTCHECK,auto_accepted_spot_check,seafood,salmon fillets,skin-on salmon fillets,SUBSUMES,high,,salmon fillets,,,,"Bare ""salmon fillets"" is the generic; skin-on is the specific. Generic is the first name.",skin,false,
SPOTCHECK,auto_accepted_spot_check,allium,garlic head,head of garlic,SYNONYM,high,,,,,,Word-order variants of the same bulb.,(identical),false,
SPOTCHECK,auto_accepted_spot_check,bean_legume,canned white cannellini beans,cannellini beans,SUBSUMES,high,,cannellini beans,,,,"""cannellini beans"" is the bare generic (white is redundant); the canned version is the specific.",canned|white,true,
SPOTCHECK,auto_accepted_spot_check,chili,canned green chiles,dried whole red chilies,DISTINCT,high,,,,,,Canned green chiles and whole dried red chiles are separate purchases.,canned|dried|green|red|whole,true,
SPOTCHECK,auto_accepted_spot_check,eggplant,eggplant,globe eggplant,SUBSUMES,high,,eggplant,,,,"""eggplant"" is the bare generic; ""globe eggplant"" is a specific variety of it. A shopper needing eggplant is satisfied by a globe eggplant, but one needing globe specifically is not satisfied by any eggplant.",globe,false,
SPOTCHECK,auto_accepted_spot_check,tomato,canned crushed san marzano tomatoes,canned san marzano whole peeled tomatoes,DISTINCT,high,,,,,,Crushed can vs whole peeled can: two different purchases.,crushed|peeled|whole,true,
SPOTCHECK,auto_accepted_spot_check,rice_grain,rice noodles,rice vermicelli noodles,SUBSUMES,high,,rice noodles,,,,"""rice noodles"" is the bare generic; vermicelli fixes the shape axis.",vermicelli,false,
SPOTCHECK,auto_accepted_spot_check,pork,bone-in pork chops,bone-in thick-cut pork chops,SUBSUMES,high,,bone-in pork chops,,,,Bare generic on thickness; 'thick-cut' fixes it.,cut|thick,false,
SPOTCHECK,auto_accepted_spot_check,allium,medium yellow onion,yellow onion,SUBSUMES,high,,yellow onion,,,,'Yellow onion' is unspecified on size and covers the medium one; not the reverse. Second name is the generic.,medium,false,
SPOTCHECK,auto_accepted_spot_check,nut_seed,black mustard seeds,mustard seeds,SUBSUMES,high,,mustard seeds,,,,"""mustard seeds"" is the bare generic; ""black mustard seeds"" is a specific kind of it. Generic is the second name.",black,false,
SPOTCHECK,auto_accepted_spot_check,seafood,skin-on salmon fillets,skinless salmon fillet,DISTINCT,high,,,,,,Two specifics on the skin axis; a shopper needing one must buy the other.,skin|skinless,false,
SPOTCHECK,auto_accepted_spot_check,wine,red wine,white wine,DISTINCT,high,,,,,,"Two specifics on the colour axis; two bottles, two purchases.",red|white,false,
SPOTCHECK,auto_accepted_spot_check,bread,thick-cut corn tortilla chips,tortilla chips,SUBSUMES,high,,tortilla chips,,,,"""tortilla chips"" is the bare generic; thick-cut corn chips are a specific kind, so the second name is generic.",corn|cut|thick,false,
SPOTCHECK,auto_accepted_spot_check,chili,dried red chili flakes,red chili,DISTINCT,high,,,,,,Flakes are a separate jar from whole chile peppers.,dried|flake,true,
SPOTCHECK,auto_accepted_spot_check,poultry,bone-in skin-on chicken breast,chicken breast,SUBSUMES,high,,chicken breast,,,,"""chicken breast"" is the bare generic; bone-in skin-on is a specific form of it.",bone|skin,false,
SPOTCHECK,auto_accepted_spot_check,tomato,canned crushed san marzano tomatoes,san marzano whole peeled tomatoes,DISTINCT,high,,,,,,Crushed vs whole peeled: two different cans.,canned|crushed|peeled|whole,true,
SPOTCHECK,auto_accepted_spot_check,tomato,crushed tomatoes,fire-roasted crushed tomatoes,SUBSUMES,high,,crushed tomatoes,,,,First is the generic; fire-roasted is a specific kind of crushed tomatoes.,fire|roasted,true,
SPOTCHECK,auto_accepted_spot_check,cardamom pod,cardamom pods,green cardamom pods,SUBSUMES,high,,cardamom pods,,,,"""cardamom pods"" is the bare generic (and green is the default kind), while ""green cardamom pods"" fixes the variety axis. Generic demand is met by green pods, not vice versa. First name is generic.",green,false,
SPOTCHECK,auto_accepted_spot_check,pork,hot italian sausage,mild italian sausage,DISTINCT,high,,,,,,Hot and mild are two different specified products on the same axis.,hot|mild,false,
SPOTCHECK,auto_accepted_spot_check,allium,garlic,garlic powder,DISTINCT,high,,,,,,Dried powdered spice jar vs fresh bulb; separate purchases.,powder,true,
SPOTCHECK,auto_accepted_spot_check,pork,bacon,thick-cut bacon strips,SUBSUMES,high,,bacon,,,,Bare 'bacon' subsumes bacon qualified on thickness and form.,cut|strip|thick,false,
SPOTCHECK,auto_accepted_spot_check,sugar,dark brown sugar,white sugar,DISTINCT,high,,,,,,Two different qualified products; a shopper with one must buy the other.,brown|dark|white,false,
SPOTCHECK,auto_accepted_spot_check,tomato,canned crushed tomatoes,crushed tomatoes,SYNONYM,high,,,,,,Crushed tomatoes are sold canned; same product.,canned,true,
SPOTCHECK,auto_accepted_spot_check,seafood,large shell-on shrimp (16/20 count),shrimp,SUBSUMES,high,,shrimp,,,,"Bare ""shrimp"" is unspecified on every axis and is satisfied by large shell-on 16/20; generic is the second name.",16|20|count|large|shell,false,
SPOTCHECK,auto_accepted_spot_check,bread,brioche buns,brioche hamburger bun,SUBSUMES,high,,brioche buns,,,,"Bare ""brioche buns"" covers hamburger-shaped brioche buns; the reverse does not hold.",hamburger,false,
SPOTCHECK,auto_accepted_spot_check,root_veg,red potatoes,sweet potatoes,DISTINCT,high,,,,,,Different vegetables.,red|sweet,false,
SPOTCHECK,auto_accepted_spot_check,flour_starch,large flour tortillas,small flour tortillas,DISTINCT,high,,,,,,Large and small are two sibling specifics on the size axis.,large|small,false,
SPOTCHECK,auto_accepted_spot_check,pepper_corn,"black pepper, ground",ground black pepper,SYNONYM,high,,,,,,"Same product, word order reversed.",(identical),false,
SPOTCHECK,auto_accepted_spot_check,greens,lettuce,romaine lettuce,SUBSUMES,high,,lettuce,,,,"Bare generic ""lettuce"" first; romaine is a specific variety.",romaine,false,
SPOTCHECK,auto_accepted_spot_check,allium,large yellow onion,red onion,DISTINCT,high,,,,,,"Yellow (with size) vs red — different colours, both specified.",large|red|yellow,false,
SPOTCHECK,auto_accepted_spot_check,soy_sauce,dark soy sauce,low-sodium soy sauce,DISTINCT,high,,,,,,Both names carry qualifiers on different axes (style vs sodium level); a shopper with dark soy sauce needing low-sodium must buy another bottle.,dark|low|sodium,false,
SPOTCHECK,auto_accepted_spot_check,chili,canned diced green chiles,dried whole red chilies,DISTINCT,high,,,,,,Canned green chiles versus whole dried red chiles are unrelated purchases.,canned|diced|dried|green|red|whole,true,
SPOTCHECK,auto_accepted_spot_check,tomato,fresh tomatoes,whole canned tomatoes,DISTINCT,high,,,,,,Fresh produce vs a can.,canned|fresh|whole,true,
SPOTCHECK,auto_accepted_spot_check,kimchi,kimchi,kimchi juice,COMPONENT,high,kimchi,,0.5,cup,true,Kimchi juice is the liquid from the same jar of kimchi — same relationship as kimchi to kimchi brine.,juice,true,
SPOTCHECK,auto_accepted_spot_check,pork,andouille smoked sausage,smoked sausage,SUBSUMES,high,,smoked sausage,,,,"'Smoked sausage' is the bare generic; andouille is one specific smoked sausage. A shopper needing smoked sausage is served by andouille, not the reverse.",andouille,false,
SPOTCHECK,auto_accepted_spot_check,herb,fresh mint,fresh mint leaves,COMPONENT,high,fresh mint,,1,cup,true,You buy the mint bunch; picking leaves discards the stems.,leaf,false,
SPOTCHECK,auto_accepted_spot_check,tomato,condensed tomato soup,tomato,DISTINCT,high,,,,,,Canned soup is a wholly different product from a tomato.,condensed|soup,false,
SPOTCHECK,auto_accepted_spot_check,pork,bone-in pork chops,"bone-in pork chops, about 1 inch thick",SUBSUMES,high,,bone-in pork chops,,,,Bare 'bone-in pork chops' is unspecified on thickness; the second fixes it.,thick,false,
SPOTCHECK,auto_accepted_spot_check,root_veg,carrots,frozen peas and carrots,DISTINCT,high,,,,,,A frozen mixed-vegetable bag is a separate product from fresh carrots.,frozen|pea,true,
SPOTCHECK,auto_accepted_spot_check,tomato,canned san marzano crushed tomatoes,canned whole san marzano tomatoes,DISTINCT,high,,,,,,Crushed vs whole: two different cans.,crushed|whole,true,
SPOTCHECK,auto_accepted_spot_check,tomato,crushed fire-roasted tomatoes,fire-roasted diced tomatoes,DISTINCT,high,,,,,,Crushed vs diced: two different cans.,crushed|diced,true,
