row_kind,reason,family,name_a,name_b,label,confidence,base_is,generic_is,yield_qty,yield_unit,co_harvestable,judge_reason,signature,straddles_processing,contradiction_detail
RESIDUE,contradiction_flagged,allium,chives,dried chives,DISTINCT,high,,,,,,"Bare 'chives' means the fresh herb; dried chives are a separate spice-aisle purchase, like fresh vs dried basil.",dried,true,"same base, prep difference, received DISTINCT + SYNONYM — chives ~ dried chives [dried] => DISTINCT; chives ~ fresh chives [fresh] => SYNONYM"
RESIDUE,contradiction_flagged,allium,chives,fresh chives,SYNONYM,high,,,,,,Bare 'chives' already denotes the fresh herb; same bunch on the shelf.,fresh,true,"same base, prep difference, received DISTINCT + SYNONYM — chives ~ dried chives [dried] => DISTINCT; chives ~ fresh chives [fresh] => SYNONYM"
RESIDUE,confidence_medium,allium,chives,garlic chives,DISTINCT,medium,,,,,,Garlic chives are a different plant (Allium tuberosum) sold separately; bare 'chives' means common chives.,garlic,false,
RESIDUE,confidence_medium,allium,crispy fried onions,fried onions,SYNONYM,medium,,,,,,"Both name the crisp fried onion topping; 'crispy' is descriptive, not a different product.",crispy,false,
RESIDUE,confidence_medium,allium,crispy fried onions,onion,DISTINCT,medium,,,,,,"Crispy fried onions are a cooked/packaged product, not a part you extract from a raw onion; the raw bulb does not satisfy the call.",crispy|fried,false,
RESIDUE,confidence_medium,allium,fried onions (birista),onion,DISTINCT,medium,,,,,,"Birista is a cooked fried-onion preparation/product, not a part harvested from a raw onion.",birista|fried,false,
RESIDUE,confidence_medium,allium,fried onions,onion,DISTINCT,medium,,,,,,Fried onions are a cooked preparation/packaged product; a raw onion does not satisfy the demand.,fried,false,
RESIDUE,confidence_low,allium,"frozen pearl onions, thawed",onion,SUBSUMES,low,,onion,,,,"'onion' is the bare unqualified generic and pearl onions are a kind of onion, though the frozen form stretches the coverage.",frozen|pearl|thawed,true,
RESIDUE,confidence_medium,allium,"frozen pearl onions, thawed",pearl onion,DISTINCT,medium,,,,,,Frozen pearl onions are a freezer-case purchase; bare 'pearl onion' means the fresh bulb.,frozen|thawed,true,
RESIDUE,confidence_low,allium,frozen pearl onions,onion,SUBSUMES,low,,onion,,,,Bare 'onion' is the unqualified generic; frozen pearl onions are one qualified kind of onion.,frozen|pearl,true,
RESIDUE,confidence_medium,allium,frozen pearl onions,pearl onion,DISTINCT,medium,,,,,,Frozen bag versus fresh pearl onions: two different purchases.,frozen,true,
RESIDUE,confidence_medium,allium,garlic cloves,"garlic cloves, peeled",SYNONYM,medium,,,,,,Peeling a clove removes only inedible papery skin; the whole purchase is still used.,peeled,false,
RESIDUE,confidence_medium,allium,garlic,garlic head,SYNONYM,medium,,,,,,Buying 'garlic' is buying a head; same single purchase.,head,false,
RESIDUE,confidence_medium,allium,garlic,head of garlic,SYNONYM,medium,,,,,,Buying 'garlic' means buying a head of garlic; one product.,head,false,
RESIDUE,confidence_medium,allium,garlic,whole garlic head,SYNONYM,medium,,,,,,Same purchase; 'whole head' is just an explicit phrasing of garlic as sold.,head|whole,true,
RESIDUE,contradiction_flagged,allium,green onions,onion,DISTINCT,medium,,,,,,"In recipe usage 'onion' means a bulb onion; green onions are a separate item, not a kind of it.",green,false,"same base, color difference, received DISTINCT + SUBSUMES — green onions ~ onion [green] => DISTINCT; onion ~ red onion [red] => SUBSUMES; onion ~ white onion [white] => SUBSUMES; onion ~ yellow onion [yellow] => SUBSUMES"
RESIDUE,confidence_medium,allium,large yellow onion,yellow onion,DISTINCT,medium,,,,,,"Bare 'yellow onion' denotes the standard medium bulb, a sibling of the large size rather than its parent.",large,false,
RESIDUE,confidence_medium,allium,onion,pearl onion,SUBSUMES,medium,,onion,,,,Pearl onions are a specific small bulb onion; the bare generic 'onion' covers them.,pearl,false,
RESIDUE,contradiction_flagged,allium,onion,red onion,SUBSUMES,high,,onion,,,,'onion' is the bare generic; red onion is a specific variety.,red,false,"same base, color difference, received DISTINCT + SUBSUMES — green onions ~ onion [green] => DISTINCT; onion ~ red onion [red] => SUBSUMES; onion ~ white onion [white] => SUBSUMES; onion ~ yellow onion [yellow] => SUBSUMES"
RESIDUE,confidence_medium,allium,onion,sliced green onions,DISTINCT,medium,,,,,,"Green onions are a separate produce item from bulb onions, not a variety of them.",green|sliced,false,
RESIDUE,confidence_medium,allium,onion,spring onions,DISTINCT,medium,,,,,,Spring onions are a distinct product from the bulb onion a recipe means by 'onion'.,spring,false,
RESIDUE,contradiction_flagged,allium,onion,white onion,SUBSUMES,high,,onion,,,,'onion' is the bare generic; white onion is a specific variety of it.,white,false,"same base, color difference, received DISTINCT + SUBSUMES — green onions ~ onion [green] => DISTINCT; onion ~ red onion [red] => SUBSUMES; onion ~ white onion [white] => SUBSUMES; onion ~ yellow onion [yellow] => SUBSUMES"
RESIDUE,contradiction_flagged,allium,onion,yellow onion,SUBSUMES,high,,onion,,,,'onion' is the bare generic; yellow onion is a specific variety.,yellow,false,"same base, color difference, received DISTINCT + SUBSUMES — green onions ~ onion [green] => DISTINCT; onion ~ red onion [red] => SUBSUMES; onion ~ white onion [white] => SUBSUMES; onion ~ yellow onion [yellow] => SUBSUMES"
RESIDUE,confidence_medium,apple,apple,apple cider,DISTINCT,medium,,,,,,"Apple cider is a separately purchased pressed-and-bottled beverage; you cannot get it from a whole apple without pressing equipment, so a shopper holding apples must still buy cider.",cider,false,
RESIDUE,confidence_medium,apple,apple,crisp apple,SUBSUMES,medium,,apple,,,,"'Apple' is the bare generic, unqualified on every axis; 'crisp apple' fixes the texture axis. A demand for apple is met by a crisp apple, not vice versa.",crisp,false,
RESIDUE,confidence_medium,asparagu,asparagus,fresh asparagus,SYNONYM,medium,,,,,,"Bare ""asparagus"" in a recipe context defaults to the fresh produce item; ""fresh"" merely states the default. Same bunch off the same shelf.",fresh,true,
RESIDUE,confidence_medium,asparagu,asparagus,fresh asparagus spears,SYNONYM,medium,,,,,,"Combines two non-differentiating qualifiers: ""fresh"" is the default state and ""spears"" is the default form. Identical purchase.",fresh|spear,true,
RESIDUE,confidence_medium,asparagu,asparagus,"fresh asparagus spears, thick-cut",SUBSUMES,medium,,asparagus,,,,"""asparagus"" is bare and unspecified on the thickness axis; ""thick-cut"" fixes stalk thickness. A shopper needing plain asparagus is happy with thick spears, but one needing thick spears is not satisfied by pencil-thin ones.",cut|fresh|spear|thick,true,
RESIDUE,confidence_medium,asparagu,fresh asparagus,"fresh asparagus spears, thick-cut",SUBSUMES,medium,,fresh asparagus,,,,"""fresh asparagus"" leaves stalk thickness open; ""thick-cut"" fixes it. Demand for the generic is met by thick spears, not the reverse.",cut|spear|thick,false,
RESIDUE,confidence_medium,asparagu spear,asparagus spears,fresh asparagus spears,SYNONYM,medium,,,,,,"Asparagus spears are sold fresh by default; 'fresh' merely states the standard form of the same produce purchase, so either name buys the same bunch.",fresh,true,
RESIDUE,confidence_medium,avocado,avocado,ripe avocado,SUBSUMES,medium,,avocado,,,,"""avocado"" is unqualified on the ripeness axis and a shopper needing an avocado is satisfied by a ripe one, while someone needing ripe is not satisfied by any avocado (a rock-hard one fails).",ripe,false,
RESIDUE,confidence_medium,avocado,avocado,ripe hass avocados,SUBSUMES,medium,,avocado,,,,"Bare generic ""avocado"" is unspecified on both ripeness and variety, so it is satisfied by ripe Hass avocados; the reverse does not hold.",hass|ripe,false,
RESIDUE,confidence_medium,avocado,ripe avocado,ripe hass avocados,SUBSUMES,medium,,ripe avocado,,,,"Both fix ripeness, but the first leaves variety open while the second fixes it to Hass; subsumption within the ripe tier, first name is the generic.",hass,false,
RESIDUE,confidence_medium,bay leaf,bay leaves,dried bay leaves,SYNONYM,medium,,,,,,"Bay leaves are sold and used dried by default; a shopper asked for 'bay leaves' buys the jar of dried bay leaves. The bare name denotes the standard (dried) form rather than acting as a parent over fresh and dried, so it is synonymous with 'dried bay leaves' (fresh bay leaves would be a separate, explicitly qualified product).",dried,true,
RESIDUE,confidence_medium,bean_legume,bean sprouts,fresh bean sprouts,SUBSUMES,medium,,bean sprouts,,,,"'bean sprouts' is the bare generic; 'fresh' fixes the form axis and is satisfied by the specific, not the reverse.",fresh,true,
RESIDUE,confidence_medium,bean_legume,black beans,cooked black beans,SUBSUMES,medium,,black beans,,,,Bare 'black beans' subsumes the cooked state; a demand for cooked beans is not met by just any black beans.,cooked,true,
RESIDUE,contradiction_flagged,bean_legume,black beans,dried black beans,SUBSUMES,high,,black beans,,,,"Bare generic vs the dried form, one axis (form), first name unqualified.",dried,true,signature [dried] received SUBSUMES + SYNONYM — black beans ~ dried black beans => SUBSUMES; chickpeas ~ dried chickpeas => SUBSUMES; dried green split peas ~ green split peas => SYNONYM; dried navy beans ~ navy beans => SUBSUMES; dried pinto beans ~ pinto beans => SUBSUMES; dried red kidney beans ~ red kidney beans => SUBSUMES
RESIDUE,confidence_medium,bean_legume,black beans,refried black beans,DISTINCT,medium,,,,,,Refried black beans are a prepared/canned product requiring fat and seasoning; a separate purchase.,refried,false,
RESIDUE,contradiction_flagged,bean_legume,canned black beans,cooked black beans,SUBSUMES,medium,,cooked black beans,,,,"Canned black beans are already cooked, so they satisfy a demand for 'cooked black beans'; the broader term is the second.",canned|cooked,true,"SUBSUMES declares ""cooked black beans"" generic over ""canned black beans"", but the declared generic is not the less-qualified name — two specifics are DISTINCT, never SUBSUMES (D-WS9-202)"
RESIDUE,contradiction_flagged,bean_legume,canned dark red kidney beans,kidney beans,SUBSUMES,high,,kidney beans,,,,'kidney beans' is bare on every axis and is satisfied by canned dark red kidney beans; generic is the second.,canned|dark|red,true,signature [canned|dark|red] received DISTINCT + SUBSUMES — canned dark red kidney beans ~ kidney beans => SUBSUMES; canned kidney beans ~ dark red kidney beans => DISTINCT
RESIDUE,confidence_medium,bean_legume,canned dark red kidney beans,red kidney beans,SUBSUMES,medium,,red kidney beans,,,,'red kidney beans' leaves form and shade-depth open; the canned dark red version fills both. Generic is the second.,canned|dark,true,
RESIDUE,contradiction_flagged,bean_legume,canned kidney beans,dark red kidney beans,DISTINCT,medium,,,,,,"Different axes: one fixes form (canned, shade open), the other fixes shade (dark red, form open). Neither covers the other.",canned|dark|red,true,signature [canned|dark|red] received DISTINCT + SUBSUMES — canned dark red kidney beans ~ kidney beans => SUBSUMES; canned kidney beans ~ dark red kidney beans => DISTINCT
RESIDUE,confidence_medium,bean_legume,canned kidney beans,red kidney beans,DISTINCT,medium,,,,,,Different axes: 'canned' fixes form and leaves colour open; 'red' fixes colour and leaves form open.,canned|red,true,
RESIDUE,confidence_medium,bean_legume,canned refried beans,refried black beans,DISTINCT,medium,,,,,,"Different axes and different beans: canned (form, bean type open) vs black (bean type, form open); standard refried beans are pinto.",black|canned,true,
RESIDUE,confidence_medium,bean_legume,chana dal (split yellow chickpeas),chickpeas,DISTINCT,medium,,,,,,"Chana dal is a hulled, split, dried pulse sold as its own product; whole chickpeas will not substitute.",chana|dal|split|yellow,false,
RESIDUE,contradiction_flagged,bean_legume,chickpeas,dried chickpeas,SUBSUMES,high,,chickpeas,,,,Bare 'chickpeas' is unqualified on form and is satisfied by dried; the reverse fails. Generic is the first.,dried,true,signature [dried] received SUBSUMES + SYNONYM — black beans ~ dried black beans => SUBSUMES; chickpeas ~ dried chickpeas => SUBSUMES; dried green split peas ~ green split peas => SYNONYM; dried navy beans ~ navy beans => SUBSUMES; dried pinto beans ~ pinto beans => SUBSUMES; dried red kidney beans ~ red kidney beans => SUBSUMES
RESIDUE,confidence_medium,bean_legume,cooked black beans,dried black beans,COMPONENT,medium,dried black beans,,3,cup,false,"Dried beans are the purchase; cooking them (work, nothing discarded) yields cooked black beans.",cooked|dried,true,
RESIDUE,confidence_medium,bean_legume,dark red kidney beans,dried red kidney beans,DISTINCT,medium,,,,,,Different axes: 'dark red' fixes shade with form open; 'dried red' fixes form with shade-depth open.,dark|dried,true,
RESIDUE,confidence_medium,bean_legume,dark red kidney beans,red kidney beans,SUBSUMES,medium,,red kidney beans,,,,"Same axis (shade): 'red kidney beans' covers both light and dark red, so the second is the generic.",dark,false,
RESIDUE,contradiction_flagged,bean_legume,dried green split peas,green split peas,SYNONYM,high,,,,,,Green split peas are always sold dried; same bag.,dried,true,signature [dried] received SUBSUMES + SYNONYM — black beans ~ dried black beans => SUBSUMES; chickpeas ~ dried chickpeas => SUBSUMES; dried green split peas ~ green split peas => SYNONYM; dried navy beans ~ navy beans => SUBSUMES; dried pinto beans ~ pinto beans => SUBSUMES; dried red kidney beans ~ red kidney beans => SUBSUMES
RESIDUE,contradiction_flagged,bean_legume,dried navy beans,navy beans,SUBSUMES,high,,navy beans,,,,Bare 'navy beans' is the generic; dried is one form of it. Generic is the second.,dried,true,signature [dried] received SUBSUMES + SYNONYM — black beans ~ dried black beans => SUBSUMES; chickpeas ~ dried chickpeas => SUBSUMES; dried green split peas ~ green split peas => SYNONYM; dried navy beans ~ navy beans => SUBSUMES; dried pinto beans ~ pinto beans => SUBSUMES; dried red kidney beans ~ red kidney beans => SUBSUMES
RESIDUE,contradiction_flagged,bean_legume,dried pinto beans,pinto beans,SUBSUMES,high,,pinto beans,,,,Bare 'pinto beans' is the generic; dried is a specific form. Generic is the second.,dried,true,signature [dried] received SUBSUMES + SYNONYM — black beans ~ dried black beans => SUBSUMES; chickpeas ~ dried chickpeas => SUBSUMES; dried green split peas ~ green split peas => SYNONYM; dried navy beans ~ navy beans => SUBSUMES; dried pinto beans ~ pinto beans => SUBSUMES; dried red kidney beans ~ red kidney beans => SUBSUMES
RESIDUE,contradiction_flagged,bean_legume,dried red kidney beans,red kidney beans,SUBSUMES,high,,red kidney beans,,,,"Same bean, second name leaves form open; 'dried' fills it. Generic is the second.",dried,true,signature [dried] received SUBSUMES + SYNONYM — black beans ~ dried black beans => SUBSUMES; chickpeas ~ dried chickpeas => SUBSUMES; dried green split peas ~ green split peas => SYNONYM; dried navy beans ~ navy beans => SUBSUMES; dried pinto beans ~ pinto beans => SUBSUMES; dried red kidney beans ~ red kidney beans => SUBSUMES
RESIDUE,confidence_medium,bean_legume,fresh green beans,green beans,SUBSUMES,medium,,green beans,,,,Bare 'green beans' leaves form open and is met by fresh ones; generic is the second name.,fresh,true,
RESIDUE,confidence_medium,bean_legume,fresh snap peas,snap peas,SUBSUMES,medium,,snap peas,,,,Bare 'snap peas' leaves form open and is satisfied by fresh; generic is the second name.,fresh,true,
RESIDUE,confidence_medium,bean_legume,frozen green beans,green beans,SUBSUMES,medium,,green beans,,,,Bare 'green beans' is the generic; frozen is one specific form. Generic is the second name.,frozen,true,
RESIDUE,confidence_medium,bean_legume,refried beans,refried black beans,SUBSUMES,medium,,refried beans,,,,'refried beans' leaves the bean type open; refried black beans are one specific kind. Generic is the first.,black,false,
RESIDUE,confidence_medium,beef,80/20 ground beef,ground beef (80/20 chuck),SUBSUMES,medium,,80/20 ground beef,,,,"Both fix the 80/20 fat ratio, but the second also fixes the cut (chuck). The first leaves the cut axis open, so it is the broader name.",chuck,false,
RESIDUE,confidence_medium,beef,beef broth,"beef broth, low-sodium",SUBSUMES,medium,,beef broth,,,,"Bare ""beef broth"" leaves the sodium axis open and is satisfied by a low-sodium carton; the reverse is not true.",low|sodium,false,
RESIDUE,confidence_medium,beef,beef broth,low-sodium beef broth,SUBSUMES,medium,,beef broth,,,,"Same as the reversed-phrasing pair: bare beef broth is the generic, low-sodium is the specific.",low|sodium,false,
RESIDUE,confidence_medium,beef,beef chuck,beef chuck roast,SUBSUMES,medium,,beef chuck,,,,"""Beef chuck"" is the primal/general cut name; chuck roast is a specific retail cut of it.",roast,false,
RESIDUE,confidence_medium,beef,beef chuck,bone-in beef chuck roast,SUBSUMES,medium,,beef chuck,,,,"Bone-in chuck roast is a specific cut within the broader ""beef chuck"".",bone|roast,false,
RESIDUE,confidence_low,beef,beef chuck,bone-in beef chuck short ribs,SUBSUMES,low,,beef chuck,,,,"Chuck short ribs are cut from the chuck, so the bare primal name covers them, though a stew recipe wanting chuck would not really want short ribs.",bone|rib|short,false,
RESIDUE,confidence_medium,beef,beef chuck,boneless beef chuck roast,SUBSUMES,medium,,beef chuck,,,,"Boneless chuck roast is a specific cut within the broader ""beef chuck"".",boneless|roast,false,
RESIDUE,confidence_medium,beef,beef chuck,ground beef (80/20 chuck),DISTINCT,medium,,,,,,"A whole chuck cut versus pre-ground chuck: you would have to grind it, so it is a separate purchase like peppercorns vs ground pepper.",20|80|ground,true,
RESIDUE,contradiction_flagged,beef,beef sirloin steak tips,beef sirloin tips,SYNONYM,high,,,,,,"""Beef sirloin steak tips"" and ""beef sirloin tips"" are the same butcher-counter item.",steak,false,signature [steak] received SUBSUMES + SYNONYM — beef sirloin steak tips ~ beef sirloin tips => SYNONYM; beef sirloin ~ beef sirloin steak => SUBSUMES
RESIDUE,confidence_medium,beef,beef sirloin steak tips,sirloin steak,DISTINCT,medium,,,,,,Sirloin tips (cubed/strip trim pieces) and a whole sirloin steak are different retail items requiring separate purchases.,beef|tip,false,
RESIDUE,contradiction_flagged,beef,beef sirloin steak,beef sirloin steak tips,DISTINCT,medium,,,,,,A sirloin steak and sirloin steak tips are two different cuts sold separately.,tip,false,signature [tip] received DISTINCT + SUBSUMES — beef sirloin steak ~ beef sirloin steak tips => DISTINCT; beef sirloin ~ beef sirloin tips => SUBSUMES
RESIDUE,contradiction_flagged,beef,beef sirloin,beef sirloin steak,SUBSUMES,medium,,beef sirloin,,,,"""Beef sirloin"" is the bare cut region; a sirloin steak is a specific form of it.",steak,false,signature [steak] received SUBSUMES + SYNONYM — beef sirloin steak tips ~ beef sirloin tips => SYNONYM; beef sirloin ~ beef sirloin steak => SUBSUMES
RESIDUE,confidence_medium,beef,beef sirloin,beef sirloin steak tips,SUBSUMES,medium,,beef sirloin,,,,"""Beef sirloin"" is the bare cut region; sirloin steak tips are a specific form of it.",steak|tip,false,
RESIDUE,contradiction_flagged,beef,beef sirloin,beef sirloin tips,SUBSUMES,medium,,beef sirloin,,,,"""Beef sirloin"" is the bare cut region; sirloin tips are a specific form of it.",tip,false,signature [tip] received DISTINCT + SUBSUMES — beef sirloin steak ~ beef sirloin steak tips => DISTINCT; beef sirloin ~ beef sirloin tips => SUBSUMES
RESIDUE,confidence_medium,beef,bone-in beef chuck short ribs,bone-in beef short ribs,SUBSUMES,medium,,bone-in beef short ribs,,,,"""Bone-in beef short ribs"" leaves the sub-cut open (chuck or plate); chuck short ribs fix it. The second name is the generic.",chuck,false,
RESIDUE,confidence_medium,beef,"bone-in ribeye steaks, 1-inch thick","bone-in ribeye steaks, about 1.25 inches thick",DISTINCT,medium,,,,,,Two different specified thicknesses on the same axis; neither covers the other.,25,false,
RESIDUE,confidence_medium,beef,"bone-in ribeye steaks, about 1-inch thick","bone-in ribeye steaks, about 1.25 inches thick",DISTINCT,medium,,,,,,Two different stated thicknesses; neither satisfies the other.,25,false,
RESIDUE,confidence_medium,beef,ground beef (80/20 chuck),ground beef (80/20),SUBSUMES,medium,,ground beef (80/20),,,,"Both fix 80/20; only the first also fixes the cut as chuck, so the second is the broader name.",chuck,false,
RESIDUE,confidence_medium,beef,ground beef (85% lean),lean ground beef,SUBSUMES,medium,,lean ground beef,,,,"""Lean ground beef"" leaves the exact ratio open; 85% lean pins it down. The second name is the generic.",85,false,
RESIDUE,confidence_medium,beef,ground beef,ground beef patties,DISTINCT,medium,,,,,,"Pre-formed patties are their own retail item; a shopper needing patties is not served by a bulk chub in the same way, and vice versa.",patty,false,
RESIDUE,confidence_low,beef,ground beef,lean ground beef meat boi,SUBSUMES,low,,ground beef,,,,"The second name is garbled but reads as lean ground beef, a specific kind of the bare generic.",boi|lean|meat,false,
RESIDUE,confidence_low,beef,lean ground beef,lean ground beef meat boi,SYNONYM,low,,,,,,The second is a garbled entry for the same lean ground beef product; no additional qualifier is conveyed.,boi|meat,false,
RESIDUE,confidence_medium,beef,sirloin steak,top sirloin steaks,SUBSUMES,medium,,sirloin steak,,,,"""Sirloin steak"" leaves the sub-cut open (top or bottom sirloin); top sirloin fixes it.",top,false,
RESIDUE,confidence_medium,beef,sirloin steak,"top sirloin steaks, about 1 inch thick",SUBSUMES,medium,,sirloin steak,,,,"Bare ""sirloin steak"" is unspecified on sub-cut and thickness; the second fixes both.",thick|top,false,
RESIDUE,confidence_medium,birria braising liquid reserved,reserved birria braising liquid,reserved braising liquid from chicken birria,SUBSUMES,medium,,reserved birria braising liquid,,,,"""reserved birria braising liquid"" is unqualified as to the meat, so it is satisfied by the liquid from any birria, including chicken birria; a recipe calling specifically for chicken birria liquid is not satisfied by just any birria liquid. Bare name is the generic.",chicken|from,false,
RESIDUE,confidence_medium,birria braising liquid reserved,reserved birria braising liquid,reserved braising liquid from goat birria,SUBSUMES,medium,,reserved birria braising liquid,,,,"Same structure as the chicken pair: the bare ""birria braising liquid"" leaves the meat axis open and is met by goat birria liquid, while a demand for goat-birria liquid is not met by any birria liquid. First name is generic.",from|goat,false,
RESIDUE,confidence_medium,bok choy,baby bok choy,bok choy,DISTINCT,medium,,,,,,"Unqualified ""bok choy"" names the standard full-size mature head (the default product on the shelf), while ""baby bok choy"" is a separate SKU of small, often different-cultivar heads sold by the bunch. A shopper asking for bok choy gets the big one, not any size, so these are sibling size tiers rather than parent and child — analogous to ""corn tortillas ~ small corn tortillas"". Needing one while holding the other means a second purchase.",baby,false,
RESIDUE,contradiction_flagged,bread,baguette,crusty baguette,SYNONYM,medium,,,,,,"A baguette is crusty by definition; 'crusty' is a descriptive adjective, not a different product on the shelf.",crusty,false,signature [crusty] received SUBSUMES + SYNONYM — baguette ~ crusty baguette => SYNONYM; crusty french baguette ~ french baguette => SYNONYM; crusty hoagie rolls ~ hoagie rolls => SUBSUMES; crusty italian bread loaf ~ italian bread loaf => SUBSUMES; crusty sourdough bread ~ sourdough bread => SUBSUMES; crusty sourdough loaf ~ sourdough loaf => SUBSUMES
RESIDUE,confidence_medium,bread,baguette,crusty french baguette,SYNONYM,medium,,,,,,"Baguettes are French and crusty by definition; both qualifiers are inherent, so this is the same loaf.",crusty|french,false,
RESIDUE,contradiction_flagged,bread,baguette,french baguette,SYNONYM,high,,,,,,A baguette is a French bread; 'french' adds nothing to the purchase.,french,false,signature [french] received SUBSUMES + SYNONYM — baguette ~ french baguette => SYNONYM; crusty baguette ~ crusty french baguette => SYNONYM; french hoagie rolls (10-inch) ~ hoagie rolls => SUBSUMES
RESIDUE,contradiction_flagged,bread,baguette,italian baguette,DISTINCT,medium,,,,,,"Bare 'baguette' denotes the standard French loaf; an 'italian baguette' is a sibling bakery item, not a kind the bare name covers.",italian,false,signature [italian] received DISTINCT + SUBSUMES + SYNONYM — baguette ~ italian baguette => DISTINCT; ciabatta loaf ~ italian ciabatta loaf => SYNONYM; crusty bread ~ crusty italian bread => SUBSUMES
RESIDUE,confidence_medium,bread,brioche buns,brioche burger buns,SYNONYM,medium,,,,,,'Brioche buns' in the default sense are round burger buns; same package.,burger,false,
RESIDUE,confidence_medium,bread,brioche buns,brioche hamburger bun,SYNONYM,medium,,,,,,Hamburger bun = burger bun; bare 'brioche buns' names that same standard round bun.,hamburger,false,
RESIDUE,confidence_medium,bread,brioche buns,brioche hot dog buns,DISTINCT,medium,,,,,,Bare 'brioche buns' means round burger buns; hot dog buns are a different shape and a second purchase.,dog|hot,false,
RESIDUE,confidence_medium,bread,brioche buns,brioche slider buns,DISTINCT,medium,,,,,,Slider buns are a separate small-bun package; a shopper holding standard brioche buns must buy them.,slider,false,
RESIDUE,contradiction_flagged,bread,ciabatta loaf,italian ciabatta loaf,SYNONYM,high,,,,,,"Ciabatta is an Italian bread; the 'italian' qualifier is redundant, same loaf.",italian,false,signature [italian] received DISTINCT + SUBSUMES + SYNONYM — baguette ~ italian baguette => DISTINCT; ciabatta loaf ~ italian ciabatta loaf => SYNONYM; crusty bread ~ crusty italian bread => SUBSUMES
RESIDUE,confidence_medium,bread,corn tortilla chips,corn tortillas,DISTINCT,medium,,,,,,A bag of fried chips and a package of soft tortillas are two different purchases; turning tortillas into chips requires frying and oil.,chip,false,
RESIDUE,confidence_medium,bread,corn tortilla chips,corn tortillas (6-inch),DISTINCT,medium,,,,,,Fried chips versus soft 6-inch tortillas: two separate products on separate shelves.,chip,false,
RESIDUE,confidence_medium,bread,corn tortilla chips,tortilla chips,SYNONYM,medium,,,,,,Standard tortilla chips are corn chips; either name buys the same bag.,corn,false,
RESIDUE,confidence_medium,bread,corn tortilla strips,corn tortillas,DISTINCT,medium,,,,,,"Crisp tortilla strips are a separate fried product; soft tortillas would have to be cut and fried, which is a second purchase of oil and work.",strip,false,
RESIDUE,confidence_medium,bread,corn tortilla strips,corn tortillas (6-inch),DISTINCT,medium,,,,,,Same as strips vs tortillas: crisp strips are a different product from soft 6-inch tortillas.,strip,false,
RESIDUE,confidence_medium,bread,corn tortilla strips,tortilla strips,SYNONYM,medium,,,,,,Tortilla strips are corn tortilla strips by default; one product under two names.,corn,false,
RESIDUE,confidence_medium,bread,corn tortillas (6-inch),small corn tortillas,DISTINCT,medium,,,,,,"6-inch is the standard taco tortilla; 'small corn tortillas' denotes the smaller street-taco tier, a sibling size.",small,false,
RESIDUE,contradiction_flagged,bread,corn tortillas (6-inch),white corn tortillas,DISTINCT,high,,,,,,"'6-inch' fixes size and leaves colour open; 'white' fixes colour and leaves size open — different axes, neither contains the other.",white,false,signature [white] received DISTINCT + SUBSUMES — corn tortillas (6-inch) ~ white corn tortillas => DISTINCT; corn tortillas ~ white corn tortillas => SUBSUMES; sandwich bread ~ white sandwich bread => SUBSUMES
RESIDUE,contradiction_flagged,bread,corn tortillas,corn tortillas (6-inch),SUBSUMES,medium,,corn tortillas,,,,"Bare 'corn tortillas' names the standard tier but leaves the exact inches open; '(6-inch)' fills that in, subsumption within a tier.",(identical),false,"SUBSUMES declares ""corn tortillas"" generic over ""corn tortillas (6-inch)"", but the declared generic is not the less-qualified name — two specifics are DISTINCT, never SUBSUMES (D-WS9-202)"
RESIDUE,contradiction_flagged,bread,corn tortillas,white corn tortillas,SUBSUMES,medium,,corn tortillas,,,,'Corn tortillas' is unspecified on colour; white corn is one specific kind alongside yellow and blue.,white,false,signature [white] received DISTINCT + SUBSUMES — corn tortillas (6-inch) ~ white corn tortillas => DISTINCT; corn tortillas ~ white corn tortillas => SUBSUMES; sandwich bread ~ white sandwich bread => SUBSUMES
RESIDUE,confidence_medium,bread,crusty artisan bread loaf,crusty bread,SUBSUMES,medium,,crusty bread,,,,'Crusty bread' is the bare generic; a crusty artisan loaf is one specific kind that satisfies it.,artisan|loaf,false,
RESIDUE,contradiction_flagged,bread,crusty baguette,crusty french baguette,SYNONYM,high,,,,,,Baguettes are French; the added word changes nothing about the purchase.,french,false,signature [french] received SUBSUMES + SYNONYM — baguette ~ french baguette => SYNONYM; crusty baguette ~ crusty french baguette => SYNONYM; french hoagie rolls (10-inch) ~ hoagie rolls => SUBSUMES
RESIDUE,contradiction_flagged,bread,crusty bread,crusty italian bread,SUBSUMES,high,,crusty bread,,,,'Crusty bread' is the bare generic; crusty Italian bread is one specific kind of crusty bread.,italian,false,signature [italian] received DISTINCT + SUBSUMES + SYNONYM — baguette ~ italian baguette => DISTINCT; ciabatta loaf ~ italian ciabatta loaf => SYNONYM; crusty bread ~ crusty italian bread => SUBSUMES
RESIDUE,contradiction_flagged,bread,crusty french baguette,french baguette,SYNONYM,high,,,,,,A French baguette is crusty by definition; same loaf under two names.,crusty,false,signature [crusty] received SUBSUMES + SYNONYM — baguette ~ crusty baguette => SYNONYM; crusty french baguette ~ french baguette => SYNONYM; crusty hoagie rolls ~ hoagie rolls => SUBSUMES; crusty italian bread loaf ~ italian bread loaf => SUBSUMES; crusty sourdough bread ~ sourdough bread => SUBSUMES; crusty sourdough loaf ~ sourdough loaf => SUBSUMES
RESIDUE,contradiction_flagged,bread,crusty hoagie rolls,hoagie rolls,SUBSUMES,medium,,hoagie rolls,,,,'Hoagie rolls' is the bare generic (soft or crusty); crusty specifies one kind.,crusty,false,signature [crusty] received SUBSUMES + SYNONYM — baguette ~ crusty baguette => SYNONYM; crusty french baguette ~ french baguette => SYNONYM; crusty hoagie rolls ~ hoagie rolls => SUBSUMES; crusty italian bread loaf ~ italian bread loaf => SUBSUMES; crusty sourdough bread ~ sourdough bread => SUBSUMES; crusty sourdough loaf ~ sourdough loaf => SUBSUMES
RESIDUE,contradiction_flagged,bread,crusty italian bread loaf,italian bread loaf,SUBSUMES,medium,,italian bread loaf,,,,'Italian bread loaf' leaves crust open; 'crusty' specifies it.,crusty,false,signature [crusty] received SUBSUMES + SYNONYM — baguette ~ crusty baguette => SYNONYM; crusty french baguette ~ french baguette => SYNONYM; crusty hoagie rolls ~ hoagie rolls => SUBSUMES; crusty italian bread loaf ~ italian bread loaf => SUBSUMES; crusty sourdough bread ~ sourdough bread => SUBSUMES; crusty sourdough loaf ~ sourdough loaf => SUBSUMES
RESIDUE,contradiction_flagged,bread,crusty sourdough bread,sourdough bread,SUBSUMES,medium,,sourdough bread,,,,'Sourdough bread' is the bare generic (includes sliced sandwich sourdough); 'crusty' picks the artisan-crust kind.,crusty,false,signature [crusty] received SUBSUMES + SYNONYM — baguette ~ crusty baguette => SYNONYM; crusty french baguette ~ french baguette => SYNONYM; crusty hoagie rolls ~ hoagie rolls => SUBSUMES; crusty italian bread loaf ~ italian bread loaf => SUBSUMES; crusty sourdough bread ~ sourdough bread => SUBSUMES; crusty sourdough loaf ~ sourdough loaf => SUBSUMES
RESIDUE,confidence_medium,bread,crusty sourdough bread,thick-cut sourdough bread,DISTINCT,medium,,,,,,"'Crusty' fixes the crust/loaf style, 'thick-cut' fixes slice thickness — different axes, neither covers the other.",crusty|cut|thick,false,
RESIDUE,contradiction_flagged,bread,crusty sourdough loaf,sourdough loaf,SUBSUMES,medium,,sourdough loaf,,,,'Sourdough loaf' is the bare generic; 'crusty' specifies one kind of it.,crusty,false,signature [crusty] received SUBSUMES + SYNONYM — baguette ~ crusty baguette => SYNONYM; crusty french baguette ~ french baguette => SYNONYM; crusty hoagie rolls ~ hoagie rolls => SUBSUMES; crusty italian bread loaf ~ italian bread loaf => SUBSUMES; crusty sourdough bread ~ sourdough bread => SUBSUMES; crusty sourdough loaf ~ sourdough loaf => SUBSUMES
RESIDUE,confidence_medium,bread,day-old sourdough bread,sourdough bread,SYNONYM,medium,,,,,,"Day-old is a state reached by waiting, not a different purchase; you buy the same loaf.",day|old,false,
RESIDUE,contradiction_flagged,bread,french hoagie rolls (10-inch),hoagie rolls,SUBSUMES,high,,hoagie rolls,,,,'Hoagie rolls' is the bare generic; French-style 10-inch rolls are one specific kind.,french,false,signature [french] received SUBSUMES + SYNONYM — baguette ~ french baguette => SYNONYM; crusty baguette ~ crusty french baguette => SYNONYM; french hoagie rolls (10-inch) ~ hoagie rolls => SUBSUMES
RESIDUE,confidence_medium,bread,naan,plain naan,SYNONYM,medium,,,,,,"Bare 'naan' means the plain, unflavoured default; 'plain' names that same standard product.",plain,false,
RESIDUE,confidence_medium,bread,pita bread,pita bread rounds,SYNONYM,medium,,,,,,Pita bread is sold as whole rounds; 'rounds' just names the form of the same package.,round,false,
RESIDUE,confidence_medium,bread,pita bread,whole wheat pita breads,SUBSUMES,medium,,pita bread,,,,'Pita bread' is unspecified on flour; whole wheat is one specific kind of it.,wheat|whole,true,
RESIDUE,confidence_medium,bread,sandwich bread,sourdough sandwich bread,SUBSUMES,medium,,sandwich bread,,,,"'Sandwich bread' is the bare generic covering white, wheat and sourdough loaves; sourdough sandwich bread is one specific kind.",sourdough,false,
RESIDUE,confidence_medium,bread,sandwich bread,thick-cut white sandwich bread,SUBSUMES,medium,,sandwich bread,,,,"The bare generic is unspecified on every axis, so it subsumes a loaf qualified on both colour and slice thickness.",cut|thick|white,false,
RESIDUE,contradiction_flagged,bread,sandwich bread,white sandwich bread,SUBSUMES,medium,,sandwich bread,,,,'Sandwich bread' leaves the grain/colour open; white sandwich bread is one specific kind.,white,false,signature [white] received DISTINCT + SUBSUMES — corn tortillas (6-inch) ~ white corn tortillas => DISTINCT; corn tortillas ~ white corn tortillas => SUBSUMES; sandwich bread ~ white sandwich bread => SUBSUMES
RESIDUE,confidence_medium,bread,sourdough bread,sourdough sandwich bread,SUBSUMES,medium,,sourdough bread,,,,'Sourdough bread' is the bare generic; the pre-sliced sandwich loaf form is one specific kind.,sandwich,false,
RESIDUE,confidence_medium,bread,sourdough bread,thick-cut sourdough bread,SUBSUMES,medium,,sourdough bread,,,,'Sourdough bread' leaves slice thickness open; thick-cut specifies it.,cut|thick,false,
RESIDUE,confidence_medium,bread,thick-cut corn tortilla chips,tortilla chips,SUBSUMES,medium,,tortilla chips,,,,'Tortilla chips' is the bare generic; thick-cut corn chips are one specific kind of it.,corn|cut|thick,false,
RESIDUE,confidence_medium,bread,thick-cut white sandwich bread,white sandwich bread,SUBSUMES,medium,,white sandwich bread,,,,'White sandwich bread' leaves slice thickness open; thick-cut fills in that same axis.,cut|thick,false,
RESIDUE,confidence_medium,breadcrumb,breadcrumbs,dry breadcrumbs,SUBSUMES,medium,,breadcrumbs,,,,"Bare ""breadcrumbs"" is unqualified on every axis; ""dry"" fixes the moisture axis (and still spans plain/Italian/panko). A demand for breadcrumbs is met by dry breadcrumbs, not the reverse.",dry,true,
RESIDUE,confidence_medium,breadcrumb,breadcrumbs,fresh breadcrumbs,SUBSUMES,medium,,breadcrumbs,,,,"""Fresh"" fixes the moisture axis of the otherwise unqualified generic; someone needing fresh breadcrumbs is not satisfied by any breadcrumbs.",fresh,true,
RESIDUE,confidence_medium,breadcrumb,breadcrumbs,panko breadcrumbs,SUBSUMES,medium,,breadcrumbs,,,,"Panko names a specific style of breadcrumb; the bare generic is satisfied by panko, but a panko recipe is not satisfied by ordinary crumbs.",panko,false,
RESIDUE,confidence_medium,breadcrumb,breadcrumbs,plain breadcrumbs,SUBSUMES,medium,,breadcrumbs,,,,"""Plain"" fixes the seasoning axis (unseasoned); the bare generic leaves it open and is satisfied by plain crumbs.",plain,false,
RESIDUE,confidence_medium,breadcrumb,dry breadcrumbs,plain breadcrumbs,DISTINCT,medium,,,,,,"Qualifiers fix different axes: ""dry"" is moisture, ""plain"" is seasoning. Neither name contains the other.",dry|plain,true,
RESIDUE,confidence_medium,breadcrumb,fresh breadcrumbs,plain breadcrumbs,DISTINCT,medium,,,,,,"""Fresh"" fixes moisture and ""plain"" fixes seasoning — different axes, and in practice two different products (homemade soft crumbs vs a can of dry unseasoned crumbs).",fresh|plain,true,
RESIDUE,contradiction_flagged,cardamom pod,black cardamom pods,cardamom pods,DISTINCT,medium,,,,,,"Unqualified ""cardamom pods"" denotes the standard green cardamom of most recipes, not a parent category; black cardamom is a smoky, larger, different spice requiring a separate purchase.",black,false,"same base, color difference, received DISTINCT + SYNONYM — black cardamom pods ~ cardamom pods [black] => DISTINCT; cardamom pods ~ green cardamom pods [green] => SYNONYM"
RESIDUE,contradiction_flagged,cardamom pod,cardamom pods,green cardamom pods,SYNONYM,medium,,,,,,"In recipe usage ""cardamom pods"" means green cardamom pods — the same jar off the shelf.",green,false,"same base, color difference, received DISTINCT + SYNONYM — black cardamom pods ~ cardamom pods [black] => DISTINCT; cardamom pods ~ green cardamom pods [green] => SYNONYM"
RESIDUE,confidence_medium,cardamom pod,cardamom pods,whole green cardamom pods,SYNONYM,medium,,,,,,"Pods are by definition whole, and bare ""cardamom pods"" means green; identical purchase.",green|whole,true,
RESIDUE,confidence_medium,celery,celery,celery stalks,COMPONENT,medium,celery,,10,stalk,false,"You buy a whole head/bunch of celery; individual stalks (ribs) are pulled from it, like a garlic head yielding cloves. The unit is consumed as it is broken down.",stalk,false,
RESIDUE,confidence_medium,celery,celery,celery sticks,SYNONYM,medium,,,,,,"""Celery sticks"" is celery cut into sticks — a shape transformation of the same purchase, nothing discarded.",stick,false,
RESIDUE,confidence_medium,cheese,american cheese,american cheese slices,DISTINCT,medium,,,,,,Pre-sliced American singles are a different purchase from a deli block of American cheese; form is the product.,slice,false,
RESIDUE,confidence_medium,cheese,block feta cheese,feta,SYNONYM,medium,,,,,,Bare 'feta' names the standard brined block; 'block feta cheese' just spells that out.,block|cheese,false,
RESIDUE,confidence_medium,cheese,block feta cheese,feta cheese,SYNONYM,medium,,,,,,'feta cheese' bare denotes the standard block; same purchase.,block,false,
RESIDUE,confidence_medium,cheese,blue cheese,blue cheese crumbles,DISTINCT,medium,,,,,,A tub of blue cheese crumbles is a separate purchase from a wedge of blue cheese; form is the product.,crumble,false,
RESIDUE,confidence_medium,cheese,blue cheese,crumbled blue cheese,DISTINCT,medium,,,,,,Pre-crumbled blue cheese is a different package from a block/wedge.,crumbled,false,
RESIDUE,confidence_medium,cheese,cheddar cheese,sharp white cheddar cheese,SUBSUMES,medium,,cheddar cheese,,,,"Bare cheddar is unspecified on both sharpness and colour, so it subsumes the doubly-qualified name.",sharp|white,false,
RESIDUE,confidence_medium,cheese,cheddar,sharp white cheddar cheese,SUBSUMES,medium,,cheddar,,,,"Bare cheddar is unspecified on sharpness and colour, so it subsumes sharp white cheddar.",cheese|sharp|white,false,
RESIDUE,contradiction_flagged,cheese,cheese tortellini,fresh cheese tortellini,SUBSUMES,medium,,cheese tortellini,,,,Bare 'cheese tortellini' leaves dried/fresh open; 'fresh' fixes it.,fresh,true,signature [fresh] received DISTINCT + SUBSUMES — cheese tortellini ~ fresh cheese tortellini => SUBSUMES; fresh mozzarella cheese ~ mozzarella cheese => DISTINCT
RESIDUE,confidence_medium,cheese,cheese tortellini,refrigerated cheese tortellini,SUBSUMES,medium,,cheese tortellini,,,,Bare 'cheese tortellini' leaves the shelf-stable/refrigerated axis open; 'refrigerated' fixes it.,refrigerated,false,
RESIDUE,confidence_medium,cheese,cotija cheese,"cotija cheese, crumbled",DISTINCT,medium,,,,,,"Treated as the pre-crumbled cotija product, which is a different package from a cotija round.",crumbled,false,
RESIDUE,confidence_medium,cheese,cotija cheese,crumbled cotija cheese,DISTINCT,medium,,,,,,Pre-crumbled cotija tub versus a whole cotija: separate purchases.,crumbled,false,
RESIDUE,confidence_medium,cheese,crumbled feta cheese,feta,DISTINCT,medium,,,,,,Pre-crumbled feta tub versus the standard feta block: two purchases.,cheese|crumbled,false,
RESIDUE,confidence_medium,cheese,crumbled feta cheese,feta cheese,DISTINCT,medium,,,,,,Crumbled feta is a separate package from block feta cheese.,crumbled,false,
RESIDUE,confidence_medium,cheese,feta,feta block,SYNONYM,medium,,,,,,Bare 'feta' names the standard block; same purchase.,block,false,
RESIDUE,confidence_medium,cheese,finely grated parmesan cheese,freshly grated parmesan cheese,DISTINCT,medium,,,,,,"'finely' fixes grind size, 'freshly' fixes freshness — different axes, neither covers the other.",finely|freshly,false,
RESIDUE,confidence_medium,cheese,finely grated parmesan cheese,grated parmesan,SUBSUMES,medium,,grated parmesan,,,,"'grated parmesan' leaves the grind fineness open; 'finely grated' fills it in, so the second name is the generic.",cheese|finely,false,
RESIDUE,confidence_medium,cheese,finely grated parmesan cheese,grated parmesan cheese,SUBSUMES,medium,,grated parmesan cheese,,,,'grated parmesan cheese' is bare on fineness; the first name is the specific.,finely,false,
RESIDUE,confidence_medium,cheese,finely grated parmesan,freshly grated parmesan,DISTINCT,medium,,,,,,Fineness axis versus freshness axis; neither name contains the other.,finely|freshly,false,
RESIDUE,confidence_medium,cheese,finely grated parmesan,grated parmesan,SUBSUMES,medium,,grated parmesan,,,,'grated parmesan' is bare on grind size and subsumes the finely grated specific.,finely,false,
RESIDUE,contradiction_flagged,cheese,fresh mozzarella cheese,mozzarella cheese,DISTINCT,medium,,,,,,Bare 'mozzarella cheese' means the low-moisture standard; fresh mozzarella in water is a different product.,fresh,true,signature [fresh] received DISTINCT + SUBSUMES — cheese tortellini ~ fresh cheese tortellini => SUBSUMES; fresh mozzarella cheese ~ mozzarella cheese => DISTINCT
RESIDUE,confidence_medium,cheese,freshly grated parmesan cheese,grated parmesan,SUBSUMES,medium,,grated parmesan,,,,'grated parmesan' is bare on freshness; 'freshly grated' is the specific.,cheese|freshly,false,
RESIDUE,confidence_medium,cheese,freshly grated parmesan cheese,grated parmesan cheese,SUBSUMES,medium,,grated parmesan cheese,,,,'grated parmesan cheese' is the generic; freshly grated is a specific kind of it.,freshly,false,
RESIDUE,confidence_medium,cheese,freshly grated parmesan cheese,parmesan,DISTINCT,medium,,,,,,"Grated parmesan and a block of parmesan are catalogued as different products, as with peppercorns versus ground pepper.",cheese|freshly|grated,true,
RESIDUE,confidence_medium,cheese,freshly grated parmesan cheese,parmesan cheese,DISTINCT,medium,,,,,,Block parmesan cheese versus grated parmesan: different shelf products.,freshly|grated,true,
RESIDUE,confidence_medium,cheese,freshly grated parmesan,grated parmesan,SUBSUMES,medium,,grated parmesan,,,,'grated parmesan' leaves freshness open and is satisfied by freshly grated; not the reverse.,freshly,false,
RESIDUE,confidence_medium,cheese,freshly grated parmesan,parmesan,DISTINCT,medium,,,,,,Grated form versus block parmesan: catalogued as separate products.,freshly|grated,true,
RESIDUE,confidence_medium,cheese,low-moisture mozzarella cheese,mozzarella cheese,SYNONYM,medium,,,,,,Bare 'mozzarella cheese' in US groceries is the low-moisture block; same purchase.,low|moisture,false,
RESIDUE,confidence_medium,cheese,low-moisture whole-milk mozzarella,whole milk mozzarella,SYNONYM,medium,,,,,,'whole milk mozzarella' in recipe use is the low-moisture whole-milk block; same purchase.,low|moisture,false,
RESIDUE,confidence_medium,cheese,low-moisture whole-milk mozzarella,whole-milk mozzarella,SYNONYM,medium,,,,,,'whole-milk mozzarella' denotes the low-moisture whole-milk block; same product.,low|moisture,false,
RESIDUE,confidence_medium,cheese,sharp cheddar cheese,sharp white cheddar cheese,SUBSUMES,medium,,sharp cheddar cheese,,,,"'sharp cheddar cheese' leaves colour open; 'sharp white' fixes it, so the first is the generic.",white,false,
RESIDUE,confidence_medium,cheese,sharp cheddar,sharp white cheddar cheese,SUBSUMES,medium,,sharp cheddar,,,,'sharp cheddar' is unspecified on colour and is satisfied by sharp white cheddar; not the reverse.,cheese|white,false,
RESIDUE,confidence_medium,cheese,shredded low-moisture mozzarella cheese,shredded mozzarella cheese,SYNONYM,medium,,,,,,Bagged shredded mozzarella is low-moisture mozzarella; same bag.,low|moisture,false,
RESIDUE,confidence_medium,cheese,shredded low-moisture whole-milk mozzarella,shredded whole-milk mozzarella,SYNONYM,medium,,,,,,Shredded whole-milk mozzarella is low-moisture by definition of the shredded product; same bag.,low|moisture,false,
RESIDUE,confidence_medium,cheese,shredded mozzarella cheese,shredded whole-milk mozzarella cheese,SUBSUMES,medium,,shredded mozzarella cheese,,,,'shredded mozzarella cheese' leaves milk fat open (part-skim or whole); whole-milk fixes it.,milk|whole,true,
RESIDUE,confidence_medium,cheese,whole milk mozzarella,whole-milk low-moisture mozzarella,SYNONYM,medium,,,,,,'whole milk mozzarella' denotes the low-moisture whole-milk block; same product.,low|moisture,false,
RESIDUE,confidence_medium,cheese,whole-milk low-moisture mozzarella,whole-milk mozzarella,SYNONYM,medium,,,,,,Whole-milk mozzarella sold as a block is the low-moisture kind; same purchase.,low|moisture,false,
RESIDUE,contradiction_flagged,chili,canned diced green chiles,canned green chiles,SUBSUMES,medium,,canned green chiles,,,,"""canned green chiles"" leaves the cut open (whole or diced); ""diced"" fixes it. Generic is the second name.",diced,false,signature [diced] received DISTINCT + SUBSUMES — canned diced green chiles ~ canned green chiles => SUBSUMES; diced green chiles ~ green chili => DISTINCT
RESIDUE,confidence_medium,chili,canned diced green chiles,canned roasted diced green chiles,SUBSUMES,medium,,canned diced green chiles,,,,"Bare canned diced green chiles leaves the roast axis open; ""roasted"" fixes it. Generic is first.",roasted,true,
RESIDUE,contradiction_flagged,chili,canned diced green chiles,diced green chiles,SYNONYM,high,,,,,,"""diced green chiles"" in recipes is the canned product; same tin either name.",canned,true,"signature [canned] received DISTINCT + SYNONYM — canned diced green chiles ~ diced green chiles => SYNONYM; canned green chiles ~ green chili => DISTINCT; canned roasted diced green chiles ~ diced roasted green chiles => SYNONYM; canned roasted diced green chiles ~ roasted diced green chiles => SYNONYM | same base, prep difference, received SUBSUMES + SYNONYM — canned diced green chiles ~ diced green chiles [canned] => SYNONYM; diced green chiles ~ diced roasted green chiles [roasted] => SUBSUMES; diced green chiles ~ roasted diced green chiles [roasted] => SUBSUMES"
RESIDUE,contradiction_flagged,chili,canned diced green chiles,diced roasted green chiles,SUBSUMES,medium,,canned diced green chiles,,,,"Same product line; ""roasted"" fixes an axis the first leaves open. Generic is first.",canned|roasted,true,"SUBSUMES declares ""canned diced green chiles"" generic over ""diced roasted green chiles"", but the declared generic is not the less-qualified name — two specifics are DISTINCT, never SUBSUMES (D-WS9-202)"
RESIDUE,contradiction_flagged,chili,canned diced green chiles,green chili,DISTINCT,medium,,,,,,"""green chili"" denotes the fresh pepper; canned diced chiles are a preserved product, like fresh vs dried basil.",canned|diced,true,signature [canned|diced] received DISTINCT + SUBSUMES — canned diced green chiles ~ green chili => DISTINCT; canned green chiles ~ diced green chiles => SUBSUMES
RESIDUE,contradiction_flagged,chili,canned diced green chiles,roasted diced green chiles,SUBSUMES,medium,,canned diced green chiles,,,,"Same canned product; ""roasted"" is the added specification. Generic is first.",canned|roasted,true,"SUBSUMES declares ""canned diced green chiles"" generic over ""roasted diced green chiles"", but the declared generic is not the less-qualified name — two specifics are DISTINCT, never SUBSUMES (D-WS9-202)"
RESIDUE,contradiction_flagged,chili,canned green chiles,canned roasted diced green chiles,SUBSUMES,medium,,canned green chiles,,,,"Bare ""canned green chiles"" is unspecified on cut and roast; the second fixes both. Generic is first.",diced|roasted,true,signature [diced|roasted] received DISTINCT + SUBSUMES — canned green chiles ~ canned roasted diced green chiles => SUBSUMES; diced roasted green chiles ~ green chili => DISTINCT; green chili ~ roasted diced green chiles => DISTINCT
RESIDUE,contradiction_flagged,chili,canned green chiles,diced green chiles,SUBSUMES,medium,,canned green chiles,,,,Bare canned green chiles leaves the cut open; diced is a specific cut. Generic is first.,canned|diced,true,"signature [canned|diced] received DISTINCT + SUBSUMES — canned diced green chiles ~ green chili => DISTINCT; canned green chiles ~ diced green chiles => SUBSUMES | SUBSUMES declares ""canned green chiles"" generic over ""diced green chiles"", but the declared generic is not the less-qualified name — two specifics are DISTINCT, never SUBSUMES (D-WS9-202)"
RESIDUE,contradiction_flagged,chili,canned green chiles,diced roasted green chiles,SUBSUMES,medium,,canned green chiles,,,,Bare canned green chiles subsumes the diced roasted version. Generic is first.,canned|diced|roasted,true,signature [canned|diced|roasted] received DISTINCT + SUBSUMES — canned green chiles ~ diced roasted green chiles => SUBSUMES; canned green chiles ~ roasted diced green chiles => SUBSUMES; canned roasted diced green chiles ~ green chili => DISTINCT
RESIDUE,contradiction_flagged,chili,canned green chiles,green chili,DISTINCT,medium,,,,,,Canned preserved chiles vs the fresh green chile pepper: different products.,canned,true,signature [canned] received DISTINCT + SYNONYM — canned diced green chiles ~ diced green chiles => SYNONYM; canned green chiles ~ green chili => DISTINCT; canned roasted diced green chiles ~ diced roasted green chiles => SYNONYM; canned roasted diced green chiles ~ roasted diced green chiles => SYNONYM
RESIDUE,contradiction_flagged,chili,canned green chiles,roasted diced green chiles,SUBSUMES,medium,,canned green chiles,,,,Bare canned green chiles subsumes the roasted diced version. Generic is first.,canned|diced|roasted,true,signature [canned|diced|roasted] received DISTINCT + SUBSUMES — canned green chiles ~ diced roasted green chiles => SUBSUMES; canned green chiles ~ roasted diced green chiles => SUBSUMES; canned roasted diced green chiles ~ green chili => DISTINCT
RESIDUE,confidence_medium,chili,canned roasted diced green chiles,diced green chiles,SUBSUMES,medium,,diced green chiles,,,,"""diced green chiles"" leaves the roast axis open; the first fixes it. Generic is second.",canned|roasted,true,
RESIDUE,contradiction_flagged,chili,canned roasted diced green chiles,diced roasted green chiles,SYNONYM,high,,,,,,"Same canned roasted diced green chiles; ""canned"" is implicit in the other name.",canned,true,signature [canned] received DISTINCT + SYNONYM — canned diced green chiles ~ diced green chiles => SYNONYM; canned green chiles ~ green chili => DISTINCT; canned roasted diced green chiles ~ diced roasted green chiles => SYNONYM; canned roasted diced green chiles ~ roasted diced green chiles => SYNONYM
RESIDUE,contradiction_flagged,chili,canned roasted diced green chiles,green chili,DISTINCT,medium,,,,,,Canned product vs the fresh green chile pepper.,canned|diced|roasted,true,signature [canned|diced|roasted] received DISTINCT + SUBSUMES — canned green chiles ~ diced roasted green chiles => SUBSUMES; canned green chiles ~ roasted diced green chiles => SUBSUMES; canned roasted diced green chiles ~ green chili => DISTINCT
RESIDUE,contradiction_flagged,chili,canned roasted diced green chiles,roasted diced green chiles,SYNONYM,high,,,,,,"Same tin; ""canned"" is implicit.",canned,true,signature [canned] received DISTINCT + SYNONYM — canned diced green chiles ~ diced green chiles => SYNONYM; canned green chiles ~ green chili => DISTINCT; canned roasted diced green chiles ~ diced roasted green chiles => SYNONYM; canned roasted diced green chiles ~ roasted diced green chiles => SYNONYM
RESIDUE,confidence_medium,chili,chili bean paste (doubanjiang),szechuan doubanjiang (chili bean paste),SYNONYM,medium,,,,,,"Doubanjiang is by definition the Sichuan broad-bean chili paste; ""szechuan"" is redundant.",szechuan,false,
RESIDUE,confidence_medium,chili,chili flakes,crushed red chili flakes,SYNONYM,medium,,,,,,Chili flakes are crushed dried red chiles; same jar.,crushed|red,true,
RESIDUE,contradiction_flagged,chili,chili flakes,dried chili flakes,SYNONYM,high,,,,,,"Chili flakes are always dried; ""dried"" adds nothing.",dried,true,signature [dried] received DISTINCT + SYNONYM — chili flakes ~ dried chili flakes => SYNONYM; dried red chili flakes ~ red chili flakes => SYNONYM; dried red chilies ~ red chili => DISTINCT
RESIDUE,confidence_medium,chili,chili flakes,dried red chili flakes,SYNONYM,medium,,,,,,Same jar of crushed red chili flakes.,dried|red,true,
RESIDUE,contradiction_flagged,chili,chili flakes,red chili flakes,SYNONYM,high,,,,,,Chili flakes are red chili flakes; one product.,red,false,signature [red] received SUBSUMES + SYNONYM — chili flakes ~ red chili flakes => SYNONYM; chili powder ~ red chili powder => SUBSUMES; dried chili flakes ~ dried red chili flakes => SYNONYM; fresh red thai chilies ~ fresh thai chilies => SUBSUMES; kashmiri chili powder ~ kashmiri red chili powder => SYNONYM
RESIDUE,confidence_medium,chili,chili powder,mild chili powder,SUBSUMES,medium,,chili powder,,,,"""mild"" fixes the heat axis that bare chili powder leaves open. Generic is first.",mild,false,
RESIDUE,confidence_medium,chili,chili powder,pinch of kashmiri red chili powder,SUBSUMES,medium,,chili powder,,,,"Quantity phrasing aside, kashmiri red chili powder is a specific chili powder. Generic is first.",kashmiri|pinch|red,false,
RESIDUE,contradiction_flagged,chili,chili powder,red chili powder,SUBSUMES,medium,,chili powder,,,,"""red chili powder"" names a specific colour/type within the chili powder category. Generic is first.",red,false,signature [red] received SUBSUMES + SYNONYM — chili flakes ~ red chili flakes => SYNONYM; chili powder ~ red chili powder => SUBSUMES; dried chili flakes ~ dried red chili flakes => SYNONYM; fresh red thai chilies ~ fresh thai chilies => SUBSUMES; kashmiri chili powder ~ kashmiri red chili powder => SYNONYM
RESIDUE,confidence_medium,chili,chili-bean paste (doubanjiang),szechuan doubanjiang (chili bean paste),SYNONYM,medium,,,,,,"Doubanjiang is the Sichuan chili bean paste; ""szechuan"" is redundant.",szechuan,false,
RESIDUE,confidence_medium,chili,crushed red chili flakes,dried chili flakes,SYNONYM,medium,,,,,,Same jar of crushed dried chili flakes.,crushed|dried|red,true,
RESIDUE,contradiction_flagged,chili,diced green chiles,diced roasted green chiles,SUBSUMES,medium,,diced green chiles,,,,"""roasted"" fixes an axis the bare diced green chiles leaves open. Generic is first.",roasted,true,"same base, prep difference, received SUBSUMES + SYNONYM — canned diced green chiles ~ diced green chiles [canned] => SYNONYM; diced green chiles ~ diced roasted green chiles [roasted] => SUBSUMES; diced green chiles ~ roasted diced green chiles [roasted] => SUBSUMES"
RESIDUE,contradiction_flagged,chili,diced green chiles,green chili,DISTINCT,medium,,,,,,Canned diced product vs the fresh green chile pepper.,diced,false,signature [diced] received DISTINCT + SUBSUMES — canned diced green chiles ~ canned green chiles => SUBSUMES; diced green chiles ~ green chili => DISTINCT
RESIDUE,contradiction_flagged,chili,diced green chiles,roasted diced green chiles,SUBSUMES,medium,,diced green chiles,,,,Bare diced green chiles leaves the roast open; roasted is the specific. Generic is first.,roasted,true,"same base, prep difference, received SUBSUMES + SYNONYM — canned diced green chiles ~ diced green chiles [canned] => SYNONYM; diced green chiles ~ diced roasted green chiles [roasted] => SUBSUMES; diced green chiles ~ roasted diced green chiles [roasted] => SUBSUMES"
RESIDUE,confidence_medium,chili,diced green chiles,spiced & diced green chiles,DISTINCT,medium,,,,,,"""spiced & diced"" is a separately seasoned SKU, not interchangeable with plain diced green chiles.",spiced,false,
RESIDUE,contradiction_flagged,chili,diced roasted green chiles,green chili,DISTINCT,medium,,,,,,Canned processed product vs the fresh green chile pepper.,diced|roasted,true,signature [diced|roasted] received DISTINCT + SUBSUMES — canned green chiles ~ canned roasted diced green chiles => SUBSUMES; diced roasted green chiles ~ green chili => DISTINCT; green chili ~ roasted diced green chiles => DISTINCT
RESIDUE,confidence_medium,chili,doubanjiang (chili bean paste),szechuan doubanjiang (chili bean paste),SYNONYM,medium,,,,,,Doubanjiang is Sichuan chili bean paste; the qualifier is redundant.,szechuan,false,
RESIDUE,confidence_medium,chili,"dried ancho chiles, stemmed and seeded",dried ancho chili,COMPONENT,medium,dried ancho chili,,1,each,false,Stemming and seeding discards the stem and seeds of the dried chile you bought; you buy whole dried anchos.,seeded|stemmed,false,
RESIDUE,confidence_medium,chili,dried ancho chiles,"dried ancho chiles, stemmed and seeded",COMPONENT,medium,dried ancho chiles,,1,each,false,You buy whole dried anchos; stemmed and seeded discards part of the purchase.,seeded|stemmed,false,
RESIDUE,contradiction_flagged,chili,dried chili flakes,dried red chili flakes,SYNONYM,high,,,,,,Same jar of dried red chili flakes.,red,false,signature [red] received SUBSUMES + SYNONYM — chili flakes ~ red chili flakes => SYNONYM; chili powder ~ red chili powder => SUBSUMES; dried chili flakes ~ dried red chili flakes => SYNONYM; fresh red thai chilies ~ fresh thai chilies => SUBSUMES; kashmiri chili powder ~ kashmiri red chili powder => SYNONYM
RESIDUE,confidence_medium,chili,"dried guajillo chiles, stemmed and seeded",dried guajillo chili,COMPONENT,medium,dried guajillo chili,,1,each,false,You buy whole dried guajillos; stemming and seeding discards part of the purchase.,seeded|stemmed,false,
RESIDUE,confidence_medium,chili,"dried guajillo chiles, stemmed and seeded","guajillo chiles, dried",COMPONENT,medium,"guajillo chiles, dried",,1,each,false,Whole dried guajillos are the purchase; stemmed and seeded throws away stem and seeds.,seeded|stemmed,false,
RESIDUE,confidence_medium,chili,dried guajillo chiles,"dried guajillo chiles, stemmed and seeded",COMPONENT,medium,dried guajillo chiles,,1,each,false,Whole dried guajillos are the purchase; the prep discards stem and seeds.,seeded|stemmed,false,
RESIDUE,confidence_medium,chili,dried kashmiri red chilies,red chili,DISTINCT,medium,,,,,,"""red chili"" reads as the fresh pepper; dried kashmiri chilies are a different, dried product.",dried|kashmiri,true,
RESIDUE,contradiction_flagged,chili,dried red chili flakes,red chili flakes,SYNONYM,high,,,,,,Same jar of red chili flakes.,dried,true,signature [dried] received DISTINCT + SYNONYM — chili flakes ~ dried chili flakes => SYNONYM; dried red chili flakes ~ red chili flakes => SYNONYM; dried red chilies ~ red chili => DISTINCT
RESIDUE,confidence_medium,chili,dried red chili peppers,red chili,DISTINCT,medium,,,,,,Dried red chiles vs the fresh red chile: fresh vs dried is a second purchase.,dried|pepper,true,
RESIDUE,contradiction_flagged,chili,dried red chilies,red chili,DISTINCT,medium,,,,,,"""red chili"" defaults to the fresh pepper, a sibling of the dried product, not its parent.",dried,true,"signature [dried] received DISTINCT + SYNONYM — chili flakes ~ dried chili flakes => SYNONYM; dried red chili flakes ~ red chili flakes => SYNONYM; dried red chilies ~ red chili => DISTINCT | same base, prep difference, received DISTINCT + SYNONYM — dried red chilies ~ red chili [dried] => DISTINCT; fresh red chili ~ red chili [fresh] => SYNONYM"
RESIDUE,confidence_medium,chili,dried red sichuan chilies,red chili,DISTINCT,medium,,,,,,"Dried Sichuan chilies vs the fresh red chile: fresh/dried differ, second purchase.",dried|sichuan,true,
RESIDUE,confidence_medium,chili,dried whole red chilies,red chili,DISTINCT,medium,,,,,,Dried whole red chiles vs the fresh red chile named by the bare term.,dried|whole,true,
RESIDUE,contradiction_flagged,chili,fresh red chili,red chili,SYNONYM,medium,,,,,,"A bare ""red chili"" in a recipe means the fresh red chile; same purchase.",fresh,true,"same base, prep difference, received DISTINCT + SYNONYM — dried red chilies ~ red chili [dried] => DISTINCT; fresh red chili ~ red chili [fresh] => SYNONYM"
RESIDUE,contradiction_flagged,chili,fresh red thai chilies,fresh thai chilies,SUBSUMES,high,,fresh thai chilies,,,,"""fresh thai chilies"" leaves colour open; ""red"" fixes it. Generic is second.",red,false,signature [red] received SUBSUMES + SYNONYM — chili flakes ~ red chili flakes => SYNONYM; chili powder ~ red chili powder => SUBSUMES; dried chili flakes ~ dried red chili flakes => SYNONYM; fresh red thai chilies ~ fresh thai chilies => SUBSUMES; kashmiri chili powder ~ kashmiri red chili powder => SYNONYM
RESIDUE,confidence_medium,chili,fresh red thai chilies,red chili,SUBSUMES,medium,,red chili,,,,Thai is a specific variety of fresh red chile; the bare term is generic. Generic is second.,fresh|thai,true,
RESIDUE,confidence_medium,chili,fresh serrano chile,green serrano chile,SYNONYM,medium,,,,,,Serranos are sold fresh and green; both names buy the same pepper.,fresh|green,true,
RESIDUE,confidence_medium,chili,fresh thai bird's eye chiles,fresh thai chilies,SYNONYM,medium,,,,,,Thai chilies in the market are bird's eye chiles; same purchase.,bird|eye|s,false,
RESIDUE,confidence_medium,chili,fresh thai bird's eye chilies,fresh thai chilies,SYNONYM,medium,,,,,,Thai chilies are bird's eye chiles; same purchase.,bird|eye|s,false,
RESIDUE,contradiction_flagged,chili,fresh thai chilies,red thai chili,SUBSUMES,medium,,fresh thai chilies,,,,"""fresh thai chilies"" leaves colour open; red thai chili fixes it. Generic is first.",fresh|red,true,"SUBSUMES declares ""fresh thai chilies"" generic over ""red thai chili"", but the declared generic is not the less-qualified name — two specifics are DISTINCT, never SUBSUMES (D-WS9-202)"
RESIDUE,contradiction_flagged,chili,green chili,roasted diced green chiles,DISTINCT,medium,,,,,,Fresh green chile pepper vs a canned diced roasted product.,diced|roasted,true,signature [diced|roasted] received DISTINCT + SUBSUMES — canned green chiles ~ canned roasted diced green chiles => SUBSUMES; diced roasted green chiles ~ green chili => DISTINCT; green chili ~ roasted diced green chiles => DISTINCT
RESIDUE,confidence_low,chili,green chili,roasted hatch green chiles,SUBSUMES,low,,green chili,,,,Roasted hatch chiles are a specific variety/preparation of green chile; the bare term is generic. Generic is first.,hatch|roasted,true,
RESIDUE,confidence_medium,chili,green chili,spiced & diced green chiles,DISTINCT,medium,,,,,,A seasoned canned product is not the fresh green chile pepper.,diced|spiced,false,
RESIDUE,confidence_medium,chili,hatch green chiles,roasted hatch green chiles,SUBSUMES,medium,,hatch green chiles,,,,Bare hatch green chiles leaves the roast axis open; roasted fixes it. Generic is first.,roasted,true,
RESIDUE,contradiction_flagged,chili,kashmiri chili powder,kashmiri red chili powder,SYNONYM,high,,,,,,Kashmiri chili powder is red by definition; same jar.,red,false,signature [red] received SUBSUMES + SYNONYM — chili flakes ~ red chili flakes => SYNONYM; chili powder ~ red chili powder => SUBSUMES; dried chili flakes ~ dried red chili flakes => SYNONYM; fresh red thai chilies ~ fresh thai chilies => SUBSUMES; kashmiri chili powder ~ kashmiri red chili powder => SYNONYM
RESIDUE,confidence_medium,chili,mild chili powder,red chili powder,DISTINCT,medium,,,,,,"""mild"" fixes heat, ""red"" fixes colour/type: different axes, neither contains the other.",mild|red,false,
RESIDUE,confidence_medium,chili,pinch of kashmiri red chili powder,red chili powder,SUBSUMES,medium,,red chili powder,,,,Kashmiri red chili powder is a specific red chili powder. Generic is second.,kashmiri|pinch,false,
RESIDUE,confidence_medium,chunk pineapple,canned pineapple chunks in juice,pineapple chunks,SUBSUMES,medium,,pineapple chunks,,,,"""pineapple chunks"" is the bare generic (fresh or canned, any packing medium); ""canned pineapple chunks in juice"" fixes both form and packing liquid. A shopper needing generic chunks is satisfied by the canned-in-juice can, but not vice versa. The second name is the generic.",canned|juice,true,
RESIDUE,confidence_medium,chunk pineapple,canned pineapple chunks,canned pineapple chunks in juice,SUBSUMES,medium,,canned pineapple chunks,,,,"""canned pineapple chunks"" leaves the packing medium open (juice or syrup); ""in juice"" fixes that axis. There is no single default packing medium, so the bare name genuinely covers both. First name is the generic.",juice,true,
RESIDUE,confidence_medium,chunk pineapple,canned pineapple chunks,pineapple chunks,SUBSUMES,medium,,pineapple chunks,,,,"""pineapple chunks"" is unqualified as to form (fresh-cut or canned); ""canned"" fixes that axis. A demand for pineapple chunks is met by a can, but a recipe calling for canned chunks is not met by fresh. The second name is the generic.",canned,true,
RESIDUE,contradiction_flagged,citrus,fresh kaffir lime leaves,kaffir lime leaves,SUBSUMES,medium,,kaffir lime leaves,,,,"Bare 'kaffir lime leaves' leaves the form open (fresh, frozen or dried); 'fresh' fixes that axis, so the bare name is the generic.",fresh,true,"signature [fresh] received SUBSUMES + SYNONYM — fresh kaffir lime leaves ~ kaffir lime leaves => SUBSUMES; fresh lemon juice ~ lemon juice => SUBSUMES; fresh lemon ~ lemon => SYNONYM; fresh lime juice ~ lime juice => SUBSUMES; fresh lime ~ lime => SYNONYM; fresh orange juice ~ orange juice => SUBSUMES; lime juice ~ lime juice, fresh => SUBSUMES"
RESIDUE,contradiction_flagged,citrus,fresh lemon juice,lemon juice,SUBSUMES,medium,,lemon juice,,,,"Bare 'lemon juice' leaves the form open (bottled or fresh-squeezed); 'fresh' fixes it, so the second name is the generic.",fresh,true,"signature [fresh] received SUBSUMES + SYNONYM — fresh kaffir lime leaves ~ kaffir lime leaves => SUBSUMES; fresh lemon juice ~ lemon juice => SUBSUMES; fresh lemon ~ lemon => SYNONYM; fresh lime juice ~ lime juice => SUBSUMES; fresh lime ~ lime => SYNONYM; fresh orange juice ~ orange juice => SUBSUMES; lime juice ~ lime juice, fresh => SUBSUMES"
RESIDUE,contradiction_flagged,citrus,fresh lemon,lemon,SYNONYM,high,,,,,,Lemons are sold fresh by default; 'fresh lemon' and 'lemon' buy the identical fruit.,fresh,true,"signature [fresh] received SUBSUMES + SYNONYM — fresh kaffir lime leaves ~ kaffir lime leaves => SUBSUMES; fresh lemon juice ~ lemon juice => SUBSUMES; fresh lemon ~ lemon => SYNONYM; fresh lime juice ~ lime juice => SUBSUMES; fresh lime ~ lime => SYNONYM; fresh orange juice ~ orange juice => SUBSUMES; lime juice ~ lime juice, fresh => SUBSUMES"
RESIDUE,contradiction_flagged,citrus,fresh lime juice,lime juice,SUBSUMES,medium,,lime juice,,,,"Bare 'lime juice' covers bottled or fresh; 'fresh lime juice' fixes the form, so the second name is the generic.",fresh,true,"signature [fresh] received SUBSUMES + SYNONYM — fresh kaffir lime leaves ~ kaffir lime leaves => SUBSUMES; fresh lemon juice ~ lemon juice => SUBSUMES; fresh lemon ~ lemon => SYNONYM; fresh lime juice ~ lime juice => SUBSUMES; fresh lime ~ lime => SYNONYM; fresh orange juice ~ orange juice => SUBSUMES; lime juice ~ lime juice, fresh => SUBSUMES"
RESIDUE,contradiction_flagged,citrus,fresh lime,lime,SYNONYM,high,,,,,,Limes are sold fresh by default; both names buy the same fruit.,fresh,true,"signature [fresh] received SUBSUMES + SYNONYM — fresh kaffir lime leaves ~ kaffir lime leaves => SUBSUMES; fresh lemon juice ~ lemon juice => SUBSUMES; fresh lemon ~ lemon => SYNONYM; fresh lime juice ~ lime juice => SUBSUMES; fresh lime ~ lime => SYNONYM; fresh orange juice ~ orange juice => SUBSUMES; lime juice ~ lime juice, fresh => SUBSUMES"
RESIDUE,contradiction_flagged,citrus,fresh orange juice,orange juice,SUBSUMES,medium,,orange juice,,,,"Bare 'orange juice' covers cartoned or fresh-squeezed; 'fresh' fixes the form, so the second is generic.",fresh,true,"signature [fresh] received SUBSUMES + SYNONYM — fresh kaffir lime leaves ~ kaffir lime leaves => SUBSUMES; fresh lemon juice ~ lemon juice => SUBSUMES; fresh lemon ~ lemon => SYNONYM; fresh lime juice ~ lime juice => SUBSUMES; fresh lime ~ lime => SYNONYM; fresh orange juice ~ orange juice => SUBSUMES; lime juice ~ lime juice, fresh => SUBSUMES"
RESIDUE,confidence_medium,citrus,lemon juice,"lemon juice, freshly squeezed",SUBSUMES,medium,,lemon juice,,,,"Bare 'lemon juice' leaves the form open; 'freshly squeezed' fixes it, so the first name is the generic.",freshly|squeezed,false,
RESIDUE,confidence_medium,citrus,lemon,lemon wedges,COMPONENT,medium,lemon,,6,wedge,false,"Wedges are cut from the lemon you buy, and the wedges consume the fruit.",wedge,false,
RESIDUE,contradiction_flagged,citrus,lime juice,"lime juice, fresh",SUBSUMES,medium,,lime juice,,,,"Bare 'lime juice' is unspecified as to form; 'fresh' fixes it, so the first name is the generic.",fresh,true,"signature [fresh] received SUBSUMES + SYNONYM — fresh kaffir lime leaves ~ kaffir lime leaves => SUBSUMES; fresh lemon juice ~ lemon juice => SUBSUMES; fresh lemon ~ lemon => SYNONYM; fresh lime juice ~ lime juice => SUBSUMES; fresh lime ~ lime => SYNONYM; fresh orange juice ~ orange juice => SUBSUMES; lime juice ~ lime juice, fresh => SUBSUMES"
RESIDUE,confidence_medium,citrus,lime juice,"lime juice, freshly squeezed",SUBSUMES,medium,,lime juice,,,,"Bare 'lime juice' is unspecified as to form; 'freshly squeezed' fixes it, so the first name is the generic.",freshly|squeezed,false,
RESIDUE,confidence_medium,citrus,lime,lime wedges,COMPONENT,medium,lime,,8,wedge,false,"Wedges are cut from the lime bought, and using them consumes the fruit.",wedge,false,
RESIDUE,confidence_medium,citrus,orange juice,"orange juice, freshly squeezed",SUBSUMES,medium,,orange juice,,,,"Bare 'orange juice' leaves the form open; 'freshly squeezed' fixes it, so the first name is the generic.",freshly|squeezed,false,
RESIDUE,confidence_medium,clove,cloves,garlic cloves,DISTINCT,medium,,,,,,"""cloves"" in a spice catalog names the dried flower bud spice; ""garlic cloves"" are segments of a garlic head. They share only the word ""clove"" — a shopper holding one must buy the other.",garlic,false,
RESIDUE,confidence_medium,clove,cloves,"garlic cloves, peeled",DISTINCT,medium,,,,,,Same as the bare garlic-clove case: the clove spice and peeled garlic cloves are entirely different purchases that merely share a word.,garlic|peeled,false,
RESIDUE,contradiction_flagged,clove,cloves,ground cloves,DISTINCT,high,,,,,,"Bare ""cloves"" denotes the standard whole-bud spice jar, not a parent category; ground cloves is a separate jar. Directly analogous to black peppercorns ~ ground black pepper.",ground,true,"same base, prep difference, received DISTINCT + SYNONYM — cloves ~ ground cloves [ground] => DISTINCT; cloves ~ whole cloves [whole] => SYNONYM"
RESIDUE,contradiction_flagged,clove,cloves,whole cloves,SYNONYM,high,,,,,,"""Cloves"" as sold by default are whole cloves; ""whole"" merely makes the default explicit. Same jar off the shelf.",whole,true,"same base, prep difference, received DISTINCT + SYNONYM — cloves ~ ground cloves [ground] => DISTINCT; cloves ~ whole cloves [whole] => SYNONYM"
RESIDUE,confidence_medium,cob corn,corn on the cob,fresh corn on the cob,SYNONYM,medium,,,,,,"An unqualified 'corn on the cob' in a recipe means fresh ears from the produce section; 'fresh' merely states the default rather than narrowing to a different product. Same shelf, same purchase, so a shopper handed either name buys identical ears. (Frozen cob corn would have to say 'frozen' explicitly, so the bare name is not acting as a parent of fresh/frozen tiers.)",fresh,true,
RESIDUE,confidence_medium,coconut,sweetened shredded coconut,toasted shredded coconut,DISTINCT,medium,,,,,,"Both names carry qualifiers on independent axes: 'sweetened' fixes whether sugar is added, 'toasted' fixes the roast/preparation state. Neither covers the other, and a shopper holding sweetened shredded coconut who needs toasted coconut is not automatically served (toasted coconut is typically unsweetened, and vice versa). Two separate catalog products.",sweetened|toasted,true,
RESIDUE,confidence_medium,cold water,cold water,ice-cold water,SUBSUMES,medium,,cold water,,,,"Same still water; 'cold' is the bare temperature qualifier and 'ice-cold' fixes it more precisely on the same axis. A demand for cold water is satisfied by ice-cold water, but not the reverse, so the first name is the generic.",ice,false,
RESIDUE,confidence_medium,cooking spray,cooking spray,neutral cooking spray,SUBSUMES,medium,,cooking spray,,,,"""Cooking spray"" is the bare generic and covers olive oil, butter-flavored, coconut and baking sprays as well as neutral ones; ""neutral cooking spray"" fixes the flavor/oil axis to a flavorless oil (canola/vegetable). A shopper needing plain cooking spray is satisfied by a neutral one, but one needing neutral is not satisfied by a butter- or olive-flavored spray, so the first name is the generic.",neutral,false,
RESIDUE,confidence_medium,corn,fresh corn,sweet corn,SYNONYM,medium,,,,,,"Fresh corn sold for eating IS sweet corn; a shopper handed either name buys the same ears. Wrinkle: ""sweet corn"" can also name canned/frozen product, but as a fresh-corn family row they are the same purchase.",fresh|sweet,true,
RESIDUE,confidence_medium,corn ear,corn ears,"ears of corn, husked",SYNONYM,medium,,,,,,"Husking is removing the inedible wrapper; the ear count and usable ear are unchanged, so it is a prep transformation of the same purchase, not a separate buy.",husked,false,
RESIDUE,confidence_medium,corn ear,corn ears,fresh corn ears,SYNONYM,medium,,,,,,Corn on the cob sold as ears is fresh by default; 'fresh' restates the standard product rather than narrowing it.,fresh,true,
RESIDUE,confidence_medium,corn ear,ear of corn,"ears of corn, husked",SYNONYM,medium,,,,,,Husked is a prep state of the same ear; nothing edible discarded and the count is unchanged.,husked,false,
RESIDUE,confidence_medium,corn ear,ear of corn,fresh corn ears,SYNONYM,medium,,,,,,'Fresh' names the default state of an ear of corn; same shelf item.,fresh,true,
RESIDUE,confidence_medium,corn ear,ears of corn,"ears of corn, husked",SYNONYM,medium,,,,,,Husking transforms the same purchase; no second trip and the usable ear count is identical.,husked,false,
RESIDUE,confidence_medium,corn ear,ears of corn,fresh corn ears,SYNONYM,medium,,,,,,Ears of corn are fresh corn on the cob; the qualifier restates the default product.,fresh,true,
RESIDUE,confidence_medium,corn kernel,corn kernels,sweet corn kernels,SYNONYM,medium,,,,,,"In a culinary catalog ""corn kernels"" already means sweet corn (field corn/hominy are never sold under this name), so ""sweet"" restates the default variety rather than narrowing it. Same product off the shelf.",sweet,false,
RESIDUE,contradiction_flagged,corn kernel,fresh corn kernels,sweet corn kernels,SUBSUMES,medium,,sweet corn kernels,,,,"""sweet corn kernels"" is effectively the unqualified culinary generic (variety default, form open), and fresh kernels satisfy it; a demand for fresh is not met by any sweet corn kernels.",fresh|sweet,true,"SUBSUMES declares ""sweet corn kernels"" generic over ""fresh corn kernels"", but the declared generic is not the less-qualified name — two specifics are DISTINCT, never SUBSUMES (D-WS9-202)"
RESIDUE,contradiction_flagged,corn kernel,frozen corn kernels,sweet corn kernels,SUBSUMES,medium,,sweet corn kernels,,,,"Parallel to the fresh case: ""sweet corn kernels"" leaves the form open and is satisfied by frozen ones, while a demand for frozen specifically is not met by sweet corn generally.",frozen|sweet,true,"SUBSUMES declares ""sweet corn kernels"" generic over ""frozen corn kernels"", but the declared generic is not the less-qualified name — two specifics are DISTINCT, never SUBSUMES (D-WS9-202)"
RESIDUE,confidence_medium,couscou,couscous,pearl couscous,DISTINCT,medium,,,,,,"Bare ""couscous"" is not an empty generic — it denotes the standard fine Moroccan couscous, a specific box with its own cooking method. Pearl (Israeli) couscous is a separate product on the shelf, cooked differently; a shopper asking for ""couscous"" would be handed the fine kind, not any of them. Sibling varieties, so two purchases.",pearl,false,
RESIDUE,confidence_medium,creole mustard,creole mustard,whole-grain creole mustard,SYNONYM,medium,,,,,,"Creole mustard is by definition a coarse, whole-grain-style brown mustard (e.g. Zatarain's), so the bare name already denotes the whole-grain product rather than a broader category with smooth variants. A shopper handed either name buys the same jar.",grain|whole,true,
RESIDUE,confidence_medium,crouton,croutons,plain croutons,SUBSUMES,medium,,croutons,,,,"""Croutons"" is the bare, unqualified name and is sold in many flavors (garlic, seasoned, Caesar, plain); a shopper needing generic croutons is satisfied by plain ones, but someone needing specifically unseasoned/plain croutons is not satisfied by any bag of croutons. First name is the generic.",plain,false,
RESIDUE,confidence_medium,crust dough pie refrigerated,refrigerated double-crust pie dough,refrigerated pie crust dough,SUBSUMES,medium,,refrigerated pie crust dough,,,,"""refrigerated pie crust dough"" is the bare, unqualified name for the product; ""double-crust"" fixes the quantity/package axis (enough dough for a top and bottom crust). A shopper needing generic refrigerated pie dough is satisfied by the double-crust package, but someone needing a double crust is not satisfied by just any refrigerated pie dough, so the second name is the generic.",double,false,
RESIDUE,confidence_medium,cucumber,cucumber,english cucumber,SUBSUMES,medium,,cucumber,,,,"""cucumber"" is a bare, unqualified name covering the whole variety axis (slicing, English, Persian, Kirby); ""english cucumber"" fixes the variety. A shopper needing plain cucumber is served by an English one, but someone needing English specifically is not served by any cucumber. Generic is the first name.",english,false,
RESIDUE,confidence_medium,cucumber,cucumber,persian cucumbers,SUBSUMES,medium,,cucumber,,,,"Same structure as the English cucumber pair: bare ""cucumber"" leaves variety open and is satisfied by Persian cucumbers, while a demand for Persian cucumbers is not met by just any cucumber. Generic is the first name.",persian,false,
RESIDUE,confidence_medium,cumin,cumin,cumin powder,SYNONYM,medium,,,,,,A jar labelled plainly 'cumin' is the ground spice; 'cumin powder' is the same shelf product under another name.,powder,true,
RESIDUE,confidence_medium,cumin,cumin,cumin seeds,DISTINCT,medium,,,,,,"Bare 'cumin' denotes the standard ground spice, not the whole-seed product; a cook holding ground cumin needing seeds must buy seeds (grinding is one-way, like peppercorns vs ground pepper).",seed,false,
RESIDUE,confidence_medium,cumin,cumin,"cumin, ground",SYNONYM,medium,,,,,,"Bare 'cumin' already means the ground spice, so 'cumin, ground' is the same purchase spelled out.",ground,true,
RESIDUE,confidence_medium,cumin,cumin,ground cumin,SYNONYM,medium,,,,,,"Same as 'cumin, ground': the default cumin product on the shelf is ground cumin.",ground,true,
RESIDUE,confidence_medium,cumin,cumin,whole cumin seeds,DISTINCT,medium,,,,,,Same relation as 'cumin ~ cumin seeds': the whole seed is a separate jar from the default ground cumin.,seed|whole,true,
RESIDUE,confidence_medium,curry paste,red curry paste,thai red curry paste,SYNONYM,medium,,,,,,"In practice ""red curry paste"" on a shelf IS Thai red curry paste (Maesri/Thai Kitchen etc.); the qualifier only names the cuisine of origin already implied, so either name buys the identical jar.",thai,false,
RESIDUE,confidence_medium,curry powder,curry powder,madras curry powder,SUBSUMES,medium,,curry powder,,,,"""Curry powder"" is the bare generic blend name, unqualified on style/heat; ""madras"" fixes a specific regional, hotter formulation. A shopper needing plain curry powder is served by madras curry powder, but someone whose recipe calls for madras is not satisfied by just any curry powder. First name is the generic.",madra,false,
RESIDUE,confidence_medium,dairy_milk,bread and butter pickles,bread-and-butter pickle chips,SYNONYM,medium,,,,,,Bread-and-butter pickles are standardly sold as chips (crinkle-cut rounds); the same jar answers either name.,chip,false,
RESIDUE,confidence_medium,dairy_milk,butter lettuce,butter lettuce leaves,COMPONENT,medium,butter lettuce,,12,leaf,false,"You buy a head of butter lettuce; 'leaves' discards the core/root end, so part of the purchase is waste.",leaf,false,
RESIDUE,confidence_medium,dairy_milk,butter,unsalted butter,SUBSUMES,medium,,butter,,,,"'Butter' is bare on the salt axis; unsalted butter is a specific kind of it. A recipe calling for butter is served by unsalted, but not vice versa.",unsalted,false,
RESIDUE,contradiction_flagged,dairy_milk,coconut milk,full-fat coconut milk,SYNONYM,medium,,,,,,A can labeled simply 'coconut milk' is the standard full-fat can; 'full-fat' merely makes the default explicit.,fat|full,false,signature [fat|full] received SUBSUMES + SYNONYM — coconut milk ~ full-fat coconut milk => SYNONYM; full-fat sour cream ~ sour cream => SYNONYM; plain full-fat greek yogurt ~ plain greek yogurt => SUBSUMES
RESIDUE,confidence_medium,dairy_milk,creamy peanut butter,peanut butter,SUBSUMES,medium,,peanut butter,,,,"'Peanut butter' is bare on the texture axis; creamy is a specific kind. A demand for peanut butter is met by creamy, not the reverse.",creamy,false,
RESIDUE,confidence_medium,dairy_milk,full-fat greek yogurt,plain full-fat greek yogurt,SYNONYM,medium,,,,,,'Plain' is the default for cooking yogurt; both names denote the same tub of unsweetened full-fat Greek yogurt.,plain,false,
RESIDUE,confidence_medium,dairy_milk,full-fat greek yogurt,plain greek yogurt,SUBSUMES,medium,,plain greek yogurt,,,,"'Plain greek yogurt' leaves the fat level open (0%, 2%, 5% are all sold); full-fat greek yogurt is a specific kind that satisfies it.",fat|full|plain,false,
RESIDUE,confidence_medium,dairy_milk,full-fat plain yogurt,plain full-fat greek yogurt,DISTINCT,medium,,,,,,Regular (unstrained) full-fat yogurt and strained Greek yogurt are different products with different texture; two tubs.,greek,false,
RESIDUE,contradiction_flagged,dairy_milk,full-fat sour cream,sour cream,SYNONYM,medium,,,,,,A tub labeled simply 'sour cream' is the regular full-fat product; the qualifier restates the default.,fat|full,false,signature [fat|full] received SUBSUMES + SYNONYM — coconut milk ~ full-fat coconut milk => SYNONYM; full-fat sour cream ~ sour cream => SYNONYM; plain full-fat greek yogurt ~ plain greek yogurt => SUBSUMES
RESIDUE,confidence_medium,dairy_milk,natural peanut butter,peanut butter,SUBSUMES,medium,,peanut butter,,,,"'Peanut butter' is bare; natural (no added stabilizers/sugar) is a specific kind that satisfies a plain peanut butter call, not the reverse.",natural,false,
RESIDUE,contradiction_flagged,dairy_milk,plain full-fat greek yogurt,plain greek yogurt,SUBSUMES,medium,,plain greek yogurt,,,,'Plain greek yogurt' is unspecified on fat level; plain full-fat greek yogurt is a specific kind of it.,fat|full,false,signature [fat|full] received SUBSUMES + SYNONYM — coconut milk ~ full-fat coconut milk => SYNONYM; full-fat sour cream ~ sour cream => SYNONYM; plain full-fat greek yogurt ~ plain greek yogurt => SUBSUMES
RESIDUE,confidence_medium,dairy_milk,plain greek yogurt,plain whole-milk greek yogurt,SUBSUMES,medium,,plain greek yogurt,,,,'Plain greek yogurt' leaves fat level open; whole-milk is the specific kind that satisfies it.,milk|whole,true,
RESIDUE,confidence_medium,dairy_milk,plain whole-milk greek yogurt,plain whole-milk yogurt,DISTINCT,medium,,,,,,Strained Greek yogurt and regular whole-milk yogurt are different tubs with different thickness; a shopper needing one is not served by the other.,greek,false,
RESIDUE,confidence_medium,dairy_milk,plain whole-milk greek yogurt,whole milk plain yogurt,DISTINCT,medium,,,,,,Greek (strained) versus regular whole-milk plain yogurt: two different products.,greek,false,
RESIDUE,confidence_medium,dairy_milk,plain whole-milk greek yogurt,whole milk yogurt,DISTINCT,medium,,,,,,Greek (strained) versus regular whole-milk yogurt: two different products.,greek|plain,false,
RESIDUE,confidence_medium,dairy_milk,plain whole-milk greek yogurt,whole-milk plain yogurt,DISTINCT,medium,,,,,,Greek (strained) versus regular whole-milk plain yogurt: two different products.,greek,false,
RESIDUE,confidence_medium,dairy_milk,plain whole-milk yogurt,whole milk yogurt,SYNONYM,medium,,,,,,'Plain' is the recipe default for whole-milk yogurt; same tub.,plain,false,
RESIDUE,confidence_medium,dairy_milk,whole milk plain yogurt,whole milk yogurt,SYNONYM,medium,,,,,,'Plain' restates the recipe default for whole milk yogurt; same tub.,plain,false,
RESIDUE,confidence_medium,dairy_milk,whole milk yogurt,whole-milk greek yogurt,DISTINCT,medium,,,,,,Regular whole-milk yogurt and strained Greek whole-milk yogurt are different tubs.,greek,false,
RESIDUE,confidence_medium,dairy_milk,whole milk yogurt,whole-milk plain yogurt,SYNONYM,medium,,,,,,'Plain' is the default; same whole-milk yogurt tub.,plain,false,
RESIDUE,confidence_medium,dough pizza,pizza dough,refrigerated pizza dough,SUBSUMES,medium,,pizza dough,,,,"""pizza dough"" is bare and unspecified on every axis; ""refrigerated pizza dough"" fixes the form/packaging axis (as opposed to frozen, dry mix, or made-from-scratch). A shopper needing generic pizza dough is satisfied by the refrigerated tube; one needing refrigerated specifically is not satisfied by frozen dough. First name is the generic.",refrigerated,false,
RESIDUE,confidence_medium,dough pizza,pizza dough,thin-crust pizza dough,SUBSUMES,medium,,pizza dough,,,,"""pizza dough"" is the bare generic; ""thin-crust pizza dough"" fixes the crust-style axis. Anyone asking for plain pizza dough would accept a thin-crust formulation, but a thin-crust recipe is not satisfied by just any dough. First name is the generic.",crust|thin,false,
RESIDUE,contradiction_flagged,edamame,cooked edamame,edamame,SYNONYM,medium,,,,,,"""Cooked"" is a preparation state that transforms the whole purchase — nothing is discarded and no second product is bought. One bag of edamame, boiled or steamed, is cooked edamame.",cooked,true,"same base, prep difference, received SUBSUMES + SYNONYM — cooked edamame ~ edamame [cooked] => SYNONYM; edamame ~ shelled edamame [shelled] => SUBSUMES"
RESIDUE,contradiction_flagged,edamame,cooked edamame,shelled edamame,SUBSUMES,medium,,cooked edamame,,,,"Since ""cooked"" only fixes preparation state and leaves the pod/shelled axis wide open, ""cooked edamame"" is satisfied by shelled edamame, but someone needing shelled beans is not served by in-pod edamame. First name is the broader one.",cooked|shelled,true,"SUBSUMES declares ""cooked edamame"" generic over ""shelled edamame"", but the declared generic is not the less-qualified name — two specifics are DISTINCT, never SUBSUMES (D-WS9-202)"
RESIDUE,confidence_medium,edamame,cooked edamame,shelled frozen edamame,SUBSUMES,medium,,cooked edamame,,,,"""Cooked edamame"" is unspecified on both the shelled and frozen axes; shelled frozen edamame is one specific kind that satisfies it, not the reverse.",cooked|frozen|shelled,true,
RESIDUE,contradiction_flagged,edamame,edamame,shelled edamame,SUBSUMES,high,,edamame,,,,"""Edamame"" is the bare generic covering both in-pod and shelled; ""shelled"" fixes the form. A shopper wanting edamame is happy with shelled; one needing shelled beans is not satisfied by pods.",shelled,false,"same base, prep difference, received SUBSUMES + SYNONYM — cooked edamame ~ edamame [cooked] => SYNONYM; edamame ~ shelled edamame [shelled] => SUBSUMES"
RESIDUE,confidence_medium,edamame,shelled edamame,shelled frozen edamame,SUBSUMES,medium,,shelled edamame,,,,"Both fix the shell axis identically, but ""shelled edamame"" leaves fresh/frozen open while the second fills that in — subsumption within the same tier, first name generic.",frozen,true,
RESIDUE,confidence_medium,egg,egg,hard-boiled eggs,SYNONYM,medium,,,,,,"Hard-boiling is a preparation that transforms the whole purchase; nothing usable is discarded, so the same carton of eggs satisfies both names.",boiled|hard,false,
RESIDUE,confidence_medium,egg,egg,large egg yolks,COMPONENT,medium,egg,,1,each,true,"Yolks are a part of the egg purchase; bare 'egg' already means the standard large size, so one egg yields one large yolk with the white still available.",large|yolk,false,
RESIDUE,confidence_medium,egg,egg,large eggs,DISTINCT,medium,,,,,,"'Large' is the default US egg grade, so bare 'egg' already denotes that standard size — a sibling of the graded sizes rather than a parent of them.",large,false,
RESIDUE,confidence_medium,eggplant,eggplant,globe eggplant,SYNONYM,medium,,,,,,"In a US catalog the unqualified ""eggplant"" is the standard large purple globe variety — a shopper handed either name picks up the same product. Per the default-variety rule, the bare name names that standard variant rather than parenting all varieties.",globe,false,
RESIDUE,confidence_medium,eggplant,eggplant,thai eggplant,DISTINCT,medium,,,,,,"Since bare ""eggplant"" already denotes the globe variety, Thai eggplant (small round green fruits, sold separately, usually at Asian groceries) is a sibling product, not a specific kind of the bare name. A shopper holding globe eggplant needing Thai eggplant must buy it.",thai,false,
RESIDUE,confidence_medium,enchilada sauce,canned mild red enchilada sauce,canned red enchilada sauce,SUBSUMES,medium,,canned red enchilada sauce,,,,"""Canned red enchilada sauce"" is unspecified on the heat axis; ""mild"" fixes it. A demand for the generic is met by the mild can, not vice versa. Generic is the second name.",mild,false,
RESIDUE,confidence_medium,enchilada sauce,canned mild red enchilada sauce,mild red enchilada sauce,SYNONYM,medium,,,,,,"Enchilada sauce is sold in cans by default; ""canned"" merely names the package the same product comes in. One trip, one can.",canned,true,
RESIDUE,confidence_medium,enchilada sauce,canned mild red enchilada sauce,red enchilada sauce,SUBSUMES,medium,,red enchilada sauce,,,,"Second name is bare red enchilada sauce, unspecified on heat; the first fixes heat (mild) in the default canned form. Generic is the second name.",canned|mild,true,
RESIDUE,contradiction_flagged,enchilada sauce,canned red enchilada sauce,mild red enchilada sauce,SUBSUMES,medium,,canned red enchilada sauce,,,,"First name leaves heat level open; ""mild"" fixes it. A shopper wanting red enchilada sauce is satisfied by the mild one, but not the reverse. Generic is the first name.",canned|mild,true,"SUBSUMES declares ""canned red enchilada sauce"" generic over ""mild red enchilada sauce"", but the declared generic is not the less-qualified name — two specifics are DISTINCT, never SUBSUMES (D-WS9-202)"
RESIDUE,confidence_medium,enchilada sauce,canned red enchilada sauce,red enchilada sauce,SYNONYM,medium,,,,,,"Same product; ""canned"" states the default packaging for red enchilada sauce rather than distinguishing a different purchase.",canned,true,
RESIDUE,confidence_medium,enchilada sauce,mild red enchilada sauce,red enchilada sauce,SUBSUMES,medium,,red enchilada sauce,,,,"""Red enchilada sauce"" is bare on the heat axis (mild/medium/hot exhaust it), so it subsumes the mild version. Generic is the second name.",mild,false,
RESIDUE,confidence_medium,endive,belgian endive,endive,SUBSUMES,medium,,endive,,,,"""Endive"" is the bare family name covering Belgian endive, curly endive/frisée and escarole; ""Belgian endive"" names one specific variety. A shopper needing generic endive is served by Belgian endive, but someone needing Belgian endive is not satisfied by any endive. The second name is the generic one.",belgian,false,
RESIDUE,confidence_medium,flatbread,flatbread,flatbread dough,DISTINCT,medium,,,,,,"Flatbread dough is a raw, unbaked product you buy (or make) separately; finished flatbread is a different shelf item. Neither is extracted from the other without a second purchase — the dough must be rolled and baked, and holding baked flatbread you cannot get dough back. Not a part-of-purchase derivation, so DISTINCT rather than COMPONENT.",dough,false,
RESIDUE,confidence_medium,flatbread,flatbread,large whole-wheat flatbreads,SUBSUMES,medium,,flatbread,,,,"""flatbread"" is bare and unspecified on every axis (size, flour type), so a shopper needing generic flatbread is satisfied by large whole-wheat ones; someone needing large whole-wheat specifically is not satisfied by just any flatbread. First name is the generic.",large|wheat|whole,true,
RESIDUE,confidence_medium,flour_starch,coarse yellow cornmeal,yellow cornmeal,SUBSUMES,medium,,yellow cornmeal,,,,'Yellow cornmeal' fixes colour and leaves grind open; 'coarse yellow' fills in the grind. Generic is the second name.,coarse,false,
RESIDUE,confidence_medium,flour_starch,coarse-ground yellow cornmeal (polenta),yellow cornmeal,SUBSUMES,medium,,yellow cornmeal,,,,'Yellow cornmeal' leaves grind open; the coarse-ground (polenta) version specifies it. Generic is the second name.,coarse|ground|polenta,true,
RESIDUE,confidence_medium,flour_starch,coarse-ground yellow cornmeal,yellow cornmeal,SUBSUMES,medium,,yellow cornmeal,,,,'Yellow cornmeal' leaves the grind axis open and coarse-ground fills it. Generic is the second name.,coarse|ground,true,
RESIDUE,contradiction_flagged,flour_starch,cornmeal,fine yellow cornmeal,SUBSUMES,high,,cornmeal,,,,Bare generic versus a colour- and grind-specified kind. Generic is the first name.,fine|yellow,false,signature [fine|yellow] received DISTINCT + SUBSUMES — cornmeal ~ fine yellow cornmeal => SUBSUMES; fine cornmeal ~ yellow cornmeal => DISTINCT
RESIDUE,confidence_medium,flour_starch,fine cornmeal,fine yellow cornmeal,SUBSUMES,medium,,fine cornmeal,,,,'Fine cornmeal' fixes grind and leaves colour open; 'fine yellow cornmeal' also fixes colour. Generic is the first name.,yellow,false,
RESIDUE,contradiction_flagged,flour_starch,fine cornmeal,yellow cornmeal,DISTINCT,high,,,,,,"Qualified on different axes — one fixes grind, the other colour; neither contains the other.",fine|yellow,false,signature [fine|yellow] received DISTINCT + SUBSUMES — cornmeal ~ fine yellow cornmeal => SUBSUMES; fine cornmeal ~ yellow cornmeal => DISTINCT
RESIDUE,confidence_medium,flour_starch,fine yellow cornmeal,yellow cornmeal,SUBSUMES,medium,,yellow cornmeal,,,,'Yellow cornmeal' leaves grind open; 'fine yellow cornmeal' specifies it. Generic is the second name.,fine,false,
RESIDUE,contradiction_flagged,flour_starch,flour tortillas (10-inch),large flour tortillas,SUBSUMES,medium,,large flour tortillas,,,,10-inch is a burrito-size tortilla; 'large flour tortillas' leaves the exact inches open and is satisfied by 10-inch. Generic is the second name.,large,false,"signature [large] received DISTINCT + SUBSUMES + SYNONYM — flour tortillas (10-inch) ~ large flour tortillas => SUBSUMES; flour tortillas (10-inch) ~ large flour tortillas (10-inch) => SYNONYM; flour tortillas (10-inch) ~ large flour tortillas (12-inch) => DISTINCT; flour tortillas (8-inch) ~ large flour tortillas => DISTINCT; flour tortillas (8-inch) ~ large flour tortillas (10-inch) => DISTINCT; flour tortillas (8-inch) ~ large flour tortillas (12-inch) => DISTINCT; flour tortillas ~ large flour tortillas => DISTINCT; flour tortillas ~ large flour tortillas (10-inch) => DISTINCT; flour tortillas ~ large flour tortillas (12-inch) => DISTINCT | same base, descriptor difference, received DISTINCT + SUBSUMES + SYNONYM — flour tortillas (10-inch) ~ large flour tortillas [large] => SUBSUMES; flour tortillas (10-inch) ~ large flour tortillas (10-inch) [large] => SYNONYM; flour tortillas (10-inch) ~ large flour tortillas (12-inch) [large] => DISTINCT; flour tortillas (10-inch) ~ small flour tortillas [small] => DISTINCT | SUBSUMES declares ""large flour tortillas"" generic over ""flour tortillas (10-inch)"", but the declared generic is not the less-qualified name — two specifics are DISTINCT, never SUBSUMES (D-WS9-202)"
RESIDUE,contradiction_flagged,flour_starch,flour tortillas (10-inch),large flour tortillas (10-inch),SYNONYM,medium,,,,,,Both name a 10-inch flour tortilla; 'large' is redundant with the stated diameter.,large,false,"signature [large] received DISTINCT + SUBSUMES + SYNONYM — flour tortillas (10-inch) ~ large flour tortillas => SUBSUMES; flour tortillas (10-inch) ~ large flour tortillas (10-inch) => SYNONYM; flour tortillas (10-inch) ~ large flour tortillas (12-inch) => DISTINCT; flour tortillas (8-inch) ~ large flour tortillas => DISTINCT; flour tortillas (8-inch) ~ large flour tortillas (10-inch) => DISTINCT; flour tortillas (8-inch) ~ large flour tortillas (12-inch) => DISTINCT; flour tortillas ~ large flour tortillas => DISTINCT; flour tortillas ~ large flour tortillas (10-inch) => DISTINCT; flour tortillas ~ large flour tortillas (12-inch) => DISTINCT | same base, descriptor difference, received DISTINCT + SUBSUMES + SYNONYM — flour tortillas (10-inch) ~ large flour tortillas [large] => SUBSUMES; flour tortillas (10-inch) ~ large flour tortillas (10-inch) [large] => SYNONYM; flour tortillas (10-inch) ~ large flour tortillas (12-inch) [large] => DISTINCT; flour tortillas (10-inch) ~ small flour tortillas [small] => DISTINCT"
RESIDUE,contradiction_flagged,flour_starch,flour tortillas (10-inch),large flour tortillas (12-inch),DISTINCT,high,,,,,,10-inch and 12-inch are two different specific sizes; two purchases.,large,false,"signature [large] received DISTINCT + SUBSUMES + SYNONYM — flour tortillas (10-inch) ~ large flour tortillas => SUBSUMES; flour tortillas (10-inch) ~ large flour tortillas (10-inch) => SYNONYM; flour tortillas (10-inch) ~ large flour tortillas (12-inch) => DISTINCT; flour tortillas (8-inch) ~ large flour tortillas => DISTINCT; flour tortillas (8-inch) ~ large flour tortillas (10-inch) => DISTINCT; flour tortillas (8-inch) ~ large flour tortillas (12-inch) => DISTINCT; flour tortillas ~ large flour tortillas => DISTINCT; flour tortillas ~ large flour tortillas (10-inch) => DISTINCT; flour tortillas ~ large flour tortillas (12-inch) => DISTINCT | same base, descriptor difference, received DISTINCT + SUBSUMES + SYNONYM — flour tortillas (10-inch) ~ large flour tortillas [large] => SUBSUMES; flour tortillas (10-inch) ~ large flour tortillas (10-inch) [large] => SYNONYM; flour tortillas (10-inch) ~ large flour tortillas (12-inch) [large] => DISTINCT; flour tortillas (10-inch) ~ small flour tortillas [small] => DISTINCT"
RESIDUE,contradiction_flagged,flour_starch,flour tortillas (10-inch),small flour tortillas,DISTINCT,high,,,,,,Burrito-size versus taquito-size tortillas; different products.,small,false,"same base, descriptor difference, received DISTINCT + SUBSUMES + SYNONYM — flour tortillas (10-inch) ~ large flour tortillas [large] => SUBSUMES; flour tortillas (10-inch) ~ large flour tortillas (10-inch) [large] => SYNONYM; flour tortillas (10-inch) ~ large flour tortillas (12-inch) [large] => DISTINCT; flour tortillas (10-inch) ~ small flour tortillas [small] => DISTINCT"
RESIDUE,contradiction_flagged,flour_starch,flour tortillas (8-inch),large flour tortillas,DISTINCT,medium,,,,,,"8-inch is the regular all-purpose size, not the large/burrito tier; a second purchase is needed.",large,false,signature [large] received DISTINCT + SUBSUMES + SYNONYM — flour tortillas (10-inch) ~ large flour tortillas => SUBSUMES; flour tortillas (10-inch) ~ large flour tortillas (10-inch) => SYNONYM; flour tortillas (10-inch) ~ large flour tortillas (12-inch) => DISTINCT; flour tortillas (8-inch) ~ large flour tortillas => DISTINCT; flour tortillas (8-inch) ~ large flour tortillas (10-inch) => DISTINCT; flour tortillas (8-inch) ~ large flour tortillas (12-inch) => DISTINCT; flour tortillas ~ large flour tortillas => DISTINCT; flour tortillas ~ large flour tortillas (10-inch) => DISTINCT; flour tortillas ~ large flour tortillas (12-inch) => DISTINCT
RESIDUE,contradiction_flagged,flour_starch,flour tortillas (8-inch),large flour tortillas (10-inch),DISTINCT,high,,,,,,8-inch versus 10-inch — two different specific sizes.,large,false,signature [large] received DISTINCT + SUBSUMES + SYNONYM — flour tortillas (10-inch) ~ large flour tortillas => SUBSUMES; flour tortillas (10-inch) ~ large flour tortillas (10-inch) => SYNONYM; flour tortillas (10-inch) ~ large flour tortillas (12-inch) => DISTINCT; flour tortillas (8-inch) ~ large flour tortillas => DISTINCT; flour tortillas (8-inch) ~ large flour tortillas (10-inch) => DISTINCT; flour tortillas (8-inch) ~ large flour tortillas (12-inch) => DISTINCT; flour tortillas ~ large flour tortillas => DISTINCT; flour tortillas ~ large flour tortillas (10-inch) => DISTINCT; flour tortillas ~ large flour tortillas (12-inch) => DISTINCT
RESIDUE,contradiction_flagged,flour_starch,flour tortillas (8-inch),large flour tortillas (12-inch),DISTINCT,high,,,,,,8-inch versus 12-inch — two different specific sizes.,large,false,signature [large] received DISTINCT + SUBSUMES + SYNONYM — flour tortillas (10-inch) ~ large flour tortillas => SUBSUMES; flour tortillas (10-inch) ~ large flour tortillas (10-inch) => SYNONYM; flour tortillas (10-inch) ~ large flour tortillas (12-inch) => DISTINCT; flour tortillas (8-inch) ~ large flour tortillas => DISTINCT; flour tortillas (8-inch) ~ large flour tortillas (10-inch) => DISTINCT; flour tortillas (8-inch) ~ large flour tortillas (12-inch) => DISTINCT; flour tortillas ~ large flour tortillas => DISTINCT; flour tortillas ~ large flour tortillas (10-inch) => DISTINCT; flour tortillas ~ large flour tortillas (12-inch) => DISTINCT
RESIDUE,confidence_medium,flour_starch,flour tortillas (8-inch),small flour tortillas,DISTINCT,medium,,,,,,"8-inch is the regular size; 'small' is the taquito tier. Sibling sizes, two packages.",small,false,
RESIDUE,confidence_low,flour_starch,flour tortillas,flour tortillas (10-inch),DISTINCT,low,,,,,,"Bare 'flour tortillas' names the regular all-purpose size, a sibling tier; a 10-inch tortilla belongs to the large/burrito tier.",(identical),false,
RESIDUE,contradiction_flagged,flour_starch,flour tortillas,flour tortillas (8-inch),SUBSUMES,medium,,flour tortillas,,,,"8-inch falls inside the regular all-purpose tier that bare 'flour tortillas' names, which leaves exact inches open. Generic is the first name.",(identical),false,"SUBSUMES declares ""flour tortillas"" generic over ""flour tortillas (8-inch)"", but the declared generic is not the less-qualified name — two specifics are DISTINCT, never SUBSUMES (D-WS9-202)"
RESIDUE,contradiction_flagged,flour_starch,flour tortillas,large flour tortillas,DISTINCT,high,,,,,,"Bare 'flour tortillas' is itself a size (regular), a sibling of the large/burrito tier, not its parent.",large,false,signature [large] received DISTINCT + SUBSUMES + SYNONYM — flour tortillas (10-inch) ~ large flour tortillas => SUBSUMES; flour tortillas (10-inch) ~ large flour tortillas (10-inch) => SYNONYM; flour tortillas (10-inch) ~ large flour tortillas (12-inch) => DISTINCT; flour tortillas (8-inch) ~ large flour tortillas => DISTINCT; flour tortillas (8-inch) ~ large flour tortillas (10-inch) => DISTINCT; flour tortillas (8-inch) ~ large flour tortillas (12-inch) => DISTINCT; flour tortillas ~ large flour tortillas => DISTINCT; flour tortillas ~ large flour tortillas (10-inch) => DISTINCT; flour tortillas ~ large flour tortillas (12-inch) => DISTINCT
RESIDUE,contradiction_flagged,flour_starch,flour tortillas,large flour tortillas (10-inch),DISTINCT,high,,,,,,Regular-size tier versus a specific 10-inch burrito tortilla; two purchases.,large,false,signature [large] received DISTINCT + SUBSUMES + SYNONYM — flour tortillas (10-inch) ~ large flour tortillas => SUBSUMES; flour tortillas (10-inch) ~ large flour tortillas (10-inch) => SYNONYM; flour tortillas (10-inch) ~ large flour tortillas (12-inch) => DISTINCT; flour tortillas (8-inch) ~ large flour tortillas => DISTINCT; flour tortillas (8-inch) ~ large flour tortillas (10-inch) => DISTINCT; flour tortillas (8-inch) ~ large flour tortillas (12-inch) => DISTINCT; flour tortillas ~ large flour tortillas => DISTINCT; flour tortillas ~ large flour tortillas (10-inch) => DISTINCT; flour tortillas ~ large flour tortillas (12-inch) => DISTINCT
RESIDUE,contradiction_flagged,flour_starch,flour tortillas,large flour tortillas (12-inch),DISTINCT,high,,,,,,Regular-size tier versus a specific 12-inch burrito tortilla; two purchases.,large,false,signature [large] received DISTINCT + SUBSUMES + SYNONYM — flour tortillas (10-inch) ~ large flour tortillas => SUBSUMES; flour tortillas (10-inch) ~ large flour tortillas (10-inch) => SYNONYM; flour tortillas (10-inch) ~ large flour tortillas (12-inch) => DISTINCT; flour tortillas (8-inch) ~ large flour tortillas => DISTINCT; flour tortillas (8-inch) ~ large flour tortillas (10-inch) => DISTINCT; flour tortillas (8-inch) ~ large flour tortillas (12-inch) => DISTINCT; flour tortillas ~ large flour tortillas => DISTINCT; flour tortillas ~ large flour tortillas (10-inch) => DISTINCT; flour tortillas ~ large flour tortillas (12-inch) => DISTINCT
RESIDUE,contradiction_flagged,flour_starch,large flour tortillas,large flour tortillas (10-inch),SUBSUMES,high,,large flour tortillas,,,,'Large' leaves the exact inches open and 10-inch fills it — subsumption within the tier. Generic is the first name.,(identical),false,"SUBSUMES declares ""large flour tortillas"" generic over ""large flour tortillas (10-inch)"", but the declared generic is not the less-qualified name — two specifics are DISTINCT, never SUBSUMES (D-WS9-202)"
RESIDUE,contradiction_flagged,flour_starch,large flour tortillas,large flour tortillas (12-inch),SUBSUMES,high,,large flour tortillas,,,,'Large' leaves the exact inches open and 12-inch fills it. Generic is the first name.,(identical),false,"SUBSUMES declares ""large flour tortillas"" generic over ""large flour tortillas (12-inch)"", but the declared generic is not the less-qualified name — two specifics are DISTINCT, never SUBSUMES (D-WS9-202)"
RESIDUE,confidence_medium,grain mustard,whole grain mustard,whole-grain creole mustard,SUBSUMES,medium,,whole grain mustard,,,,"""whole grain mustard"" is the bare generic (unspecified as to style); ""creole"" fixes the style axis. A shopper needing whole grain mustard is served by a whole-grain creole mustard, but not the reverse.",creole,false,
RESIDUE,confidence_medium,grain mustard,whole grain mustard,whole-grain dijon mustard,SUBSUMES,medium,,whole grain mustard,,,,"""whole grain mustard"" is the bare generic; ""dijon"" specifies the style. Demand for the generic is met by the dijon version, not vice versa.",dijon,false,
RESIDUE,confidence_medium,grain mustard,whole-grain creole mustard,whole-grain mustard,SUBSUMES,medium,,whole-grain mustard,,,,"Mirror of pair 0: the second name is the bare generic whole-grain mustard, the first fixes the creole style.",creole,false,
RESIDUE,confidence_medium,grain mustard,whole-grain dijon mustard,whole-grain mustard,SUBSUMES,medium,,whole-grain mustard,,,,"Mirror of pair 1: the second name is the bare generic, the first specifies dijon style.",dijon,false,
RESIDUE,contradiction_flagged,greens,baby arugula,fresh arugula,SUBSUMES,medium,,fresh arugula,,,,"""fresh arugula"" is equivalent to plain arugula (the generic); ""baby arugula"" is the specific grade, so the second name is the broader one.",baby|fresh,true,"SUBSUMES declares ""fresh arugula"" generic over ""baby arugula"", but the declared generic is not the less-qualified name — two specifics are DISTINCT, never SUBSUMES (D-WS9-202)"
RESIDUE,contradiction_flagged,greens,baby spinach,fresh spinach,SUBSUMES,medium,,fresh spinach,,,,"""fresh spinach"" is the unqualified spinach generic; ""baby spinach"" is a specific leaf grade, so the second name is broader.",baby|fresh,true,"SUBSUMES declares ""fresh spinach"" generic over ""baby spinach"", but the declared generic is not the less-qualified name — two specifics are DISTINCT, never SUBSUMES (D-WS9-202)"
RESIDUE,confidence_medium,greens,butter lettuce leaves,lettuce,SUBSUMES,medium,,lettuce,,,,"""lettuce"" is the bare generic and is satisfied by butter lettuce leaves; the reverse is not true.",butter|leaf,false,
RESIDUE,confidence_medium,greens,fresh lacinato kale,kale,SUBSUMES,medium,,kale,,,,"Lacinato is a specific kale variety; the second name ""kale"" is the bare generic (kale is sold fresh by default).",fresh|lacinato,true,
RESIDUE,confidence_medium,greens,frisée lettuce,lettuce,SUBSUMES,medium,,lettuce,,,,"Frisée is treated here as a specific salad-lettuce type under the bare generic ""lettuce"" (second name).",e|fri,false,
RESIDUE,confidence_medium,greens,green cabbage,white cabbage,SYNONYM,medium,,,,,,"""White cabbage"" is the common alternate name for the pale-green common cabbage sold as green cabbage.",green|white,false,
RESIDUE,confidence_medium,greens,green curry paste,thai green curry paste,SUBSUMES,medium,,green curry paste,,,,"""green curry paste"" leaves origin/style open; ""thai"" fixes it, so the first name is the generic.",thai,false,
RESIDUE,confidence_medium,greens,iceberg lettuce leaves,lettuce,SUBSUMES,medium,,lettuce,,,,"Iceberg leaves are a specific lettuce; the second name ""lettuce"" is the bare generic.",iceberg|leaf,false,
RESIDUE,confidence_medium,greens,iceberg lettuce,iceberg lettuce leaves,SYNONYM,medium,,,,,,Separating a head into leaves is a transformation of the same purchase; essentially all of the head is used.,leaf,false,
RESIDUE,confidence_medium,greens,lettuce,mixed green lettuce,SUBSUMES,medium,,lettuce,,,,"Mixed green lettuce (spring/salad mix) is a specific lettuce purchase under the bare generic ""lettuce"".",green|mixed,false,
RESIDUE,confidence_medium,greens,lettuce,romaine lettuce hearts,SUBSUMES,medium,,lettuce,,,,"Romaine hearts are a specific lettuce product; the bare generic ""lettuce"" is satisfied by them.",heart|romaine,false,
RESIDUE,confidence_medium,greens,lettuce,romaine lettuce leaves,SUBSUMES,medium,,lettuce,,,,Romaine leaves are a specific lettuce; the bare generic is the first name.,leaf|romaine,false,
RESIDUE,confidence_medium,greens,lettuce,shredded iceberg lettuce,SUBSUMES,medium,,lettuce,,,,"Shredded iceberg is a specific form of a specific lettuce; the bare generic ""lettuce"" is the first name.",iceberg|shredded,true,
RESIDUE,confidence_medium,greens,lettuce,shredded romaine lettuce,SUBSUMES,medium,,lettuce,,,,"Shredded romaine is a specific lettuce; ""lettuce"" is the bare generic.",romaine|shredded,true,
RESIDUE,confidence_medium,greens,mixed baby greens,mixed greens,SUBSUMES,medium,,mixed greens,,,,"""mixed greens"" (second) is the bare generic; ""mixed baby greens"" fixes the leaf grade.",baby,false,
RESIDUE,confidence_low,greens,mixed green lettuce,mixed greens,SUBSUMES,low,,mixed greens,,,,"""mixed greens"" is broader (may include non-lettuce greens); ""mixed green lettuce"" restricts to lettuces, so the second name is the generic.",lettuce,false,
RESIDUE,confidence_medium,greens,purple cabbage,white cabbage,DISTINCT,medium,,,,,,White cabbage is the common pale-green head; purple/red is a different head.,purple|white,false,
RESIDUE,confidence_medium,greens,red cabbage,white cabbage,DISTINCT,medium,,,,,,Red cabbage and white (common green) cabbage are different heads.,red|white,false,
RESIDUE,confidence_medium,greens,romaine lettuce,romaine lettuce hearts,COMPONENT,medium,romaine lettuce,,1,each,false,"The heart is the trimmed inner portion of a romaine head; the tough outer leaves are discarded, so one head yields one heart.",heart,false,
RESIDUE,confidence_medium,greens,romaine lettuce,romaine lettuce leaves,SYNONYM,medium,,,,,,Separating the head into leaves transforms the same purchase; essentially nothing is discarded.,leaf,false,
RESIDUE,confidence_medium,greens,shredded green cabbage,white cabbage,SYNONYM,medium,,,,,,"White cabbage is the same head as green cabbage, and shredding merely transforms it.",green|shredded|white,true,
RESIDUE,confidence_medium,hard shell taco,hard corn taco shell,hard taco shells,SYNONYM,medium,,,,,,"Hard taco shells are corn by default — the standard product on the shelf is a corn hard shell, so 'hard corn taco shell' names that same box rather than a narrower sub-kind. A shopper handed either name buys the identical package (singular vs plural is not a product difference).",corn,false,
RESIDUE,contradiction_flagged,herb,cilantro,fresh cilantro,SYNONYM,high,,,,,,"Bare ""cilantro"" already means the fresh bunch; same purchase under two names.",fresh,true,signature [fresh] received COMPONENT + SYNONYM — cilantro ~ fresh cilantro => SYNONYM; flat-leaf parsley ~ fresh flat-leaf parsley => SYNONYM; flat-leaf parsley ~ fresh flat-leaf parsley leaves => COMPONENT; fresh parsley ~ parsley => SYNONYM; fresh thai basil ~ thai basil => SYNONYM
RESIDUE,confidence_medium,herb,cilantro,fresh cilantro sprigs,COMPONENT,medium,cilantro,,15,sprig,false,A bunch of cilantro is subdivided into sprigs; the sprigs consume the bunch.,fresh|sprig,true,
RESIDUE,confidence_medium,herb,dill pickle,dill pickle chips,SYNONYM,medium,,,,,,"Chips are simply pickles cut into rounds; nothing is discarded, a transformation of the same purchase.",chip,false,
RESIDUE,confidence_medium,herb,dill pickle,dill pickle slices,SYNONYM,medium,,,,,,Slicing a dill pickle transforms it without discarding anything.,slice,false,
RESIDUE,confidence_medium,herb,dill pickle,dill pickle spears,SYNONYM,medium,,,,,,Spears are pickles quartered lengthwise; a cut form of the same purchase.,spear,false,
RESIDUE,confidence_medium,herb,dried mexican oregano,dried oregano,DISTINCT,medium,,,,,,"Bare dried oregano means the standard Mediterranean type; Mexican oregano is a different plant and a separate jar, so they are siblings.",mexican,false,
RESIDUE,contradiction_flagged,herb,dried parsley,parsley,DISTINCT,high,,,,,,"""Parsley"" means the fresh bunch; dried parsley is a separate jar.",dried,true,"same base, prep difference, received DISTINCT + SYNONYM — dried parsley ~ parsley [dried] => DISTINCT; fresh parsley ~ parsley [fresh] => SYNONYM"
RESIDUE,contradiction_flagged,herb,flat-leaf parsley,fresh flat-leaf parsley,SYNONYM,high,,,,,,"Flat-leaf parsley is sold fresh; ""fresh"" adds nothing.",fresh,true,"signature [fresh] received COMPONENT + SYNONYM — cilantro ~ fresh cilantro => SYNONYM; flat-leaf parsley ~ fresh flat-leaf parsley => SYNONYM; flat-leaf parsley ~ fresh flat-leaf parsley leaves => COMPONENT; fresh parsley ~ parsley => SYNONYM; fresh thai basil ~ thai basil => SYNONYM | same base, prep difference, received COMPONENT + SYNONYM — flat-leaf parsley ~ fresh flat-leaf parsley [fresh] => SYNONYM; flat-leaf parsley ~ fresh flat-leaf parsley leaves [fresh] => COMPONENT"
RESIDUE,contradiction_flagged,herb,flat-leaf parsley,fresh flat-leaf parsley leaves,COMPONENT,high,flat-leaf parsley,,1,cup,true,Leaves only discards the stems of the purchased bunch.,fresh,true,"signature [fresh] received COMPONENT + SYNONYM — cilantro ~ fresh cilantro => SYNONYM; flat-leaf parsley ~ fresh flat-leaf parsley => SYNONYM; flat-leaf parsley ~ fresh flat-leaf parsley leaves => COMPONENT; fresh parsley ~ parsley => SYNONYM; fresh thai basil ~ thai basil => SYNONYM | same base, prep difference, received COMPONENT + SYNONYM — flat-leaf parsley ~ fresh flat-leaf parsley [fresh] => SYNONYM; flat-leaf parsley ~ fresh flat-leaf parsley leaves [fresh] => COMPONENT"
RESIDUE,contradiction_flagged,herb,flat-leaf parsley,parsley,SUBSUMES,medium,,parsley,,,,"""Parsley"" is the bare generic covering curly and flat-leaf; flat-leaf is the specific kind, and the second name is the generic.",flat|leaf,false,signature [flat|leaf] received COMPONENT + SUBSUMES — flat-leaf parsley ~ parsley => SUBSUMES; fresh flat-leaf parsley leaves ~ fresh parsley => COMPONENT; fresh flat-leaf parsley ~ fresh parsley => SUBSUMES
RESIDUE,confidence_medium,herb,fresh basil,fresh thai basil,DISTINCT,medium,,,,,,"Bare ""fresh basil"" denotes the default sweet/Genovese basil, a sibling of Thai basil rather than its parent.",thai,false,
RESIDUE,confidence_medium,herb,fresh basil,fresh thai basil leaves,DISTINCT,medium,,,,,,Sweet basil and Thai basil are different varieties; a second purchase is required.,leaf|thai,false,
RESIDUE,confidence_medium,herb,fresh cilantro,fresh cilantro sprigs,COMPONENT,medium,fresh cilantro,,15,sprig,false,"Sprigs are subdivisions of the bunch and consume it, like cloves from a head.",sprig,false,
RESIDUE,contradiction_flagged,herb,fresh flat-leaf parsley leaves,fresh parsley,COMPONENT,medium,fresh parsley,,1,cup,true,Buying fresh parsley yields flat-leaf leaves after stemming; the stems are waste.,flat|leaf,false,signature [flat|leaf] received COMPONENT + SUBSUMES — flat-leaf parsley ~ parsley => SUBSUMES; fresh flat-leaf parsley leaves ~ fresh parsley => COMPONENT; fresh flat-leaf parsley ~ fresh parsley => SUBSUMES
RESIDUE,contradiction_flagged,herb,fresh flat-leaf parsley leaves,parsley,COMPONENT,medium,parsley,,1,cup,true,Buying parsley yields the picked leaves; the stems are discarded.,flat|fresh|leaf,true,signature [flat|fresh|leaf] received COMPONENT + SUBSUMES — fresh flat-leaf parsley leaves ~ parsley => COMPONENT; fresh flat-leaf parsley ~ parsley => SUBSUMES
RESIDUE,contradiction_flagged,herb,fresh flat-leaf parsley,fresh parsley,SUBSUMES,medium,,fresh parsley,,,,"""Fresh parsley"" is the unqualified generic; flat-leaf is a specific variety of it, so the second name is the generic.",flat|leaf,false,signature [flat|leaf] received COMPONENT + SUBSUMES — flat-leaf parsley ~ parsley => SUBSUMES; fresh flat-leaf parsley leaves ~ fresh parsley => COMPONENT; fresh flat-leaf parsley ~ fresh parsley => SUBSUMES
RESIDUE,contradiction_flagged,herb,fresh flat-leaf parsley,parsley,SUBSUMES,medium,,parsley,,,,"""Parsley"" is the bare generic; flat-leaf is the specific variety, so the second name is the generic.",flat|fresh|leaf,true,signature [flat|fresh|leaf] received COMPONENT + SUBSUMES — fresh flat-leaf parsley leaves ~ parsley => COMPONENT; fresh flat-leaf parsley ~ parsley => SUBSUMES
RESIDUE,contradiction_flagged,herb,fresh parsley,parsley,SYNONYM,high,,,,,,"""Parsley"" in the catalog means the fresh bunch; identical purchase.",fresh,true,"signature [fresh] received COMPONENT + SYNONYM — cilantro ~ fresh cilantro => SYNONYM; flat-leaf parsley ~ fresh flat-leaf parsley => SYNONYM; flat-leaf parsley ~ fresh flat-leaf parsley leaves => COMPONENT; fresh parsley ~ parsley => SYNONYM; fresh thai basil ~ thai basil => SYNONYM | same base, prep difference, received DISTINCT + SYNONYM — dried parsley ~ parsley [dried] => DISTINCT; fresh parsley ~ parsley [fresh] => SYNONYM"
RESIDUE,confidence_medium,herb,fresh rosemary,fresh rosemary sprigs,COMPONENT,medium,fresh rosemary,,10,sprig,false,"A rosemary package is divided into sprigs, which consume the bunch.",sprig,false,
RESIDUE,contradiction_flagged,herb,fresh thai basil,thai basil,SYNONYM,high,,,,,,Thai basil is sold fresh; the two names buy the same bunch.,fresh,true,signature [fresh] received COMPONENT + SYNONYM — cilantro ~ fresh cilantro => SYNONYM; flat-leaf parsley ~ fresh flat-leaf parsley => SYNONYM; flat-leaf parsley ~ fresh flat-leaf parsley leaves => COMPONENT; fresh parsley ~ parsley => SYNONYM; fresh thai basil ~ thai basil => SYNONYM
RESIDUE,confidence_medium,herb,fresh thyme,fresh thyme sprigs,COMPONENT,medium,fresh thyme,,20,sprig,false,"A thyme package divides into sprigs, which consume the bunch.",sprig,false,
RESIDUE,confidence_medium,hominy,hominy,white hominy,SUBSUMES,medium,,hominy,,,,"Hominy is sold in two colour varieties, white and golden/yellow, so the bare name 'hominy' is unqualified on the colour axis and is satisfied by white hominy; a recipe calling specifically for white hominy is not satisfied by golden hominy. First name is the generic.",white,false,
RESIDUE,confidence_medium,jalape o,fresh jalapeño,"jalapeño, stemmed and halved",SYNONYM,medium,,,,,,"Halving transforms and nothing is discarded but the tiny stem cap; the entire pepper purchased is still used. Same purchase, different shape.",fresh|halved|stemmed,true,
RESIDUE,confidence_medium,jalape o,"jalapeño, stemmed and halved",sliced jalapeño,SYNONYM,medium,,,,,,"Two prep forms (halved vs sliced) of the identical fresh jalapeño purchase; both use the whole pepper, so one trip to the shelf serves either.",halved|sliced|stemmed,false,
RESIDUE,confidence_medium,jalape o,jalapeño,"jalapeño, stemmed and halved",SYNONYM,medium,,,,,,Same as the fresh-jalapeño pairing: stemming and halving reshapes the pepper without discarding any usable part of the purchase.,halved|stemmed,false,
RESIDUE,confidence_medium,juice pineapple,canned pineapple chunks in juice,pineapple juice,COMPONENT,medium,canned pineapple chunks in juice,,0.5,cup,true,One can of pineapple chunks packed in juice is a single purchase that yields both the chunks and the juice; the juice is extracted (drained) from what you already bought rather than purchased separately.,canned|chunk,true,
RESIDUE,confidence_medium,juice pineapple,pineapple juice,reserved pineapple juice,SYNONYM,medium,,,,,,"""Reserved"" is only a recipe-flow note about where the juice came from (drained and set aside); the substance called for is the same pineapple juice, no separate purchase or extra part.",reserved,false,
RESIDUE,confidence_medium,kielbasa,smoked kielbasa,smoked pork kielbasa,SUBSUMES,medium,,smoked kielbasa,,,,"""smoked kielbasa"" leaves the meat axis open (pork, beef, pork-beef blend, turkey are all sold as smoked kielbasa), while ""smoked pork kielbasa"" fixes it. Generic satisfied by the specific, not the reverse.",pork,false,
RESIDUE,confidence_medium,kimchi,kimchi,napa cabbage kimchi,SUBSUMES,medium,,kimchi,,,,"""Kimchi"" is the bare category covering napa cabbage, radish, cucumber and other kinds; a demand for plain kimchi is met by napa cabbage kimchi, but not the reverse. Wrinkle: napa is the most common default variety.",cabbage|napa,false,
RESIDUE,confidence_medium,mayonnaise,japanese mayonnaise,mayonnaise,SUBSUMES,medium,,mayonnaise,,,,"""mayonnaise"" is the bare generic; ""japanese mayonnaise"" (e.g. Kewpie) is a specific style of it. A shopper needing plain mayonnaise is served by Japanese mayo, but someone whose recipe calls for Japanese mayo is not satisfied by any jar of mayonnaise. The second name is the generic, so genericIsA is false. Wrinkle: bare ""mayonnaise"" arguably defaults to the American style, which would make them siblings.",japanese,false,
RESIDUE,contradiction_flagged,mustard,creole mustard,mustard,SUBSUMES,medium,,creole mustard,,,,"""mustard"" is the bare generic prepared condiment; creole mustard is a specific kind of it. A creole-mustard demand is not met by just any mustard.",creole,false,"SUBSUMES declares ""creole mustard"" generic over ""mustard"", but the declared generic is not the less-qualified name — two specifics are DISTINCT, never SUBSUMES (D-WS9-202)"
RESIDUE,contradiction_flagged,mustard,dijon mustard,mustard,SUBSUMES,medium,,dijon mustard,,,,Dijon is a specific style of prepared mustard; the bare generic is satisfied by it but not vice versa.,dijon,false,"SUBSUMES declares ""dijon mustard"" generic over ""mustard"", but the declared generic is not the less-qualified name — two specifics are DISTINCT, never SUBSUMES (D-WS9-202)"
RESIDUE,contradiction_flagged,mustard,mustard,mustard greens,DISTINCT,high,,,,,,"Prepared mustard condiment versus mustard greens, a fresh vegetable.",green,false,"same base, color difference, received DISTINCT + SUBSUMES — mustard ~ mustard greens [green] => DISTINCT; mustard ~ yellow mustard [yellow] => SUBSUMES"
RESIDUE,confidence_medium,mustard,mustard,whole grain mustard,SUBSUMES,medium,,mustard,,,,"Whole grain mustard is a specific style of prepared mustard; bare ""mustard"" is the generic.",grain|whole,true,
RESIDUE,confidence_medium,mustard,mustard,whole-grain creole mustard,SUBSUMES,medium,,mustard,,,,Whole-grain creole mustard is a doubly-qualified specific kind of the bare generic prepared mustard.,creole|grain|whole,true,
RESIDUE,confidence_medium,mustard,mustard,whole-grain dijon mustard,SUBSUMES,medium,,mustard,,,,Whole-grain dijon is a specific prepared mustard; the bare generic is first.,dijon|grain|whole,true,
RESIDUE,confidence_medium,mustard,mustard,whole-grain mustard,SUBSUMES,medium,,mustard,,,,"Same as ""whole grain mustard"": a specific style under the bare generic prepared mustard.",grain|whole,true,
RESIDUE,contradiction_flagged,mustard,mustard,yellow mustard,SUBSUMES,medium,,mustard,,,,"Yellow (American) mustard is a specific style of prepared mustard; bare ""mustard"" is the unqualified generic covering dijon, whole-grain and yellow alike.",yellow,false,"same base, color difference, received DISTINCT + SUBSUMES — mustard ~ mustard greens [green] => DISTINCT; mustard ~ yellow mustard [yellow] => SUBSUMES"
RESIDUE,confidence_medium,nut pine,pine nuts,toasted pine nuts,SYNONYM,medium,,,,,,"You buy one bag of pine nuts; toasting is a preparation step that transforms the whole purchase without discarding any of it, so both names resolve to the same shelf item.",toasted,true,
RESIDUE,confidence_medium,nut_seed,black mustard seeds,brown mustard seeds,DISTINCT,medium,,,,,,Two specific varieties of mustard seed on the same colour/variety axis; neither covers the other and a shopper needing one is not served by the other.,black|brown,false,
RESIDUE,confidence_medium,nut_seed,black mustard seeds,mustard seeds,SUBSUMES,medium,,mustard seeds,,,,"""mustard seeds"" is the bare generic covering yellow, brown and black; ""black mustard seeds"" is one specific variety. Generic is the second name.",black,false,
RESIDUE,confidence_medium,nut_seed,black sesame seeds,sesame seeds,SUBSUMES,medium,,sesame seeds,,,,"""sesame seeds"" unqualified on colour covers white and black; ""black sesame seeds"" fixes the colour axis. Generic is the second name.",black,false,
RESIDUE,confidence_medium,nut_seed,brown mustard seeds,mustard seeds,SUBSUMES,medium,,mustard seeds,,,,"""mustard seeds"" is the bare generic; ""brown mustard seeds"" is one specific variety. Generic is the second name.",brown,false,
RESIDUE,confidence_medium,nut_seed,crushed roasted peanuts,peanuts,SUBSUMES,medium,,peanuts,,,,"Crushing is a mere transform; the substantive difference is that ""peanuts"" is the bare generic covering roasted ones. Generic is the second name.",crushed|roasted,true,
RESIDUE,contradiction_flagged,nut_seed,crushed roasted peanuts,roasted unsalted peanuts,SUBSUMES,medium,,crushed roasted peanuts,,,,"Crushing is a transform, so this reduces to roasted peanuts (salt unspecified) vs roasted unsalted peanuts; the first is broader on the salt axis.",crushed|unsalted,true,"SUBSUMES declares ""crushed roasted peanuts"" generic over ""roasted unsalted peanuts"", but the declared generic is not the less-qualified name — two specifics are DISTINCT, never SUBSUMES (D-WS9-202)"
RESIDUE,confidence_medium,nut_seed,peanuts,roasted peanuts,SUBSUMES,medium,,peanuts,,,,"Bare ""peanuts"" leaves the roast axis open and is satisfied by roasted peanuts; a recipe demanding roasted is not satisfied by raw. Generic is the first name.",roasted,true,
RESIDUE,confidence_medium,nut_seed,peanuts,roasted unsalted peanuts,SUBSUMES,medium,,peanuts,,,,"Bare ""peanuts"" is unspecified on both roast and salt axes, so it is satisfied by roasted unsalted peanuts. Generic is the first name.",roasted|unsalted,true,
RESIDUE,confidence_medium,nut_seed,raw almonds,sliced almonds,DISTINCT,medium,,,,,,"""raw"" fixes the roast axis while ""sliced"" fixes the cut axis and is a separate packaged product; neither covers the other.",raw|sliced,true,
RESIDUE,confidence_medium,nut_seed,raw cashews,toasted cashews,DISTINCT,medium,,,,,,"Toasted cashews are heat-treated; a shopper holding raw cashews needing toasted must process or buy them, same shape as raw vs roasted.",raw|toasted,true,
RESIDUE,confidence_medium,nut_seed,roasted cashews,roasted unsalted cashews,SUBSUMES,medium,,roasted cashews,,,,"""roasted cashews"" leaves the salt axis open and is satisfied by roasted unsalted; the reverse fails. Generic is the first name.",unsalted,false,
RESIDUE,confidence_low,nut_seed,roasted cashews,toasted cashews,SYNONYM,low,,,,,,"For nuts, toasted and roasted name the same dry-heat treatment and the same product on the shelf, though the wording differs.",roasted|toasted,true,
RESIDUE,confidence_medium,nut_seed,roasted peanuts,roasted unsalted peanuts,SUBSUMES,medium,,roasted peanuts,,,,"""roasted peanuts"" is unspecified on salt and is satisfied by roasted unsalted peanuts; the reverse fails. Generic is the first name.",unsalted,false,
RESIDUE,confidence_low,nut_seed,roasted unsalted cashews,toasted cashews,SUBSUMES,low,,toasted cashews,,,,"Toasted equates to roasted for nuts and leaves salt unspecified, so the second name is the broader one and roasted unsalted is the specific.",roasted|toasted|unsalted,true,
RESIDUE,confidence_medium,nut_seed,sesame seeds,toasted sesame seeds,DISTINCT,medium,,,,,,"Plain sesame seeds are sold untoasted; getting toasted seeds means a separate product or a toasting step, like whole peppercorns vs ground pepper.",toasted,true,
RESIDUE,confidence_medium,nut_seed,sesame seeds,white sesame seeds,SUBSUMES,medium,,sesame seeds,,,,"Bare ""sesame seeds"" leaves colour open and is satisfied by white sesame seeds; a recipe wanting white specifically is not served by black. Generic is the first name.",white,false,
RESIDUE,confidence_medium,nut_seed,slivered almonds,toasted slivered almonds,DISTINCT,medium,,,,,,Slivered almonds are sold untoasted; toasted slivered almonds require a separate product or a toasting step.,toasted,true,
RESIDUE,confidence_medium,nut_seed,walnut halves,walnuts,SUBSUMES,medium,,walnuts,,,,"""walnuts"" is the bare generic for shelled walnuts; ""walnut halves"" specifies the piece size, which the generic leaves open. Generic is the second name.",halve,false,
RESIDUE,confidence_medium,nutmeg,freshly grated nutmeg,ground nutmeg,DISTINCT,medium,,,,,,"""Freshly grated"" means you grate it yourself off a whole nutmeg at use time; pre-ground nutmeg is a separate jar off the shelf. A shopper holding one and needing the other must buy the other product — the same relation as whole peppercorns vs. ground pepper.",freshly|grated|ground,true,
RESIDUE,confidence_medium,nutmeg,freshly grated nutmeg,nutmeg,SUBSUMES,medium,,nutmeg,,,,"""Nutmeg"" is the bare, form-unspecified catalog name; ""freshly grated nutmeg"" fixes the form. A demand for plain nutmeg is satisfied by freshly grated, but not conversely. Second name is the generic.",freshly|grated,true,
RESIDUE,confidence_medium,nutmeg,ground nutmeg,nutmeg,SUBSUMES,medium,,nutmeg,,,,"""Nutmeg"" unqualified leaves the form open; ""ground nutmeg"" fixes it. Someone needing plain nutmeg is served by the ground jar, but someone needing ground is not served by a whole seed. Second name is the specific, so the generic is the second-listed... the generic is ""nutmeg"", the first-listed is the specific.",ground,true,
RESIDUE,confidence_medium,nutmeg,nutmeg,whole nutmeg,SUBSUMES,medium,,nutmeg,,,,"Bare ""nutmeg"" is unspecified as to form; ""whole nutmeg"" fixes it to the intact seed. A demand for nutmeg is met by whole nutmeg, but a recipe asking for whole nutmeg is not met by a powder jar. First name is the generic.",whole,true,
RESIDUE,confidence_medium,oil_fat,canned tuna in olive oil,olive oil,COMPONENT,medium,canned tuna in olive oil,,2,tbsp,true,"One can of tuna packed in olive oil gives you both the tuna and the drainable oil — a single purchase yielding a derived ingredient, like a jar of pepperoncini yielding brine.",canned|tuna,true,
RESIDUE,confidence_medium,oil_fat,dark sesame oil,sesame oil,SUBSUMES,medium,,sesame oil,,,,"'Sesame oil' is the unqualified name covering both light/refined and dark/toasted bottles; 'dark' fixes the roast axis. A demand for sesame oil is met by dark, not conversely.",dark,false,
RESIDUE,confidence_medium,oil_fat,extra virgin olive oil,olive oil,SYNONYM,medium,,,,,,"Per catalog convention, olive oil and extra virgin olive oil are treated as one bottle off the shelf.",extra|virgin,false,
RESIDUE,confidence_medium,oil_fat,extra-virgin olive oil,olive oil,SYNONYM,medium,,,,,,Same as the unhyphenated form: one bottle serves both names.,extra|virgin,false,
RESIDUE,confidence_medium,oil_fat,neutral oil,neutral vegetable oil,SYNONYM,medium,,,,,,"Neutral oils sold for cooking are vegetable-derived (canola, grapeseed, sunflower); the two names buy the same bottle.",vegetable,false,
RESIDUE,confidence_medium,oil_fat,neutral vegetable oil,vegetable oil,SYNONYM,medium,,,,,,"Bottled 'vegetable oil' is by definition the neutral-flavored product, so 'neutral' adds no purchasing distinction.",neutral,false,
RESIDUE,confidence_medium,oil_fat,sesame oil,toasted sesame oil,SUBSUMES,medium,,sesame oil,,,,Bare 'sesame oil' leaves the roast axis open (light or toasted); 'toasted' fixes it. Generic is the first name.,toasted,true,
RESIDUE,confidence_medium,okra,fresh okra,okra,SUBSUMES,medium,,okra,,,,"""Okra"" is bare and unspecified on the preservation axis (fresh, frozen, canned all qualify), while ""fresh okra"" fixes that axis. The generic is the second name.",fresh,true,
RESIDUE,confidence_medium,okra,frozen sliced okra,okra,SUBSUMES,medium,,okra,,,,"""Okra"" is the bare generic; ""frozen sliced okra"" fixes the preservation and cut axes. A demand for plain okra is met by the frozen sliced bag, not the reverse. The generic is the second name.",frozen|sliced,true,
RESIDUE,confidence_medium,pappardelle,dried pappardelle pasta,pappardelle,SUBSUMES,medium,,pappardelle,,,,"""pappardelle"" is the bare, unqualified name and leaves the fresh/dried axis open; ""dried pappardelle pasta"" fixes that axis to the dried boxed product. A shopper needing pappardelle is satisfied by the dried box, but someone needing dried is not satisfied by fresh pappardelle, so the second name is the generic.",dried|pasta,true,
RESIDUE,confidence_medium,paprika,paprika,smoked paprika,DISTINCT,medium,,,,,,"Bare 'paprika' on a US shelf means the plain/sweet ground pepper; smoked paprika (pimentón) is a separate jar with a wholly different flavor. A shopper asking for paprika would not be satisfied by smoked, and vice versa — two purchases.",smoked,true,
RESIDUE,confidence_medium,paprika,paprika,sweet hungarian paprika,SUBSUMES,medium,,paprika,,,,"'Paprika' (i.e. plain sweet paprika) leaves origin unspecified; 'sweet hungarian paprika' fixes the origin axis within that same tier. A demand for paprika is met by sweet Hungarian, but not the reverse.",hungarian|sweet,false,
RESIDUE,confidence_medium,paprika,paprika,sweet paprika,SYNONYM,medium,,,,,,"Unqualified 'paprika' denotes the standard sweet (non-smoked, non-hot) ground paprika — the same jar sold as 'sweet paprika'. One trip, one product.",sweet,false,
RESIDUE,confidence_medium,paprika,sweet hungarian paprika,sweet paprika,SUBSUMES,medium,,sweet paprika,,,,"'Sweet paprika' is unspecified as to origin; 'sweet hungarian paprika' fixes origin. Anyone needing sweet paprika is satisfied by the Hungarian one, but not conversely, so the second name is the specific and the first the generic.",hungarian,false,
RESIDUE,confidence_medium,parmigiano reggiano,finely grated parmigiano-reggiano,freshly grated parmigiano-reggiano,SYNONYM,medium,,,,,,"Both names describe the same purchase — a wedge of parmigiano-reggiano — grated at home. 'Finely' fixes grate texture, 'freshly' fixes timing; neither discards any of the purchase, and both resolve to the same block on the shelf.",finely|freshly,false,
RESIDUE,confidence_medium,pasta_noodle,dried linguine,linguine,SYNONYM,medium,,,,,,"Bare ""linguine"" in a recipe/catalog means the standard dried boxed pasta, which is exactly what ""dried linguine"" names — same shelf product.",dried,true,
RESIDUE,confidence_medium,pasta_noodle,dried rice vermicelli noodles,vermicelli noodles,SUBSUMES,medium,,vermicelli noodles,,,,"""vermicelli noodles"" is the bare generic (could be rice or wheat); ""dried rice vermicelli noodles"" is a specific kind of it. The second name is the generic.",dried|rice,true,
RESIDUE,confidence_medium,pasta_noodle,dried spaghetti,spaghetti,SYNONYM,medium,,,,,,"Bare ""spaghetti"" denotes the standard dried boxed pasta, identical purchase to ""dried spaghetti"".",dried,true,
RESIDUE,confidence_medium,pasta_noodle,dry spaghetti,spaghetti,SYNONYM,medium,,,,,,Same as the dried/spaghetti pair: bare spaghetti is the dry boxed product.,dry,true,
RESIDUE,confidence_medium,pasta_noodle,egg noodles,fresh chow mein egg noodles,DISTINCT,medium,,,,,,"""egg noodles"" names the dried European-style noodle; fresh Chinese chow mein egg noodles are a different refrigerated product requiring a separate purchase.",chow|fresh|mein,true,
RESIDUE,confidence_medium,pasta_noodle,egg noodles,fresh lo mein egg noodles,DISTINCT,medium,,,,,,Same as chow mein case: dried egg noodles and fresh lo mein egg noodles are two different products on two different shelves.,fresh|lo|mein,true,
RESIDUE,confidence_medium,pasta_noodle,fresh chow mein egg noodles,fresh chow mein noodles,SYNONYM,medium,,,,,,Fresh chow mein noodles are by definition egg noodles; both names buy the same refrigerated pack.,egg,false,
RESIDUE,confidence_medium,pasta_noodle,fresh lo mein egg noodles,fresh lo mein noodles,SYNONYM,medium,,,,,,"Fresh lo mein noodles are egg noodles; the two names denote the same product, matching the chow mein pair.",egg,false,
RESIDUE,confidence_low,pasta_noodle,fresh ramen noodles,ramen noodles,SUBSUMES,low,,ramen noodles,,,,"""ramen noodles"" is unqualified and covers fresh, dried and instant; ""fresh ramen noodles"" is one specific form. Second name is the generic, though bare ramen is sometimes read as instant.",fresh,true,
RESIDUE,confidence_medium,pasta_noodle,rice vermicelli noodles,vermicelli noodles,SUBSUMES,medium,,vermicelli noodles,,,,"""vermicelli noodles"" is the bare generic; ""rice vermicelli noodles"" fixes the grain. The second name is the generic.",rice,false,
RESIDUE,confidence_medium,paste tamarind,tamarind paste,tamarind paste (concentrate),SYNONYM,medium,,,,,,"The parenthetical '(concentrate)' reads as a clarifying gloss on the same jar rather than a separate product; a shopper handed either name reaches for the same tub of tamarind paste/concentrate. (Wrinkle: some cuisines distinguish fibrous tamarind pulp from thick concentrate, but as catalog rows these name one purchase.)",concentrate,true,
RESIDUE,confidence_medium,pepper_corn,bell peppers,roasted red bell pepper,DISTINCT,medium,,,,,,"Roasted red bell pepper is a separate prepared/jarred product, not a variety of fresh bell pepper a shopper of fresh peppers already holds.",red|roasted,true,
RESIDUE,confidence_medium,pepper_corn,"black pepper, coarsely ground","black pepper, freshly ground",DISTINCT,medium,,,,,,"""coarsely"" fixes grind size; ""freshly"" fixes freshness/grinding-at-use — different axes, neither contains the other.",coarsely|freshly,false,
RESIDUE,confidence_medium,pepper_corn,"black pepper, coarsely ground","black pepper, ground",SUBSUMES,medium,,"black pepper, ground",,,,"""black pepper, ground"" leaves grind size open; coarsely ground is a specific grind.",coarsely,false,
RESIDUE,confidence_medium,pepper_corn,"black pepper, coarsely ground",freshly ground black pepper,DISTINCT,medium,,,,,,Grind-size qualifier vs freshness qualifier: different axes.,coarsely|freshly,false,
RESIDUE,confidence_medium,pepper_corn,"black pepper, coarsely ground",ground black pepper,SUBSUMES,medium,,ground black pepper,,,,"""ground black pepper"" is unspecified on grind size; coarsely ground is a specific grind.",coarsely,false,
RESIDUE,confidence_medium,pepper_corn,"black pepper, freshly ground","black pepper, ground",SUBSUMES,medium,,"black pepper, ground",,,,"""black pepper, ground"" is unspecified on freshness; freshly ground is the specific case.",freshly,false,
RESIDUE,confidence_medium,pepper_corn,"black pepper, freshly ground",coarsely ground black pepper,DISTINCT,medium,,,,,,Freshness axis vs grind-size axis; neither covers the other.,coarsely|freshly,false,
RESIDUE,confidence_medium,pepper_corn,"black pepper, freshly ground",ground black pepper,SUBSUMES,medium,,ground black pepper,,,,"""ground black pepper"" is the generic; freshly ground is a specific case of it.",freshly,false,
RESIDUE,confidence_medium,pepper_corn,"black pepper, ground",coarsely ground black pepper,SUBSUMES,medium,,"black pepper, ground",,,,First name leaves grind size open; coarsely ground fills it.,coarsely,false,
RESIDUE,confidence_medium,pepper_corn,"black pepper, ground",freshly ground black pepper,SUBSUMES,medium,,"black pepper, ground",,,,First name leaves freshness open; freshly ground fills it.,freshly,false,
RESIDUE,confidence_medium,pepper_corn,black pepper,"black pepper, coarsely ground",SUBSUMES,medium,,black pepper,,,,"Bare ""black pepper"" is unspecified on form and grind; coarsely ground is a specific form.",coarsely|ground,true,
RESIDUE,confidence_medium,pepper_corn,black pepper,"black pepper, freshly ground",SUBSUMES,medium,,black pepper,,,,Bare generic vs freshness-qualified specific.,freshly|ground,true,
RESIDUE,confidence_medium,pepper_corn,black pepper,"black pepper, ground",SUBSUMES,medium,,black pepper,,,,"Bare ""black pepper"" covers whole or ground; ""ground"" is the specific form.",ground,true,
RESIDUE,confidence_medium,pepper_corn,black pepper,coarsely cracked black pepper,SUBSUMES,medium,,black pepper,,,,Bare generic vs a specific cracked-coarse form.,coarsely|cracked,false,
RESIDUE,confidence_medium,pepper_corn,black pepper,coarsely ground black pepper,SUBSUMES,medium,,black pepper,,,,Bare generic vs specific grind.,coarsely|ground,true,
RESIDUE,confidence_medium,pepper_corn,black pepper,freshly ground black pepper,SUBSUMES,medium,,black pepper,,,,Bare generic vs freshly ground specific.,freshly|ground,true,
RESIDUE,confidence_medium,pepper_corn,black pepper,ground black pepper,SUBSUMES,medium,,black pepper,,,,Bare generic vs the ground form.,ground,true,
RESIDUE,confidence_medium,pepper_corn,coarsely ground black pepper,freshly ground black pepper,DISTINCT,medium,,,,,,Grind-size axis vs freshness axis; neither contains the other.,coarsely|freshly,false,
RESIDUE,confidence_medium,pepper_corn,coarsely ground black pepper,ground black pepper,SUBSUMES,medium,,ground black pepper,,,,"""ground black pepper"" leaves grind size open; coarsely ground is the specific.",coarsely,false,
RESIDUE,confidence_medium,pepper_corn,crushed red pepper flakes,dried red pepper flakes,SYNONYM,medium,,,,,,Both name the same jar of dried crushed red chile flakes.,crushed|dried,true,
RESIDUE,confidence_medium,pepper_corn,dried red pepper flakes,red pepper flakes,SYNONYM,medium,,,,,,Red pepper flakes are dried by definition; same jar.,dried,true,
RESIDUE,confidence_medium,pepper_corn,freshly ground black pepper,ground black pepper,SUBSUMES,medium,,ground black pepper,,,,"""ground black pepper"" is unspecified on freshness; freshly ground is the specific case.",freshly,false,
RESIDUE,confidence_medium,pepper_corn,ground white pepper,white pepper,SUBSUMES,medium,,white pepper,,,,"Bare ""white pepper"" covers whole or ground; ground is the specific form, so the second name is the generic.",ground,true,
RESIDUE,confidence_medium,pepper_corn,red bell pepper,roasted red bell pepper,DISTINCT,medium,,,,,,"Fresh red pepper vs roasted (typically jarred) red pepper; both qualified, separate purchases.",roasted,true,
RESIDUE,confidence_medium,pepper_corn,roasted red bell pepper,roasted red peppers,SUBSUMES,medium,,roasted red peppers,,,,"""roasted red peppers"" is the broader name; roasted red BELL pepper names a specific variety of it.",bell,false,
RESIDUE,confidence_medium,pepperoni,cup pepperoni slices,pepperoni,SUBSUMES,medium,,pepperoni,,,,"""pepperoni"" is the bare generic (stick, sliced, diced — any form satisfies it), while ""cup pepperoni slices"" names the sliced form specifically (the 'cup' is only a measure, not a distinct product). A shopper needing pepperoni is satisfied by sliced pepperoni; one needing slices is not satisfied by a whole stick without work, so the generic is the second name.",cup|slice,false,
RESIDUE,confidence_medium,pepperoni,pepperoni,pepperoni slices,SUBSUMES,medium,,pepperoni,,,,"Same relation as pair 0, stated in the other order: ""pepperoni"" is unqualified as to form and is met by any pepperoni, including pre-sliced; ""pepperoni slices"" fixes the form axis. First name is the generic.",slice,false,
RESIDUE,confidence_medium,pickle_brine,black olives,sliced black olives,SYNONYM,medium,,,,,,"Slicing is a transforming prep — nothing of the purchase is discarded, the same olives are simply cut. Treated as one product under two names.",sliced,false,
RESIDUE,contradiction_flagged,pickle_brine,capers,capers with brine,SYNONYM,medium,,,,,,Capers are sold packed in brine; the jar labelled 'capers with brine' is the same single purchase as 'capers'.,brine,false,signature [brine] received COMPONENT + SYNONYM — capers ~ capers with brine => SYNONYM; pepperoncini ~ pepperoncini brine => COMPONENT
RESIDUE,confidence_medium,pickle_brine,castelvetrano olives,pitted castelvetrano olives,SUBSUMES,medium,,castelvetrano olives,,,,"'Castelvetrano olives' is unspecified on the pitted/unpitted axis, so pitted castelvetrano olives satisfy it; the reverse does not hold.",pitted,false,
RESIDUE,confidence_medium,pickle_brine,green olives,pimento-stuffed green olives,SUBSUMES,medium,,green olives,,,,"'Green olives' is unqualified on the stuffing axis; pimento-stuffed green olives are one specific kind that satisfies it, but not vice versa.",pimento|stuffed,false,
RESIDUE,confidence_medium,pickle_brine,green olives,pitted green olives,SUBSUMES,medium,,green olives,,,,Bare 'green olives' leaves pitted/unpitted open; pitted green olives are a specific purchasable variant of it.,pitted,false,
RESIDUE,confidence_medium,pickle_brine,kalamata olives,pitted kalamata olives,SUBSUMES,medium,,kalamata olives,,,,'Kalamata olives' is unspecified on the pitting axis; pitted kalamata olives are a specific variant that satisfies the generic demand.,pitted,false,
RESIDUE,contradiction_flagged,pickle_brine,pepperoncini,pepperoncini brine,COMPONENT,high,pepperoncini,,1,cup,true,One jar of pepperoncini supplies both the peppers and the brine; no second purchase needed.,brine,false,signature [brine] received COMPONENT + SYNONYM — capers ~ capers with brine => SYNONYM; pepperoncini ~ pepperoncini brine => COMPONENT
RESIDUE,confidence_low,pickle_brine,pickled ginger,pickled ginger (beni shoga),SUBSUMES,low,,pickled ginger,,,,"Beni shoga is a specific type of pickled ginger; bare 'pickled ginger' is unqualified, though in practice it often defaults to gari, which makes the direction debatable.",beni|shoga,false,
RESIDUE,confidence_medium,pickle_brine,pickled jalapeños,sliced pickled jalapeños,SYNONYM,medium,,,,,,Slicing is a transforming prep with no waste; pickled jalapeños are commonly sold sliced and the same jar serves either name.,sliced,false,
RESIDUE,confidence_medium,plantain,ripe yellow plantains,ripe yellow-black plantains,DISTINCT,medium,,,,,,"Both names are qualified on the same axis (ripeness/peel colour stage), and neither is a bare generic: 'yellow' is the ripe stage while 'yellow-black' is the riper, sweeter stage. Two specifics on one axis are siblings, and a shopper needing the very ripe yellow-black fruit is not satisfied by plain yellow ones (they would have to wait or buy again).",black,false,
RESIDUE,confidence_medium,polenta,coarse-ground polenta,coarse-ground yellow cornmeal (polenta),SYNONYM,medium,,,,,,"Polenta IS coarse-ground yellow cornmeal; the parenthetical simply spells out what the product is. A shopper handed either name buys the same bag. 'Yellow' is the default and effectively universal for polenta, so it adds no purchasing distinction.",cornmeal|yellow,false,
RESIDUE,confidence_medium,polenta,coarse-ground polenta,coarse-ground yellow polenta,SYNONYM,medium,,,,,,"Same bag under two names — coarse-ground polenta is yellow by default, so naming the colour explicitly does not send the shopper to a different product.",yellow,false,
RESIDUE,contradiction_flagged,pork,andouille sausage,andouille smoked sausage,SYNONYM,high,,,,,,Andouille is by definition a smoked sausage; both names buy the same product.,smoked,true,signature [smoked] received SUBSUMES + SYNONYM — andouille sausage ~ andouille smoked sausage => SYNONYM; bacon ~ smoked bacon => SUBSUMES; kielbasa sausage ~ smoked kielbasa sausage => SYNONYM
RESIDUE,confidence_medium,pork,bacon strips,thick-cut bacon strips,SUBSUMES,medium,,bacon strips,,,,"""Bacon strips"" is unspecified on thickness; thick-cut fixes that axis and satisfies a demand for plain bacon strips.",cut|thick,false,
RESIDUE,confidence_medium,pork,bacon,bacon strips,SYNONYM,medium,,,,,,"Bacon is sold in strips/slices; ""bacon strips"" names the same package.",strip,false,
RESIDUE,contradiction_flagged,pork,bacon,smoked bacon,SUBSUMES,medium,,bacon,,,,"Bare ""bacon"" is unspecified on the cure/smoke axis; smoked bacon is a specific kind that satisfies it.",smoked,true,signature [smoked] received SUBSUMES + SYNONYM — andouille sausage ~ andouille smoked sausage => SYNONYM; bacon ~ smoked bacon => SUBSUMES; kielbasa sausage ~ smoked kielbasa sausage => SYNONYM
RESIDUE,confidence_medium,pork,bacon,thick-cut bacon,SUBSUMES,medium,,bacon,,,,"Bare ""bacon"" is unspecified on thickness; thick-cut is a specific kind of bacon.",cut|thick,false,
RESIDUE,confidence_medium,pork,bacon,thick-cut bacon strips,SUBSUMES,medium,,bacon,,,,"Bare ""bacon"" subsumes thick-cut strips; the specific fixes thickness and form.",cut|strip|thick,false,
RESIDUE,confidence_medium,pork,bacon,"thick-cut bacon, cut into lardons",SUBSUMES,medium,,bacon,,,,"Bare ""bacon"" subsumes thick-cut bacon; ""cut into lardons"" is a mere transform that discards nothing.",cut|lardon|thick,false,
RESIDUE,contradiction_flagged,pork,"bone-in pork chops, about 1 inch thick",bone-in pork rib chops (about 1 inch thick),SUBSUMES,medium,,"bone-in pork chops, about 1 inch thick",,,,"Same thickness, but the first leaves the chop cut open while rib chop fixes it; first is the generic.",rib,false,"signature [rib] received DISTINCT + SUBSUMES — bone-in pork chops, about 1 inch thick ~ bone-in pork rib chops (about 1 inch thick) => SUBSUMES; bone-in pork chops, about 1 inch thick ~ bone-in pork rib chops, about 1-inch thick => SUBSUMES; bone-in pork chops, about 1-inch thick ~ bone-in pork rib chops (about 1 inch thick) => SUBSUMES; bone-in pork chops, about 1-inch thick ~ bone-in pork rib chops, about 1-inch thick => SUBSUMES; bone-in pork chops, about 3/4-inch thick ~ bone-in pork rib chops (about 1 inch thick) => DISTINCT; bone-in pork chops, about 3/4-inch thick ~ bone-in pork rib chops, about 1-inch thick => DISTINCT; bone-in pork chops ~ bone-in pork rib chops => SUBSUMES"
RESIDUE,contradiction_flagged,pork,"bone-in pork chops, about 1 inch thick","bone-in pork rib chops, about 1-inch thick",SUBSUMES,medium,,"bone-in pork chops, about 1 inch thick",,,,"Same thickness; rib chop is a specific cut of bone-in chop, so the first is generic.",rib,false,"signature [rib] received DISTINCT + SUBSUMES — bone-in pork chops, about 1 inch thick ~ bone-in pork rib chops (about 1 inch thick) => SUBSUMES; bone-in pork chops, about 1 inch thick ~ bone-in pork rib chops, about 1-inch thick => SUBSUMES; bone-in pork chops, about 1-inch thick ~ bone-in pork rib chops (about 1 inch thick) => SUBSUMES; bone-in pork chops, about 1-inch thick ~ bone-in pork rib chops, about 1-inch thick => SUBSUMES; bone-in pork chops, about 3/4-inch thick ~ bone-in pork rib chops (about 1 inch thick) => DISTINCT; bone-in pork chops, about 3/4-inch thick ~ bone-in pork rib chops, about 1-inch thick => DISTINCT; bone-in pork chops ~ bone-in pork rib chops => SUBSUMES"
RESIDUE,contradiction_flagged,pork,"bone-in pork chops, about 1 inch thick",bone-in thick-cut pork chops,SUBSUMES,medium,,bone-in thick-cut pork chops,,,,"Same axis (thickness): ""thick-cut"" is the broader term and 1-inch is a specific thickness within it, so the second is generic.",cut,false,"signature [cut] received DISTINCT + SUBSUMES — bone-in pork chops, about 1 inch thick ~ bone-in thick-cut pork chops => SUBSUMES; bone-in pork chops, about 1-inch thick ~ bone-in thick-cut pork chops => SUBSUMES; bone-in pork chops, about 3/4-inch thick ~ bone-in thick-cut pork chops => DISTINCT | SUBSUMES declares ""bone-in thick-cut pork chops"" generic over ""bone-in pork chops, about 1 inch thick"", but the declared generic is not the less-qualified name — two specifics are DISTINCT, never SUBSUMES (D-WS9-202)"
RESIDUE,contradiction_flagged,pork,"bone-in pork chops, about 1-inch thick",bone-in pork rib chops (about 1 inch thick),SUBSUMES,medium,,"bone-in pork chops, about 1-inch thick",,,,"Same thickness; rib chop fixes the cut, so the first name is the generic.",rib,false,"signature [rib] received DISTINCT + SUBSUMES — bone-in pork chops, about 1 inch thick ~ bone-in pork rib chops (about 1 inch thick) => SUBSUMES; bone-in pork chops, about 1 inch thick ~ bone-in pork rib chops, about 1-inch thick => SUBSUMES; bone-in pork chops, about 1-inch thick ~ bone-in pork rib chops (about 1 inch thick) => SUBSUMES; bone-in pork chops, about 1-inch thick ~ bone-in pork rib chops, about 1-inch thick => SUBSUMES; bone-in pork chops, about 3/4-inch thick ~ bone-in pork rib chops (about 1 inch thick) => DISTINCT; bone-in pork chops, about 3/4-inch thick ~ bone-in pork rib chops, about 1-inch thick => DISTINCT; bone-in pork chops ~ bone-in pork rib chops => SUBSUMES"
RESIDUE,contradiction_flagged,pork,"bone-in pork chops, about 1-inch thick","bone-in pork rib chops, about 1-inch thick",SUBSUMES,medium,,"bone-in pork chops, about 1-inch thick",,,,"Same thickness; rib chop is a specific cut, first is generic.",rib,false,"signature [rib] received DISTINCT + SUBSUMES — bone-in pork chops, about 1 inch thick ~ bone-in pork rib chops (about 1 inch thick) => SUBSUMES; bone-in pork chops, about 1 inch thick ~ bone-in pork rib chops, about 1-inch thick => SUBSUMES; bone-in pork chops, about 1-inch thick ~ bone-in pork rib chops (about 1 inch thick) => SUBSUMES; bone-in pork chops, about 1-inch thick ~ bone-in pork rib chops, about 1-inch thick => SUBSUMES; bone-in pork chops, about 3/4-inch thick ~ bone-in pork rib chops (about 1 inch thick) => DISTINCT; bone-in pork chops, about 3/4-inch thick ~ bone-in pork rib chops, about 1-inch thick => DISTINCT; bone-in pork chops ~ bone-in pork rib chops => SUBSUMES"
RESIDUE,contradiction_flagged,pork,"bone-in pork chops, about 1-inch thick",bone-in thick-cut pork chops,SUBSUMES,medium,,bone-in thick-cut pork chops,,,,"""Thick-cut"" is broader on the thickness axis and 1-inch is a specific value of it; the second is generic.",cut,false,"signature [cut] received DISTINCT + SUBSUMES — bone-in pork chops, about 1 inch thick ~ bone-in thick-cut pork chops => SUBSUMES; bone-in pork chops, about 1-inch thick ~ bone-in thick-cut pork chops => SUBSUMES; bone-in pork chops, about 3/4-inch thick ~ bone-in thick-cut pork chops => DISTINCT | SUBSUMES declares ""bone-in thick-cut pork chops"" generic over ""bone-in pork chops, about 1-inch thick"", but the declared generic is not the less-qualified name — two specifics are DISTINCT, never SUBSUMES (D-WS9-202)"
RESIDUE,contradiction_flagged,pork,"bone-in pork chops, about 3/4-inch thick",bone-in pork rib chops (about 1 inch thick),DISTINCT,high,,,,,,Different thicknesses (3/4-inch vs 1-inch) and different cut specificity.,rib,false,"signature [rib] received DISTINCT + SUBSUMES — bone-in pork chops, about 1 inch thick ~ bone-in pork rib chops (about 1 inch thick) => SUBSUMES; bone-in pork chops, about 1 inch thick ~ bone-in pork rib chops, about 1-inch thick => SUBSUMES; bone-in pork chops, about 1-inch thick ~ bone-in pork rib chops (about 1 inch thick) => SUBSUMES; bone-in pork chops, about 1-inch thick ~ bone-in pork rib chops, about 1-inch thick => SUBSUMES; bone-in pork chops, about 3/4-inch thick ~ bone-in pork rib chops (about 1 inch thick) => DISTINCT; bone-in pork chops, about 3/4-inch thick ~ bone-in pork rib chops, about 1-inch thick => DISTINCT; bone-in pork chops ~ bone-in pork rib chops => SUBSUMES"
RESIDUE,contradiction_flagged,pork,"bone-in pork chops, about 3/4-inch thick","bone-in pork rib chops, about 1-inch thick",DISTINCT,high,,,,,,Different specified thicknesses; neither satisfies the other.,rib,false,"signature [rib] received DISTINCT + SUBSUMES — bone-in pork chops, about 1 inch thick ~ bone-in pork rib chops (about 1 inch thick) => SUBSUMES; bone-in pork chops, about 1 inch thick ~ bone-in pork rib chops, about 1-inch thick => SUBSUMES; bone-in pork chops, about 1-inch thick ~ bone-in pork rib chops (about 1 inch thick) => SUBSUMES; bone-in pork chops, about 1-inch thick ~ bone-in pork rib chops, about 1-inch thick => SUBSUMES; bone-in pork chops, about 3/4-inch thick ~ bone-in pork rib chops (about 1 inch thick) => DISTINCT; bone-in pork chops, about 3/4-inch thick ~ bone-in pork rib chops, about 1-inch thick => DISTINCT; bone-in pork chops ~ bone-in pork rib chops => SUBSUMES"
RESIDUE,contradiction_flagged,pork,"bone-in pork chops, about 3/4-inch thick",bone-in thick-cut pork chops,DISTINCT,medium,,,,,,A 3/4-inch chop is not a thick-cut chop; two different purchases.,cut,false,"signature [cut] received DISTINCT + SUBSUMES — bone-in pork chops, about 1 inch thick ~ bone-in thick-cut pork chops => SUBSUMES; bone-in pork chops, about 1-inch thick ~ bone-in thick-cut pork chops => SUBSUMES; bone-in pork chops, about 3/4-inch thick ~ bone-in thick-cut pork chops => DISTINCT"
RESIDUE,contradiction_flagged,pork,bone-in pork chops,bone-in pork rib chops,SUBSUMES,high,,bone-in pork chops,,,,Rib chop is a specific cut of bone-in pork chop; first name is generic.,rib,false,"signature [rib] received DISTINCT + SUBSUMES — bone-in pork chops, about 1 inch thick ~ bone-in pork rib chops (about 1 inch thick) => SUBSUMES; bone-in pork chops, about 1 inch thick ~ bone-in pork rib chops, about 1-inch thick => SUBSUMES; bone-in pork chops, about 1-inch thick ~ bone-in pork rib chops (about 1 inch thick) => SUBSUMES; bone-in pork chops, about 1-inch thick ~ bone-in pork rib chops, about 1-inch thick => SUBSUMES; bone-in pork chops, about 3/4-inch thick ~ bone-in pork rib chops (about 1 inch thick) => DISTINCT; bone-in pork chops, about 3/4-inch thick ~ bone-in pork rib chops, about 1-inch thick => DISTINCT; bone-in pork chops ~ bone-in pork rib chops => SUBSUMES"
RESIDUE,contradiction_flagged,pork,bone-in pork rib chops,bone-in pork ribs,DISTINCT,high,,,,,,Rib chops and pork ribs are different cuts requiring separate purchases.,chop,false,signature [chop] received COMPONENT + DISTINCT — bone-in pork rib chops ~ bone-in pork ribs => DISTINCT; boneless pork loin ~ boneless pork loin chops => COMPONENT
RESIDUE,confidence_medium,pork,bone-in pork shoulder,bone-in pork shoulder (boston butt),SUBSUMES,medium,,bone-in pork shoulder,,,,Pork shoulder covers both butt and picnic; boston butt is the specific upper portion.,boston|butt,false,
RESIDUE,contradiction_flagged,pork,boneless pork loin,boneless pork loin chops,COMPONENT,medium,boneless pork loin,,8,each,false,"A whole boneless loin can be cut into loin chops; you buy the roast and slice it, and the roast is consumed doing so.",chop,false,signature [chop] received COMPONENT + DISTINCT — bone-in pork rib chops ~ bone-in pork ribs => DISTINCT; boneless pork loin ~ boneless pork loin chops => COMPONENT
RESIDUE,confidence_medium,pork,boneless pork shoulder,boneless pork shoulder (butt),SUBSUMES,medium,,boneless pork shoulder,,,,"Boneless pork shoulder is the generic; ""(butt)"" specifies the upper portion.",butt,false,
RESIDUE,confidence_medium,pork,bratwurst sausages,fresh bratwurst sausages,SUBSUMES,medium,,bratwurst sausages,,,,"Bratwurst is sold fresh (raw) or pre-cooked; ""fresh"" fixes that axis, bare name is generic.",fresh,true,
RESIDUE,confidence_medium,pork,breakfast pork sausage,bulk pork breakfast sausage,SUBSUMES,medium,,breakfast pork sausage,,,,"Breakfast pork sausage leaves form open; ""bulk"" specifies loose rather than links.",bulk,false,
RESIDUE,confidence_medium,pork,cooked ham,diced ham,SYNONYM,medium,,,,,,Dicing is a transform of cooked ham; nothing of the purchase is discarded.,cooked|diced,true,
RESIDUE,confidence_medium,pork,deli ham,thinly sliced deli ham,SUBSUMES,medium,,deli ham,,,,"Deli ham leaves slice thickness open; ""thinly sliced"" fixes it.",sliced|thinly,false,
RESIDUE,confidence_medium,pork,italian pork sausage,italian sausage,SUBSUMES,medium,,italian sausage,,,,"""Italian sausage"" leaves the meat open (pork, chicken, turkey); pork specifies it. Second is generic.",pork,false,
RESIDUE,confidence_medium,pork,italian pork sausage,mild italian pork sausage links,SUBSUMES,medium,,italian pork sausage,,,,First is unspecified on both heat and form; the second fixes both and satisfies the first.,link|mild,false,
RESIDUE,confidence_medium,pork,italian sausage,italian-style chicken sausage links,DISTINCT,medium,,,,,,Italian sausage in this catalog is a pork product; Italian-style chicken sausage is a separate purchase.,chicken|link|style,false,
RESIDUE,confidence_medium,pork,kielbasa (smoked polish sausage),smoked kielbasa sausage,SYNONYM,medium,,,,,,Kielbasa sold in US groceries is smoked; both names buy the same ring.,polish,false,
RESIDUE,contradiction_flagged,pork,kielbasa sausage,smoked kielbasa sausage,SYNONYM,medium,,,,,,"Kielbasa is smoked by default; the ""smoked"" label adds nothing to the purchase.",smoked,true,signature [smoked] received SUBSUMES + SYNONYM — andouille sausage ~ andouille smoked sausage => SYNONYM; bacon ~ smoked bacon => SUBSUMES; kielbasa sausage ~ smoked kielbasa sausage => SYNONYM
RESIDUE,confidence_medium,pork,mild italian pork sausage links,mild italian sausage,SUBSUMES,medium,,mild italian sausage,,,,"Both are mild, but the second leaves meat and form open while the first fixes them; second is the generic.",link|pork,false,
RESIDUE,confidence_medium,pork,mild italian pork sausage,mild italian sausage,SUBSUMES,medium,,mild italian sausage,,,,"Both mild; the second leaves the meat open, so it is the broader name.",pork,false,
RESIDUE,confidence_medium,pork,mild italian pork sausage,sweet italian pork sausage,SYNONYM,medium,,,,,,"In sausage labelling ""mild"" and ""sweet"" name the same non-spicy fennel Italian sausage.",mild|sweet,false,
RESIDUE,confidence_medium,pork,pork belly,"pork belly, skin-on",SUBSUMES,medium,,pork belly,,,,Bare pork belly leaves skin on/off open; skin-on is the specific kind.,skin,false,
RESIDUE,confidence_medium,pork,pork spare ribs,st. louis-style pork spare ribs,SUBSUMES,medium,,pork spare ribs,,,,St. Louis-style is a specific trim of pork spare ribs; the bare name is generic.,loui|st|style,false,
RESIDUE,confidence_medium,pork,thick-cut bacon,thick-cut bacon strips,SYNONYM,medium,,,,,,Thick-cut bacon comes as strips; the same package under either name.,strip,false,
RESIDUE,confidence_medium,poultry,bone-in skin-on chicken breast,chicken breast,SUBSUMES,medium,,chicken breast,,,,Bare 'chicken breast' leaves bone/skin unspecified; the bone-in skin-on cut is one specific kind of it.,bone|skin,false,
RESIDUE,contradiction_flagged,poultry,bone-in skin-on chicken drumsticks,"bone-in, skin-on chicken pieces (drumsticks and thighs)",SUBSUMES,medium,,"bone-in, skin-on chicken pieces (drumsticks and thighs)",,,,"'Bone-in, skin-on chicken pieces (drumsticks and thighs)' is the broader call that all-drumsticks satisfies; a drumstick demand is not met by thighs.",piece|thigh,false,"SUBSUMES declares ""bone-in, skin-on chicken pieces (drumsticks and thighs)"" generic over ""bone-in skin-on chicken drumsticks"", but the declared generic is not the less-qualified name — two specifics are DISTINCT, never SUBSUMES (D-WS9-202)"
RESIDUE,contradiction_flagged,poultry,bone-in skin-on chicken drumsticks,"bone-in, skin-on chicken pieces (thighs and drumsticks)",SUBSUMES,medium,,"bone-in, skin-on chicken pieces (thighs and drumsticks)",,,,"Same as the reversed-parenthetical variant: the mixed 'pieces' listing is the broader one, drumsticks a specific fill.",piece|thigh,false,"SUBSUMES declares ""bone-in, skin-on chicken pieces (thighs and drumsticks)"" generic over ""bone-in skin-on chicken drumsticks"", but the declared generic is not the less-qualified name — two specifics are DISTINCT, never SUBSUMES (D-WS9-202)"
RESIDUE,confidence_medium,poultry,bone-in skin-on chicken drumsticks,chicken drumsticks,SUBSUMES,medium,,chicken drumsticks,,,,Bare 'chicken drumsticks' leaves skin/bone unstated; bone-in skin-on is the specific form.,bone|skin,false,
RESIDUE,contradiction_flagged,poultry,bone-in skin-on chicken thighs,"bone-in, skin-on chicken pieces (drumsticks and thighs)",SUBSUMES,medium,,"bone-in, skin-on chicken pieces (drumsticks and thighs)",,,,The mixed bone-in skin-on 'pieces' listing is satisfied by all thighs; a thigh demand is not met by drumsticks.,drumstick|piece,false,"SUBSUMES declares ""bone-in, skin-on chicken pieces (drumsticks and thighs)"" generic over ""bone-in skin-on chicken thighs"", but the declared generic is not the less-qualified name — two specifics are DISTINCT, never SUBSUMES (D-WS9-202)"
RESIDUE,contradiction_flagged,poultry,bone-in skin-on chicken thighs,"bone-in, skin-on chicken pieces (thighs and drumsticks)",SUBSUMES,medium,,"bone-in, skin-on chicken pieces (thighs and drumsticks)",,,,Same relationship with the parenthetical order reversed.,drumstick|piece,false,"SUBSUMES declares ""bone-in, skin-on chicken pieces (thighs and drumsticks)"" generic over ""bone-in skin-on chicken thighs"", but the declared generic is not the less-qualified name — two specifics are DISTINCT, never SUBSUMES (D-WS9-202)"
RESIDUE,confidence_medium,poultry,bone-in skin-on chicken thighs,chicken thighs,SUBSUMES,medium,,chicken thighs,,,,Bare 'chicken thighs' is unspecified on bone and skin; bone-in skin-on is one specific kind.,bone|skin,false,
RESIDUE,confidence_medium,poultry,"bone-in, skin-on chicken breasts",chicken breast,SUBSUMES,medium,,chicken breast,,,,Bare 'chicken breast' is the generic; bone-in skin-on breasts are a specific kind.,bone|skin,false,
RESIDUE,contradiction_flagged,poultry,"bone-in, skin-on chicken drumsticks","bone-in, skin-on chicken pieces (drumsticks and thighs)",SUBSUMES,medium,,"bone-in, skin-on chicken pieces (drumsticks and thighs)",,,,The mixed 'pieces' call is the broader one; drumsticks are a specific fill for it.,piece|thigh,false,"SUBSUMES declares ""bone-in, skin-on chicken pieces (drumsticks and thighs)"" generic over ""bone-in, skin-on chicken drumsticks"", but the declared generic is not the less-qualified name — two specifics are DISTINCT, never SUBSUMES (D-WS9-202)"
RESIDUE,contradiction_flagged,poultry,"bone-in, skin-on chicken drumsticks","bone-in, skin-on chicken pieces (thighs and drumsticks)",SUBSUMES,medium,,"bone-in, skin-on chicken pieces (thighs and drumsticks)",,,,Same as above with parenthetical order reversed.,piece|thigh,false,"SUBSUMES declares ""bone-in, skin-on chicken pieces (thighs and drumsticks)"" generic over ""bone-in, skin-on chicken drumsticks"", but the declared generic is not the less-qualified name — two specifics are DISTINCT, never SUBSUMES (D-WS9-202)"
RESIDUE,confidence_medium,poultry,"bone-in, skin-on chicken drumsticks",chicken drumsticks,SUBSUMES,medium,,chicken drumsticks,,,,Bare 'chicken drumsticks' leaves bone/skin open; bone-in skin-on is the specific form.,bone|skin,false,
RESIDUE,contradiction_flagged,poultry,"bone-in, skin-on chicken pieces (drumsticks and thighs)","bone-in, skin-on chicken thighs",SUBSUMES,medium,,"bone-in, skin-on chicken pieces (drumsticks and thighs)",,,,The mixed 'pieces' listing is broader and is satisfied by all bone-in skin-on thighs.,drumstick|piece,false,"SUBSUMES declares ""bone-in, skin-on chicken pieces (drumsticks and thighs)"" generic over ""bone-in, skin-on chicken thighs"", but the declared generic is not the less-qualified name — two specifics are DISTINCT, never SUBSUMES (D-WS9-202)"
RESIDUE,confidence_medium,poultry,"bone-in, skin-on chicken pieces (drumsticks and thighs)",chicken drumsticks,DISTINCT,medium,,,,,,"One name fixes bone/skin but leaves the cut open between two parts; the other fixes the cut but leaves bone/skin open. Different axes, neither contains the other.",bone|piece|skin|thigh,false,
RESIDUE,confidence_medium,poultry,"bone-in, skin-on chicken pieces (drumsticks and thighs)",chicken thighs,DISTINCT,medium,,,,,,Qualified on different axes (bone/skin fixed vs cut fixed); neither covers the other.,bone|drumstick|piece|skin,false,
RESIDUE,contradiction_flagged,poultry,"bone-in, skin-on chicken pieces (thighs and drumsticks)","bone-in, skin-on chicken thighs",SUBSUMES,medium,,"bone-in, skin-on chicken pieces (thighs and drumsticks)",,,,The mixed 'pieces' listing is broader; bone-in skin-on thighs satisfy it.,drumstick|piece,false,"SUBSUMES declares ""bone-in, skin-on chicken pieces (thighs and drumsticks)"" generic over ""bone-in, skin-on chicken thighs"", but the declared generic is not the less-qualified name — two specifics are DISTINCT, never SUBSUMES (D-WS9-202)"
RESIDUE,confidence_medium,poultry,"bone-in, skin-on chicken pieces (thighs and drumsticks)",chicken drumsticks,DISTINCT,medium,,,,,,Different qualifier axes: bone/skin specified vs cut specified; neither name contains the other.,bone|piece|skin|thigh,false,
RESIDUE,confidence_medium,poultry,"bone-in, skin-on chicken pieces (thighs and drumsticks)",chicken thighs,DISTINCT,medium,,,,,,Different qualifier axes; neither name contains the other.,bone|drumstick|piece|skin,false,
RESIDUE,confidence_medium,poultry,"bone-in, skin-on chicken thighs",chicken thighs,SUBSUMES,medium,,chicken thighs,,,,Bare 'chicken thighs' is the generic; bone-in skin-on is a specific kind.,bone|skin,false,
RESIDUE,confidence_medium,poultry,"bone-in, skinless chicken thighs",chicken thighs,SUBSUMES,medium,,chicken thighs,,,,Bare 'chicken thighs' leaves bone and skin open; bone-in skinless is one specific kind.,bone|skinless,false,
RESIDUE,contradiction_flagged,poultry,boneless skinless chicken breasts,chicken breast,SUBSUMES,medium,,chicken breast,,,,Bare 'chicken breast' is the generic; boneless skinless breasts are a specific kind of it.,boneless|skinless,false,signature [boneless|skinless] received SUBSUMES + SYNONYM — boneless skinless chicken breasts ~ chicken breast => SUBSUMES; boneless skinless chicken tenderloins ~ chicken tenderloins => SYNONYM; boneless skinless chicken thighs ~ chicken thighs => SUBSUMES
RESIDUE,contradiction_flagged,poultry,boneless skinless chicken tenderloins,chicken tenderloins,SYNONYM,medium,,,,,,Chicken tenderloins are inherently boneless and skinless; the qualifier adds nothing.,boneless|skinless,false,signature [boneless|skinless] received SUBSUMES + SYNONYM — boneless skinless chicken breasts ~ chicken breast => SUBSUMES; boneless skinless chicken tenderloins ~ chicken tenderloins => SYNONYM; boneless skinless chicken thighs ~ chicken thighs => SUBSUMES
RESIDUE,contradiction_flagged,poultry,boneless skinless chicken thighs,chicken thighs,SUBSUMES,medium,,chicken thighs,,,,Bare 'chicken thighs' is the generic; boneless skinless is a specific kind.,boneless|skinless,false,signature [boneless|skinless] received SUBSUMES + SYNONYM — boneless skinless chicken breasts ~ chicken breast => SUBSUMES; boneless skinless chicken tenderloins ~ chicken tenderloins => SYNONYM; boneless skinless chicken thighs ~ chicken thighs => SUBSUMES
RESIDUE,confidence_medium,poultry,chicken breast,smoked chicken breast,DISTINCT,medium,,,,,,"'Chicken breast' means raw meat; smoked chicken breast is a cured deli-type product, a second purchase.",smoked,true,
RESIDUE,confidence_medium,poultry,chicken broth,"chicken broth, low-sodium",SUBSUMES,medium,,chicken broth,,,,Bare 'chicken broth' leaves sodium level unspecified and is satisfied by the low-sodium carton; the reverse is not true.,low|sodium,false,
RESIDUE,confidence_medium,poultry,chicken broth,chicken poaching broth,DISTINCT,medium,,,,,,"Poaching broth is the liquid produced by cooking chicken in a recipe, not the purchased carton of broth.",poaching,false,
RESIDUE,confidence_medium,poultry,chicken broth,low-sodium chicken broth,SUBSUMES,medium,,chicken broth,,,,Bare 'chicken broth' is unspecified on sodium; low-sodium is a specific kind that satisfies it.,low|sodium,false,
RESIDUE,confidence_medium,poultry,chicken stock,low-sodium chicken stock,SUBSUMES,medium,,chicken stock,,,,Bare 'chicken stock' is unspecified on sodium; low-sodium stock is a specific kind.,low|sodium,false,
RESIDUE,confidence_medium,poultry,chicken wings and drumettes,"chicken wings, split into flats and drumettes",SYNONYM,medium,,,,,,Both name the same purchase: wings separated into flats and drumettes.,flat|split,false,
RESIDUE,confidence_medium,poultry,chicken wings,chicken wings and drumettes,SYNONYM,medium,,,,,,"'Chicken wings and drumettes' is the same package of wings, just naming the sections.",drumette,false,
RESIDUE,confidence_medium,poultry,chicken wings,"chicken wings, split into flats and drumettes",SYNONYM,medium,,,,,,Splitting is a transformation of the same wings purchased; nothing meaningful is discarded.,drumette|flat|split,false,
RESIDUE,contradiction_flagged,poultry,cooked turkey breast,roasted turkey breast,SUBSUMES,medium,,cooked turkey breast,,,,'Cooked turkey breast' leaves the cooking method open; roasted is one specific kind that satisfies it.,cooked|roasted,true,"SUBSUMES declares ""cooked turkey breast"" generic over ""roasted turkey breast"", but the declared generic is not the less-qualified name — two specifics are DISTINCT, never SUBSUMES (D-WS9-202)"
RESIDUE,confidence_medium,poultry,cooked turkey breast,sliced roasted turkey breast,SUBSUMES,medium,,cooked turkey breast,,,,The bare 'cooked turkey breast' is unspecified on method and form; sliced roasted breast is a specific kind of it.,cooked|roasted|sliced,true,
RESIDUE,confidence_medium,poultry,ground turkey (93% lean),lean ground turkey,SYNONYM,medium,,,,,,93% lean is exactly what 'lean ground turkey' denotes on the label.,93,false,
RESIDUE,confidence_medium,poultry,ground turkey,ground turkey (93% lean),SUBSUMES,medium,,ground turkey,,,,Bare 'ground turkey' leaves the lean percentage open; 93% lean is one specific kind.,93|lean,false,
RESIDUE,confidence_medium,poultry,ground turkey,lean ground turkey,SUBSUMES,medium,,ground turkey,,,,Bare 'ground turkey' is unspecified on fat content; lean ground turkey is a specific kind.,lean,false,
RESIDUE,confidence_medium,poultry,roasted turkey breast,sliced roasted turkey breast,SYNONYM,medium,,,,,,Slicing is a transformation of the same roasted breast; nothing is discarded.,sliced,false,
RESIDUE,confidence_medium,poultry,rotisserie chicken,shredded rotisserie chicken,COMPONENT,medium,rotisserie chicken,,4,cup,true,"You buy the whole rotisserie chicken and pull meat off it; bones and skin are left behind, so part of the purchase is not the shredded meat.",shredded,true,
RESIDUE,confidence_medium,poultry,whole chicken,"whole chicken halves (bone-in, skin-on)",SYNONYM,medium,,,,,,Halving a whole chicken is a transformation of the same bird; nothing is thrown away.,bone|halve|skin,false,
RESIDUE,confidence_medium,raisin,golden raisins,raisins,SUBSUMES,medium,,raisins,,,,"""Raisins"" is the bare, unqualified category name; ""golden raisins"" fixes the variety/processing axis (sultanas, sulfur-dried). A shopper needing plain raisins is generally satisfied by golden raisins, but someone who needs golden raisins is not satisfied by ordinary dark raisins. The generic is the SECOND name, so genericIsA is false. Wrinkle: ""raisins"" often defaults to dark Thompson raisins, which would make them siblings, hence medium confidence.",golden,false,
RESIDUE,confidence_medium,rice_grain,basmati rice,white basmati rice,SUBSUMES,medium,,basmati rice,,,,'basmati rice' is unqualified on the white/brown milling axis; white basmati is one specific kind of it.,white,false,
RESIDUE,confidence_medium,rice_grain,cooked day-old jasmine rice,jasmine rice,COMPONENT,medium,jasmine rice,,3,cup,false,You buy raw jasmine rice; cooking (and chilling overnight) yields the day-old cooked rice at no extra purchase.,cooked|day|old,true,
RESIDUE,confidence_medium,rice_grain,"cooked jasmine rice, day-old",jasmine rice,COMPONENT,medium,jasmine rice,,3,cup,false,Raw jasmine rice is the purchase; cooked day-old rice is derived from it by cooking and chilling.,cooked|day|old,true,
RESIDUE,confidence_medium,rice_grain,cooked long-grain white rice,day-old cooked long-grain white rice,SUBSUMES,medium,,cooked long-grain white rice,,,,The first leaves the age axis open; day-old is a specific state of cooked rice that satisfies the generic.,day|old,false,
RESIDUE,contradiction_flagged,rice_grain,cooked long-grain white rice,long grain white rice,COMPONENT,medium,long grain white rice,,3,cup,false,You buy the dry long-grain white rice; cooking it yields the cooked rice.,cooked,true,"same base, prep difference, received COMPONENT + SYNONYM — cooked long-grain white rice ~ long grain white rice [cooked] => COMPONENT; long grain white rice ~ long-grain white rice, uncooked [uncooked] => SYNONYM"
RESIDUE,contradiction_flagged,rice_grain,cooked long-grain white rice,long-grain white rice,COMPONENT,medium,long-grain white rice,,3,cup,false,Dry long-grain white rice is the purchase; cooked rice is derived by cooking it.,cooked,true,"same base, prep difference, received COMPONENT + SYNONYM — cooked long-grain white rice ~ long-grain white rice [cooked] => COMPONENT; long-grain white rice ~ long-grain white rice, uncooked [uncooked] => SYNONYM"
RESIDUE,confidence_medium,rice_grain,cooked long-grain white rice,"long-grain white rice, uncooked",COMPONENT,medium,"long-grain white rice, uncooked",,3,cup,false,The uncooked rice is the shelf purchase; cooking yields the cooked rice.,cooked|uncooked,true,
RESIDUE,confidence_medium,rice_grain,cooked white rice,day-old cooked long-grain white rice,SUBSUMES,medium,,cooked white rice,,,,'cooked white rice' is unqualified on grain length and age; the day-old long-grain version satisfies it.,day|grain|long|old,false,
RESIDUE,confidence_medium,rice_grain,cooked white rice,day-old cooked short-grain white rice,SUBSUMES,medium,,cooked white rice,,,,'cooked white rice' is unqualified on grain length and age; the day-old short-grain version satisfies it.,day|grain|old|short,false,
RESIDUE,confidence_medium,rice_grain,day-old cooked jasmine rice,jasmine rice,COMPONENT,medium,jasmine rice,,3,cup,false,Raw jasmine rice is bought; day-old cooked jasmine rice comes from cooking and chilling it.,cooked|day|old,true,
RESIDUE,confidence_medium,rice_grain,day-old cooked long-grain white rice,long grain white rice,COMPONENT,medium,long grain white rice,,3,cup,false,You buy the dry rice; cooking and chilling it yields day-old cooked rice.,cooked|day|old,true,
RESIDUE,confidence_medium,rice_grain,day-old cooked long-grain white rice,long-grain white rice,COMPONENT,medium,long-grain white rice,,3,cup,false,You buy the dry rice; cooking and chilling it yields day-old cooked rice.,cooked|day|old,true,
RESIDUE,confidence_medium,rice_grain,day-old cooked short-grain white rice,short-grain white rice,COMPONENT,medium,short-grain white rice,,3,cup,false,You buy the dry short-grain rice; cooking and chilling it yields day-old cooked rice.,cooked|day|old,true,
RESIDUE,confidence_medium,rice_grain,dried flat rice noodles (8mm wide),flat rice noodles,SUBSUMES,medium,,flat rice noodles,,,,'flat rice noodles' leaves dried/fresh and width open; the dried 8mm noodle is a specific kind of it.,8mm|dried|wide,true,
RESIDUE,contradiction_flagged,rice_grain,dried flat rice noodles (8mm wide),flat rice noodles (6–8mm wide),SUBSUMES,medium,,flat rice noodles (6–8mm wide),,,,The 6–8mm range with form unspecified contains the specific dried 8mm noodle.,dried,true,signature [dried] received SUBSUMES + SYNONYM — dried flat rice noodles (8mm wide) ~ flat rice noodles (6–8mm wide) => SUBSUMES; dried flat rice noodles ~ flat rice noodles => SUBSUMES; dried rice noodles ~ rice noodles => SUBSUMES; dried rice vermicelli noodles ~ rice vermicelli noodles => SYNONYM
RESIDUE,confidence_medium,rice_grain,"dried flat rice noodles (medium width, 3–5mm)",flat rice noodles,SUBSUMES,medium,,flat rice noodles,,,,'flat rice noodles' leaves form and width open; dried medium-width is a specific kind of it.,5mm|dried|medium|width,true,
RESIDUE,contradiction_flagged,rice_grain,dried flat rice noodles,flat rice noodles,SUBSUMES,medium,,flat rice noodles,,,,'flat rice noodles' leaves the dried/fresh axis open; 'dried flat' fixes it.,dried,true,signature [dried] received SUBSUMES + SYNONYM — dried flat rice noodles (8mm wide) ~ flat rice noodles (6–8mm wide) => SUBSUMES; dried flat rice noodles ~ flat rice noodles => SUBSUMES; dried rice noodles ~ rice noodles => SUBSUMES; dried rice vermicelli noodles ~ rice vermicelli noodles => SYNONYM
RESIDUE,contradiction_flagged,rice_grain,dried rice noodles,rice noodles,SUBSUMES,high,,rice noodles,,,,'rice noodles' is bare on the dried/fresh axis; 'dried rice noodles' fixes it.,dried,true,signature [dried] received SUBSUMES + SYNONYM — dried flat rice noodles (8mm wide) ~ flat rice noodles (6–8mm wide) => SUBSUMES; dried flat rice noodles ~ flat rice noodles => SUBSUMES; dried rice noodles ~ rice noodles => SUBSUMES; dried rice vermicelli noodles ~ rice vermicelli noodles => SYNONYM
RESIDUE,confidence_medium,rice_grain,dried rice vermicelli noodles,rice vermicelli,SYNONYM,medium,,,,,,Rice vermicelli is sold dried as standard; both names buy the same package.,dried|noodle,true,
RESIDUE,contradiction_flagged,rice_grain,dried rice vermicelli noodles,rice vermicelli noodles,SYNONYM,medium,,,,,,Same dried rice vermicelli package under two wordings.,dried,true,signature [dried] received SUBSUMES + SYNONYM — dried flat rice noodles (8mm wide) ~ flat rice noodles (6–8mm wide) => SUBSUMES; dried flat rice noodles ~ flat rice noodles => SUBSUMES; dried rice noodles ~ rice noodles => SUBSUMES; dried rice vermicelli noodles ~ rice vermicelli noodles => SYNONYM
RESIDUE,confidence_medium,rice_grain,farro,pearled farro,SUBSUMES,medium,,farro,,,,'farro' is bare on the pearling axis; pearled farro is one specific kind.,pearled,false,
RESIDUE,confidence_medium,rice_grain,farro,semi-pearled farro,SUBSUMES,medium,,farro,,,,'farro' is bare on the pearling axis; semi-pearled farro is one specific kind.,pearled|semi,false,
RESIDUE,confidence_medium,rice_grain,fresh wide rice noodles,fresh wide rice noodles (ho fun),SYNONYM,medium,,,,,,'ho fun' is simply the Cantonese name for fresh wide rice noodles; same product.,fun|ho,false,
RESIDUE,confidence_medium,rice_grain,fresh wide rice noodles,fresh wide rice noodles (sen yai),SYNONYM,medium,,,,,,'sen yai' is the Thai name for fresh wide rice noodles; same product.,sen|yai,false,
RESIDUE,contradiction_flagged,rice_grain,long grain white rice,"long-grain white rice, uncooked",SYNONYM,high,,,,,,'uncooked' is the default state of bagged rice; same purchase.,uncooked,true,"same base, prep difference, received COMPONENT + SYNONYM — cooked long-grain white rice ~ long grain white rice [cooked] => COMPONENT; long grain white rice ~ long-grain white rice, uncooked [uncooked] => SYNONYM"
RESIDUE,contradiction_flagged,rice_grain,long-grain white rice,"long-grain white rice, uncooked",SYNONYM,high,,,,,,'uncooked' is the default state of bagged rice; same purchase.,uncooked,true,"same base, prep difference, received COMPONENT + SYNONYM — cooked long-grain white rice ~ long-grain white rice [cooked] => COMPONENT; long-grain white rice ~ long-grain white rice, uncooked [uncooked] => SYNONYM"
RESIDUE,confidence_medium,rice_grain,quinoa,white quinoa,SUBSUMES,medium,,quinoa,,,,'quinoa' is bare on the colour axis; white quinoa is one specific kind.,white,false,
RESIDUE,confidence_medium,roja salsa,jarred salsa roja,salsa roja,SUBSUMES,medium,,salsa roja,,,,"""salsa roja"" is the bare generic red salsa, unspecified as to form; ""jarred salsa roja"" fixes the packaging/preparation axis. A shopper needing salsa roja is satisfied by a jar, but someone needing jarred salsa is not satisfied by any salsa roja (e.g. fresh/homemade). The second name is the generic.",jarred,true,
RESIDUE,confidence_low,root_veg,baby carrot,carrots,SUBSUMES,low,,carrots,,,,'carrots' is bare and unspecified on every axis; 'baby carrot' is a size-qualified/small form of it. Wrinkle: bagged baby-cut carrots are arguably their own product.,baby,false,
RESIDUE,confidence_medium,root_veg,baby carrot,"carrots, peeled and grated",DISTINCT,medium,,,,,,Baby carrots (size/product axis) versus grated carrot prep — neither name covers the other; a shopper with baby carrots is not holding grated carrots as bought.,baby|grated|peeled,true,
RESIDUE,confidence_medium,root_veg,baby carrot,"carrots, peeled and sliced",DISTINCT,medium,,,,,,Size-qualified baby carrots versus a prep form of ordinary carrots; qualifiers sit on different axes.,baby|peeled|sliced,false,
RESIDUE,confidence_medium,root_veg,baby carrot,shredded carrots,DISTINCT,medium,,,,,,Baby carrots are size-specified whole carrots; shredded carrots is a prep form — different axes.,baby|shredded,true,
RESIDUE,contradiction_flagged,root_veg,baby potato,baby red potatoes,SUBSUMES,high,,baby potato,,,,'baby potato' fixes size and leaves variety open; 'baby red potatoes' fixes both. The first is the generic.,red,false,signature [red] received SUBSUMES + SYNONYM — baby potato ~ baby red potatoes => SUBSUMES; beets ~ red beets => SYNONYM; small potato ~ small red potatoes => SUBSUMES
RESIDUE,confidence_medium,root_veg,baby potato,small potato,SYNONYM,medium,,,,,,"Baby potatoes and small potatoes name the same bag of small, variety-unspecified potatoes.",baby|small,false,
RESIDUE,confidence_medium,root_veg,baby potato,small red potatoes,SUBSUMES,medium,,baby potato,,,,"Baby potato equals small potato with variety left open; small red potatoes fix the variety, so the first is generic.",baby|red|small,false,
RESIDUE,confidence_medium,root_veg,baby red potatoes,red potatoes,SUBSUMES,medium,,red potatoes,,,,"'red potatoes' leaves size open; baby reds are a small-size kind of red potato, so the second name is the generic.",baby,false,
RESIDUE,confidence_medium,root_veg,baby red potatoes,small potato,SUBSUMES,medium,,small potato,,,,'small potato' fixes size only and is satisfied by baby red potatoes; the second name is the generic.,baby|red|small,false,
RESIDUE,confidence_medium,root_veg,baby red potatoes,small red potatoes,SYNONYM,medium,,,,,,Baby red potatoes and small red potatoes are the same bagged product under two names.,baby|small,false,
RESIDUE,confidence_medium,root_veg,baby yellow potato,small potato,SUBSUMES,medium,,small potato,,,,'small potato' leaves variety open and is satisfied by baby yellow potatoes; the second name is the generic.,baby|small|yellow,false,
RESIDUE,confidence_medium,root_veg,baby yellow potato,yellow potatoes,SUBSUMES,medium,,yellow potatoes,,,,"'yellow potatoes' leaves size open; baby yellow potatoes are a small-size kind of it, so the second is the generic.",baby,false,
RESIDUE,confidence_medium,root_veg,baby yukon gold potatoes,yukon gold potatoes,SUBSUMES,medium,,yukon gold potatoes,,,,"'yukon gold potatoes' is unspecified on size; baby yukons are a specific small size, so the second is the generic.",baby,false,
RESIDUE,contradiction_flagged,root_veg,beets,red beets,SYNONYM,medium,,,,,,Bare 'beets' denotes the standard red beet; 'red beets' names that same standard product.,red,false,signature [red] received SUBSUMES + SYNONYM — baby potato ~ baby red potatoes => SUBSUMES; beets ~ red beets => SYNONYM; small potato ~ small red potatoes => SUBSUMES
RESIDUE,confidence_medium,root_veg,beets,small beet,SUBSUMES,medium,,beets,,,,"'beets' is bare on every axis; 'small beet' fixes size, so the first name is the generic.",small,false,
RESIDUE,confidence_medium,root_veg,"carrots, peeled and grated","carrots, peeled and sliced",SYNONYM,medium,,,,,,Both are the same purchase (carrots) merely transformed by different knife work; nothing extra is bought.,grated|sliced,true,
RESIDUE,confidence_medium,root_veg,"carrots, peeled and grated",large carrot,DISTINCT,medium,,,,,,"One name fixes a prep form, the other fixes size — different axes, neither covers the other.",grated|large|peeled,true,
RESIDUE,confidence_medium,root_veg,"carrots, peeled and grated",medium carrots,DISTINCT,medium,,,,,,Prep-form qualifier versus size qualifier; independent axes.,grated|medium|peeled,true,
RESIDUE,confidence_medium,root_veg,"carrots, peeled and grated",shredded carrots,SYNONYM,medium,,,,,,Grated and shredded carrot are the same thing from the same purchase.,grated|peeled|shredded,true,
RESIDUE,confidence_medium,root_veg,"carrots, peeled and sliced",large carrot,DISTINCT,medium,,,,,,Prep-form qualifier versus size qualifier — different axes.,large|peeled|sliced,false,
RESIDUE,confidence_medium,root_veg,"carrots, peeled and sliced",medium carrots,DISTINCT,medium,,,,,,Prep-form qualifier versus size qualifier — different axes.,medium|peeled|sliced,false,
RESIDUE,confidence_low,root_veg,"carrots, peeled and sliced",shredded carrots,SYNONYM,low,,,,,,Both are the same carrots transformed differently; one purchase covers either.,peeled|shredded|sliced,true,
RESIDUE,confidence_medium,root_veg,carrots,large carrot,SUBSUMES,medium,,carrots,,,,"'carrots' is bare on every axis; 'large carrot' fixes size, so the first is the generic.",large,false,
RESIDUE,confidence_medium,root_veg,carrots,medium carrots,SUBSUMES,medium,,carrots,,,,"'carrots' is unqualified; 'medium carrots' fixes size, so the first is the generic.",medium,false,
RESIDUE,confidence_medium,root_veg,carrots,shredded carrots,SYNONYM,medium,,,,,,Shredding is a transform of the carrots you already bought; nothing discarded.,shredded,true,
RESIDUE,confidence_medium,root_veg,daikon radish,radishes,DISTINCT,medium,,,,,,Bare 'radishes' denotes the standard small red globe radish; daikon is a wholly different item requiring its own purchase.,daikon,false,
RESIDUE,confidence_medium,root_veg,fresh ginger slices,ginger,SYNONYM,medium,,,,,,Slicing is a transform of the same ginger root you buy.,fresh|slice,true,
RESIDUE,confidence_medium,root_veg,large carrot,shredded carrots,DISTINCT,medium,,,,,,Size qualifier versus prep-form qualifier — independent axes.,large|shredded,true,
RESIDUE,confidence_medium,root_veg,large russet potatoes,russet potatoes,SUBSUMES,medium,,russet potatoes,,,,"'russet potatoes' leaves size open; 'large russet potatoes' fixes it, so the second name is the generic.",large,false,
RESIDUE,confidence_medium,root_veg,large sweet potatoes,sweet potatoes,SUBSUMES,medium,,sweet potatoes,,,,"'sweet potatoes' is unspecified on size; 'large sweet potatoes' fixes it, so the second name is the generic.",large,false,
RESIDUE,confidence_medium,root_veg,medium carrots,shredded carrots,DISTINCT,medium,,,,,,Size qualifier versus prep-form qualifier — different axes.,medium|shredded,true,
RESIDUE,confidence_medium,root_veg,potato gnocchi,shelf-stable potato gnocchi,SUBSUMES,medium,,potato gnocchi,,,,"'potato gnocchi' leaves the format open (shelf-stable, refrigerated, frozen); the shelf-stable pack is one specific kind, so the first is generic.",shelf|stable,false,
RESIDUE,confidence_medium,root_veg,red beets,small beet,DISTINCT,medium,,,,,,"'red' fixes colour, 'small' fixes size — independent axes, neither covers the other.",red|small,false,
RESIDUE,confidence_medium,root_veg,red potatoes,small potato,DISTINCT,medium,,,,,,Variety axis versus size axis; neither name contains the other.,red|small,false,
RESIDUE,confidence_medium,root_veg,red potatoes,small red potatoes,SUBSUMES,medium,,red potatoes,,,,"'red potatoes' leaves size open; 'small red potatoes' fixes it, so the first name is the generic.",small,false,
RESIDUE,confidence_medium,root_veg,sliced radishes,thinly sliced radish,SYNONYM,medium,,,,,,"Both are the same radishes sliced; thickness is a prep detail, not a different purchase.",thinly,false,
RESIDUE,contradiction_flagged,root_veg,small potato,small red potatoes,SUBSUMES,medium,,small potato,,,,"'small potato' leaves variety open; 'small red potatoes' fixes it, so the first is the generic.",red,false,signature [red] received SUBSUMES + SYNONYM — baby potato ~ baby red potatoes => SUBSUMES; beets ~ red beets => SYNONYM; small potato ~ small red potatoes => SUBSUMES
RESIDUE,confidence_medium,root_veg,small potato,yellow potatoes,DISTINCT,medium,,,,,,Size axis versus variety axis — neither covers the other.,small|yellow,false,
RESIDUE,confidence_medium,root_veg,waxy potatoes,waxy yellow potatoes,SUBSUMES,medium,,waxy potatoes,,,,"'waxy potatoes' fixes texture but leaves colour open; 'waxy yellow potatoes' fixes both, so the first is the generic.",yellow,false,
RESIDUE,confidence_low,root_veg,waxy yellow potatoes,yellow potatoes,SUBSUMES,low,,yellow potatoes,,,,"'yellow potatoes' fixes only colour; 'waxy yellow potatoes' additionally fixes texture, so the second name is the broader one.",waxy,false,
RESIDUE,confidence_medium,root_veg,"yukon gold potatoes, cut into 1½-inch chunks","yukon gold potatoes, cut into chunks",SYNONYM,medium,,,,,,"Same yukon golds, same chunk prep; the stated chunk dimension is a prep detail, not a different purchase.",(identical),false,
RESIDUE,confidence_medium,saffron,saffron,saffron threads,SYNONYM,medium,,,,,,"Saffron is sold in thread (stigma) form by default; a shopper handed either name buys the same small jar or packet of saffron threads. The bare name denotes that standard form rather than a broader category (powdered saffron would be named as such), so the two names are the same purchase.",thread,false,
RESIDUE,confidence_medium,salsa,fresh salsa,fresh tomato salsa,SUBSUMES,medium,,fresh salsa,,,,"Both are fresh, but ""fresh salsa"" leaves the base open (could be tomatillo/verde) while ""fresh tomato salsa"" fixes it. Subsumption within the fresh tier; first name is the broader one.",tomato,false,
RESIDUE,confidence_medium,salsa,fresh salsa,mild salsa,DISTINCT,medium,,,,,,"""fresh"" fixes the form/preservation axis, ""mild"" fixes the heat axis. Different axes, neither contains the other.",fresh|mild,true,
RESIDUE,confidence_medium,salsa,jarred salsa roja,salsa,SUBSUMES,medium,,salsa,,,,"""salsa"" is the bare generic; ""jarred salsa roja"" fixes packaging and red-tomato style. Second name is the generic.",jarred|roja,true,
RESIDUE,confidence_medium,salsa,jarred salsa verde,salsa,SUBSUMES,medium,,salsa,,,,"""salsa"" is the bare generic; ""jarred salsa verde"" fixes packaging and tomatillo style. Second name is the generic.",jarred|verde,true,
RESIDUE,confidence_medium,salsa,jarred salsa,jarred salsa roja,SUBSUMES,medium,,jarred salsa,,,,"Within the jarred tier, ""jarred salsa"" leaves the style open and ""roja"" fixes it. First name is the generic.",roja,false,
RESIDUE,confidence_medium,salsa,jarred salsa,jarred salsa verde,SUBSUMES,medium,,jarred salsa,,,,"Within the jarred tier, ""jarred salsa"" leaves the style open and ""verde"" fixes it. First name is the generic.",verde,false,
RESIDUE,confidence_medium,salsa,jarred salsa,mild salsa,DISTINCT,medium,,,,,,"""jarred"" fixes packaging, ""mild"" fixes heat — independent axes, neither name covers the other.",jarred|mild,true,
RESIDUE,confidence_medium,salsa,salsa,salsa roja,SUBSUMES,medium,,salsa,,,,"""salsa"" is unqualified; ""salsa roja"" names the specific red-tomato style. A demand for salsa is met by salsa roja, not the reverse. First name is the generic.",roja,false,
RESIDUE,confidence_medium,salsa,salsa,salsa verde,SUBSUMES,medium,,salsa,,,,"""salsa"" is unqualified; ""salsa verde"" names the specific tomatillo style. First name is the generic.",verde,false,
RESIDUE,confidence_medium,salsa verde,jarred salsa verde,salsa verde,SUBSUMES,medium,,salsa verde,,,,"""salsa verde"" is the bare generic name for the sauce and leaves the form open (jarred, fresh, homemade); ""jarred salsa verde"" fixes the packaging/format axis. A shopper needing salsa verde is satisfied by the jarred product, but one who specifically needs jarred is not satisfied by fresh-made salsa verde. The second name is the generic.",jarred,true,
RESIDUE,confidence_medium,salt,coarse kosher salt,kosher salt,SYNONYM,medium,,,,,,Kosher salt is by definition a coarse-grained salt; 'coarse' is a redundant descriptor rather than a distinguishing variety. Either name sends the shopper to the same box.,coarse,false,
RESIDUE,confidence_medium,salt,coarse kosher salt,salt,SUBSUMES,medium,,salt,,,,"'Salt' is the bare, unqualified generic; coarse kosher salt is one specific kind of it. A demand for salt is met by coarse kosher salt, but not the reverse. Generic is the second name.",coarse|kosher,false,
RESIDUE,confidence_medium,salt,fine salt,fine sea salt,SUBSUMES,medium,,fine salt,,,,"'Fine salt' fixes only grain size and leaves the source open; 'fine sea salt' fixes grain size AND source, so it is a specific kind of fine salt. Generic is the first name.",sea,false,
RESIDUE,confidence_medium,salt,fine salt,salt,SUBSUMES,medium,,salt,,,,"'Salt' is bare and unspecified on every axis; 'fine salt' fixes the grain axis. A demand for salt is satisfied by fine salt, not conversely. Generic is the second name.",fine,false,
RESIDUE,confidence_medium,salt,fine sea salt,salt,SUBSUMES,medium,,salt,,,,'Salt' is the bare generic; fine sea salt is a specific grain-and-source variety that satisfies a call for plain salt. Generic is the second name.,fine|sea,false,
RESIDUE,confidence_medium,salt,flaky sea salt,salt,SUBSUMES,medium,,salt,,,,Flaky sea salt is a specific kind of the bare generic 'salt' and would satisfy a call for salt; a recipe specifying flaky finishing salt is not satisfied by just any salt. Generic is the second name.,flaky|sea,false,
RESIDUE,confidence_medium,salt,hawaiian sea salt,salt,SUBSUMES,medium,,salt,,,,Hawaiian sea salt is a specific origin/variety of the bare generic 'salt'. A demand for salt is met by it; a demand for Hawaiian sea salt is not met by any salt. Generic is the second name.,hawaiian|sea,false,
RESIDUE,confidence_medium,salt,kosher salt,salt,SUBSUMES,medium,,salt,,,,"'Salt' is the bare, unqualified generic; kosher salt is one specific grain type of it. Satisfaction runs only one way. Generic is the second name.",kosher,false,
RESIDUE,confidence_medium,salt,pickling salt,salt,SUBSUMES,medium,,salt,,,,"Pickling salt is a specific additive-free fine salt, a kind of the bare generic 'salt'. It satisfies a call for salt, but a canning recipe calling for pickling salt is not satisfied by any salt. Generic is the second name.",pickling,false,
RESIDUE,confidence_medium,sauerkraut,jarred sauerkraut,sauerkraut,SUBSUMES,medium,,sauerkraut,,,,"""sauerkraut"" is the bare, unqualified name and does not denote one standard package — it is sold jarred, canned, bagged and refrigerated. ""Jarred sauerkraut"" fixes the packaging axis, so it is a specific kind of the generic; a shopper needing sauerkraut is satisfied by the jarred kind, but not vice versa.",jarred,true,
RESIDUE,confidence_medium,seafood,anchovy fillets,anchovy fillets in oil,SYNONYM,medium,,,,,,"Anchovy fillets are standardly sold as oil-packed tins; 'in oil' names that same default product, so either name buys the same tin.",oil,false,
RESIDUE,confidence_medium,seafood,bottled clam juice,chopped clams in juice,COMPONENT,medium,chopped clams in juice,,0.33,cup,true,A can of chopped clams packed in juice gives you both the clams and the clam juice from one purchase; the juice is the derived part.,bottled|chopped,true,
RESIDUE,confidence_medium,seafood,bottled clam juice,"chopped clams in juice, canned",COMPONENT,medium,"chopped clams in juice, canned",,0.33,cup,true,Same as the uncanned wording: one can of chopped clams in juice yields the clam juice at no extra purchase.,bottled|canned|chopped,true,
RESIDUE,contradiction_flagged,seafood,bottled clam juice,clam juice,SYNONYM,medium,,,,,,Clam juice is sold bottled; 'bottled clam juice' names the identical shelf product.,bottled,true,"same base, prep difference, received COMPONENT + SYNONYM — bottled clam juice ~ clam juice [bottled] => SYNONYM; chopped clams in juice ~ clam juice [chopped] => COMPONENT"
RESIDUE,confidence_medium,seafood,canned albacore tuna in water,canned solid white albacore tuna in water,SUBSUMES,medium,,canned albacore tuna in water,,,,"'Canned albacore in water' leaves the pack style open; 'solid white' fixes it on that same axis, so the bare name is the generic.",solid|white,false,
RESIDUE,confidence_medium,seafood,"chopped clams in juice, canned",clam juice,COMPONENT,medium,"chopped clams in juice, canned",,0.33,cup,true,Buying the can of chopped clams packed in juice yields the clam juice; drain it off and the clams remain.,canned|chopped,true,
RESIDUE,contradiction_flagged,seafood,chopped clams in juice,clam juice,COMPONENT,medium,chopped clams in juice,,0.33,cup,true,One can of chopped clams in juice supplies the clam juice as well as the clams.,chopped,false,"same base, prep difference, received COMPONENT + SYNONYM — bottled clam juice ~ clam juice [bottled] => SYNONYM; chopped clams in juice ~ clam juice [chopped] => COMPONENT"
RESIDUE,confidence_medium,seafood,cod fillets,"cod fillets, skinless",SUBSUMES,medium,,cod fillets,,,,"'Cod fillets' is unspecified on the skin axis; 'skinless' fixes it, so the bare name is the generic.",skinless,false,
RESIDUE,confidence_medium,seafood,fresh mussels,mussels,SYNONYM,medium,,,,,,Mussels are bought live/fresh by default; 'fresh mussels' names the same purchase.,fresh,true,
RESIDUE,confidence_medium,seafood,large shell-on shrimp (16/20 count),large shrimp,SUBSUMES,medium,,large shrimp,,,,"'Large shrimp' leaves shell state and exact count open; the shell-on 16/20 item fills both, so the second name is the broader one.",16|20|count|shell,false,
RESIDUE,confidence_medium,seafood,"large shrimp, peeled and deveined","large shrimp, peeled and deveined (16/20 count)",SUBSUMES,medium,,"large shrimp, peeled and deveined",,,,"Both are large peeled shrimp; the count spec narrows the size within the 'large' tier, so the unnumbered name is generic.",16|20|count,false,
RESIDUE,confidence_medium,seafood,"large shrimp, peeled and deveined","large shrimp, peeled and deveined (21–25 count)",SUBSUMES,medium,,"large shrimp, peeled and deveined",,,,"The count fills in the exact size left open by 'large', so the first name is the generic.",21|25|count,false,
RESIDUE,confidence_medium,seafood,"large shrimp, peeled and deveined","large shrimp, peeled and deveined (31–40 count)",SUBSUMES,medium,,"large shrimp, peeled and deveined",,,,"The count fills in the exact size left open by 'large', so the first name is the generic.",31|40|count,false,
RESIDUE,confidence_low,seafood,"large shrimp, peeled and deveined","large shrimp, peeled and deveined, tails on",SUBSUMES,low,,"large shrimp, peeled and deveined",,,,"Peeled and deveined shrimp are sold both tail-on and tail-off, so the bare wording leaves that axis open while 'tails on' fixes it.",tail,false,
RESIDUE,confidence_medium,seafood,"large shrimp, peeled and deveined","raw shrimp, peeled and deveined, finely chopped",DISTINCT,medium,,,,,,"One name fixes size (large), the other fixes state/cut (raw, finely chopped) and leaves size open — different axes, neither covers the other.",chopped|finely|large|raw,true,
RESIDUE,confidence_medium,seafood,large shrimp,"large shrimp, peeled and deveined",COMPONENT,medium,large shrimp,,0.75,lb,false,"Peeling and deveining discards the shells and vein, so you buy more than the recipe uses; the peeled meat is derived from the whole shrimp.",deveined|peeled,false,
RESIDUE,confidence_medium,seafood,large shrimp,"large shrimp, peeled and deveined (16/20 count)",COMPONENT,medium,large shrimp,,0.75,lb,false,"Same peeling loss as the plain pair: whole large shrimp yield the peeled, deveined meat after discarding shells.",16|20|count|deveined|peeled,false,
RESIDUE,confidence_medium,seafood,large shrimp,"large shrimp, peeled and deveined (21–25 count)",COMPONENT,medium,large shrimp,,0.75,lb,false,Whole large shrimp yield peeled deveined shrimp after shells and vein are discarded.,21|25|count|deveined|peeled,false,
RESIDUE,confidence_medium,seafood,large shrimp,"large shrimp, peeled and deveined (31–40 count)",COMPONENT,medium,large shrimp,,0.75,lb,false,Whole large shrimp yield peeled deveined shrimp after shells and vein are discarded.,31|40|count|deveined|peeled,false,
RESIDUE,confidence_medium,seafood,large shrimp,"large shrimp, peeled and deveined, tails on",COMPONENT,medium,large shrimp,,0.8,lb,false,Peeling and deveining (tails left on) discards shell and vein from the purchased whole shrimp.,deveined|peeled|tail,false,
RESIDUE,confidence_medium,seafood,large shrimp,"raw shrimp, peeled and deveined, finely chopped",DISTINCT,medium,,,,,,"'Large' fixes size; 'raw, peeled, finely chopped' fixes state and cut with size open — different axes, so neither subsumes the other.",chopped|deveined|finely|large|peeled|raw,true,
RESIDUE,confidence_medium,seafood,medium shrimp,"raw shrimp, peeled and deveined, finely chopped",DISTINCT,medium,,,,,,"'Medium' fixes size; the other fixes state and cut with size open — different axes, neither contains the other.",chopped|deveined|finely|medium|peeled|raw,true,
RESIDUE,confidence_medium,seafood,salmon fillets,"salmon fillets, skin-on",SUBSUMES,medium,,salmon fillets,,,,"'Salmon fillets' is unqualified on the skin axis; 'skin-on' fixes it, so the bare name is generic.",skin,false,
RESIDUE,confidence_medium,seafood,salmon fillets,skin-on salmon fillets,SUBSUMES,medium,,salmon fillets,,,,Bare 'salmon fillets' leaves skin open; skin-on is a specific kind.,skin,false,
RESIDUE,confidence_medium,seafood,salmon fillets,skinless salmon fillet,SUBSUMES,medium,,salmon fillets,,,,Bare 'salmon fillets' leaves skin open; skinless is a specific kind.,skinless,false,
RESIDUE,confidence_medium,seafood,salmon fillets,sushi-grade salmon fillet,SUBSUMES,medium,,salmon fillets,,,,Bare 'salmon fillets' is unspecified on grade; sushi-grade is a specific kind that satisfies the generic but not vice versa.,grade|sushi,false,
RESIDUE,confidence_medium,shell taco,crunchy taco shells,taco shells,SYNONYM,medium,,,,,,"""Taco shells"" on a shelf are the pre-formed crunchy shells; ""crunchy"" restates the default rather than picking one of several kinds. Same box, either name.",crunchy,false,
RESIDUE,confidence_medium,shell taco,hard corn taco shell,taco shells,SYNONYM,medium,,,,,,"Hard taco shells are made of corn essentially by definition, so ""hard corn taco shell"" names the same standard product a shopper gets when asking for ""taco shells"". One purchase satisfies either name.",corn|hard,false,
RESIDUE,confidence_medium,shell taco,hard taco shells,taco shells,SYNONYM,medium,,,,,,"""Hard"" is the default understanding of packaged taco shells; the qualifier restates the standard variety rather than narrowing to one of several stocked types. Same product, same trip.",hard,false,
RESIDUE,confidence_medium,soy_sauce,dark soy sauce,soy sauce,SUBSUMES,medium,,soy sauce,,,,"""Soy sauce"" is the bare generic and dark soy sauce is a specific kind of it; the second name is the generic. Wrinkle: a recipe calling for plain soy sauce is not always well served by dark, hence medium.",dark,false,
RESIDUE,confidence_medium,soy_sauce,light soy sauce,soy sauce,SUBSUMES,medium,,soy sauce,,,,"""Soy sauce"" is the unqualified generic (second name); light soy sauce is a specific style that satisfies a demand for plain soy sauce, while a call for light soy sauce is not met by just any soy sauce.",light,false,
RESIDUE,confidence_medium,soy_sauce,soy sauce,thin soy sauce,SUBSUMES,medium,,soy sauce,,,,"""Thin soy sauce"" is the light/thin style, a specific kind under the bare generic ""soy sauce"", which is the first name here.",thin,false,
RESIDUE,confidence_medium,stock_broth,chicken-style vegetable broth,vegetable broth,SUBSUMES,medium,,vegetable broth,,,,"""Vegetable broth"" is the bare generic; ""chicken-style vegetable broth"" is a specific flavor-profile variant of it (a vegan broth seasoned to taste like chicken). Someone needing plain vegetable broth is served by the chicken-style version, but someone wanting that particular savory profile is not served by just any vegetable broth. Generic is the second name.",chicken|style,false,
RESIDUE,confidence_medium,stock_broth,low-sodium vegetable broth,vegetable broth,SUBSUMES,medium,,vegetable broth,,,,"""Vegetable broth"" is unqualified on the sodium axis and is satisfied by a low-sodium carton; a recipe calling specifically for low-sodium is not satisfied by any vegetable broth. Generic is the second name.",low|sodium,false,
RESIDUE,confidence_medium,sugar,brown sugar,dark brown sugar,SUBSUMES,medium,,brown sugar,,,,"""brown sugar"" is the bare generic on the light/dark axis; a recipe calling for brown sugar is satisfied by dark brown, but one calling for dark brown is not satisfied by just any brown sugar.",dark,false,
RESIDUE,confidence_medium,sugar,brown sugar,light brown sugar,SUBSUMES,medium,,brown sugar,,,,"Same axis as pair 0: bare ""brown sugar"" covers light brown; ""light brown"" is the specific.",light,false,
RESIDUE,contradiction_flagged,sugar,brown sugar,sugar,DISTINCT,high,,,,,,"Bare ""sugar"" denotes the default granulated white sugar, a sibling product to brown sugar, not a parent of it. Two bags.",brown,false,"same base, color difference, received DISTINCT + SYNONYM — brown sugar ~ sugar [brown] => DISTINCT; sugar ~ white sugar [white] => SYNONYM"
RESIDUE,confidence_medium,sugar,honey,hot honey,DISTINCT,medium,,,,,,"Hot honey is chili-infused, a separate jar; plain honey will not serve where hot honey is called for and vice versa.",hot,false,
RESIDUE,confidence_medium,sugar,maple syrup,pure maple syrup,SYNONYM,medium,,,,,,"""Pure"" merely asserts real maple syrup, which is what ""maple syrup"" already denotes; one bottle, either name.",pure,false,
RESIDUE,contradiction_flagged,sugar,sugar,white sugar,SYNONYM,high,,,,,,"Bare ""sugar"" means white granulated sugar; identical product under two names.",white,false,"same base, color difference, received DISTINCT + SYNONYM — brown sugar ~ sugar [brown] => DISTINCT; sugar ~ white sugar [white] => SYNONYM"
RESIDUE,confidence_medium,sumac,dried sumac,ground sumac,SYNONYM,medium,,,,,,"Sumac is sold as a dried, ground purple powder; 'dried sumac' and 'ground sumac' name the same jar on the shelf. Whole dried sumac berries are a specialty rarity, so a shopper handed either name buys the identical product.",dried|ground,true,
RESIDUE,confidence_medium,sumac,dried sumac,sumac,SYNONYM,medium,,,,,,"Bare 'sumac' in a recipe context names the standard dried spice, which is the same product as 'dried sumac' — one shelf, one jar, no second purchase.",dried,true,
RESIDUE,confidence_medium,sumac,ground sumac,sumac,SYNONYM,medium,,,,,,"Bare 'sumac' as a catalog ingredient means the ground spice by default, so it is the same purchase as 'ground sumac'; consistent with the other two pairs in this family.",ground,true,
RESIDUE,contradiction_flagged,tomatillo,canned tomatillos,tomatillo,DISTINCT,medium,,,,,,"A bare 'tomatillo' in a recipe means the standard fresh produce item, not a can; it is a sibling of 'canned tomatillos', so a shopper with one must buy the other.",canned,true,"same base, prep difference, received DISTINCT + SYNONYM — canned tomatillos ~ tomatillo [canned] => DISTINCT; fresh tomatillos ~ tomatillo [fresh] => SYNONYM"
RESIDUE,contradiction_flagged,tomatillo,canned tomatillos,tomatillos,DISTINCT,medium,,,,,,Bare 'tomatillos' denotes the default fresh product; canned tomatillos is a separate shelf-stable purchase.,canned,true,"same base, prep difference, received DISTINCT + SYNONYM — canned tomatillos ~ tomatillos [canned] => DISTINCT; fresh tomatillos ~ tomatillos [fresh] => SYNONYM"
RESIDUE,contradiction_flagged,tomatillo,fresh tomatillos,tomatillo,SYNONYM,high,,,,,,Bare 'tomatillo' already means fresh tomatillo; singular/plural is not a product difference.,fresh,true,"same base, prep difference, received DISTINCT + SYNONYM — canned tomatillos ~ tomatillo [canned] => DISTINCT; fresh tomatillos ~ tomatillo [fresh] => SYNONYM"
RESIDUE,contradiction_flagged,tomatillo,fresh tomatillos,tomatillos,SYNONYM,high,,,,,,'Fresh tomatillos' names the same produce item a shopper gets when asking for 'tomatillos'.,fresh,true,"same base, prep difference, received DISTINCT + SYNONYM — canned tomatillos ~ tomatillos [canned] => DISTINCT; fresh tomatillos ~ tomatillos [fresh] => SYNONYM"
RESIDUE,confidence_medium,tomatillo,tomatillos,"tomatillos, husked and halved",COMPONENT,medium,tomatillos,,1,each,false,"Husking discards the papery husk, so part of the purchase goes in the bin; halving is a mere transform. One tomatillo yields one husked, halved tomatillo and is used up.",halved|husked,false,
RESIDUE,confidence_medium,tomatillo,tomatillo,"tomatillos, husked and halved",COMPONENT,medium,tomatillo,,1,each,false,"Same relation as tomatillos ~ husked and halved: the husk is removed and thrown away, so the prepped form is derived from the whole fruit, consuming it.",halved|husked,false,
RESIDUE,contradiction_flagged,tomato,canned crushed san marzano tomatoes,canned crushed tomatoes,SUBSUMES,high,,canned crushed tomatoes,,,,Canned crushed tomatoes is the generic can; San Marzano fixes the variety.,marzano|san,false,"signature [marzano|san] received DISTINCT + SUBSUMES — canned crushed san marzano tomatoes ~ canned crushed tomatoes => SUBSUMES; canned crushed san marzano tomatoes ~ crushed canned tomatoes => SUBSUMES; canned crushed san marzano tomatoes ~ crushed tomatoes, canned => SUBSUMES; canned crushed tomatoes ~ canned san marzano crushed tomatoes => SUBSUMES; canned san marzano crushed tomatoes ~ crushed canned tomatoes => SUBSUMES; canned san marzano crushed tomatoes ~ crushed tomatoes, canned => SUBSUMES; canned san marzano whole peeled tomatoes ~ canned whole peeled tomatoes => SUBSUMES; canned san marzano whole tomatoes ~ whole canned tomatoes => SUBSUMES; canned whole san marzano tomatoes ~ whole canned tomatoes => SUBSUMES; crushed san marzano tomatoes ~ crushed tomatoes => SUBSUMES; crushed tomatoes ~ san marzano crushed tomatoes => SUBSUMES; san marzano tomatoes ~ tomato => DISTINCT; san marzano whole peeled tomatoes ~ whole peeled tomatoes => SUBSUMES; whole peeled san marzano tomatoes ~ whole peeled tomatoes => SUBSUMES"
RESIDUE,contradiction_flagged,tomato,canned crushed san marzano tomatoes,crushed canned tomatoes,SUBSUMES,high,,crushed canned tomatoes,,,,Generic crushed canned tomatoes subsumes the San Marzano version.,marzano|san,false,"signature [marzano|san] received DISTINCT + SUBSUMES — canned crushed san marzano tomatoes ~ canned crushed tomatoes => SUBSUMES; canned crushed san marzano tomatoes ~ crushed canned tomatoes => SUBSUMES; canned crushed san marzano tomatoes ~ crushed tomatoes, canned => SUBSUMES; canned crushed tomatoes ~ canned san marzano crushed tomatoes => SUBSUMES; canned san marzano crushed tomatoes ~ crushed canned tomatoes => SUBSUMES; canned san marzano crushed tomatoes ~ crushed tomatoes, canned => SUBSUMES; canned san marzano whole peeled tomatoes ~ canned whole peeled tomatoes => SUBSUMES; canned san marzano whole tomatoes ~ whole canned tomatoes => SUBSUMES; canned whole san marzano tomatoes ~ whole canned tomatoes => SUBSUMES; crushed san marzano tomatoes ~ crushed tomatoes => SUBSUMES; crushed tomatoes ~ san marzano crushed tomatoes => SUBSUMES; san marzano tomatoes ~ tomato => DISTINCT; san marzano whole peeled tomatoes ~ whole peeled tomatoes => SUBSUMES; whole peeled san marzano tomatoes ~ whole peeled tomatoes => SUBSUMES"
RESIDUE,contradiction_flagged,tomato,canned crushed san marzano tomatoes,"crushed tomatoes, canned",SUBSUMES,high,,"crushed tomatoes, canned",,,,Generic crushed canned tomatoes subsumes the San Marzano version.,marzano|san,false,"signature [marzano|san] received DISTINCT + SUBSUMES — canned crushed san marzano tomatoes ~ canned crushed tomatoes => SUBSUMES; canned crushed san marzano tomatoes ~ crushed canned tomatoes => SUBSUMES; canned crushed san marzano tomatoes ~ crushed tomatoes, canned => SUBSUMES; canned crushed tomatoes ~ canned san marzano crushed tomatoes => SUBSUMES; canned san marzano crushed tomatoes ~ crushed canned tomatoes => SUBSUMES; canned san marzano crushed tomatoes ~ crushed tomatoes, canned => SUBSUMES; canned san marzano whole peeled tomatoes ~ canned whole peeled tomatoes => SUBSUMES; canned san marzano whole tomatoes ~ whole canned tomatoes => SUBSUMES; canned whole san marzano tomatoes ~ whole canned tomatoes => SUBSUMES; crushed san marzano tomatoes ~ crushed tomatoes => SUBSUMES; crushed tomatoes ~ san marzano crushed tomatoes => SUBSUMES; san marzano tomatoes ~ tomato => DISTINCT; san marzano whole peeled tomatoes ~ whole peeled tomatoes => SUBSUMES; whole peeled san marzano tomatoes ~ whole peeled tomatoes => SUBSUMES"
RESIDUE,contradiction_flagged,tomato,canned crushed san marzano tomatoes,san marzano tomatoes,SUBSUMES,medium,,san marzano tomatoes,,,,'san marzano tomatoes' leaves the form open; crushed fixes it.,canned|crushed,true,"signature [canned|crushed] received DISTINCT + SUBSUMES — canned crushed san marzano tomatoes ~ san marzano tomatoes => SUBSUMES; canned crushed tomatoes ~ tomato => DISTINCT; canned san marzano crushed tomatoes ~ san marzano tomatoes => SUBSUMES; crushed canned tomatoes ~ tomato => DISTINCT; crushed tomatoes, canned ~ tomato => DISTINCT"
RESIDUE,confidence_medium,tomato,canned crushed san marzano tomatoes,tomato,DISTINCT,medium,,,,,,Fresh tomato vs a can of crushed tomatoes: separate purchases.,canned|crushed|marzano|san,true,
RESIDUE,contradiction_flagged,tomato,canned crushed tomatoes,canned san marzano crushed tomatoes,SUBSUMES,high,,canned crushed tomatoes,,,,First is the bare generic crushed can; second fixes variety.,marzano|san,false,"signature [marzano|san] received DISTINCT + SUBSUMES — canned crushed san marzano tomatoes ~ canned crushed tomatoes => SUBSUMES; canned crushed san marzano tomatoes ~ crushed canned tomatoes => SUBSUMES; canned crushed san marzano tomatoes ~ crushed tomatoes, canned => SUBSUMES; canned crushed tomatoes ~ canned san marzano crushed tomatoes => SUBSUMES; canned san marzano crushed tomatoes ~ crushed canned tomatoes => SUBSUMES; canned san marzano crushed tomatoes ~ crushed tomatoes, canned => SUBSUMES; canned san marzano whole peeled tomatoes ~ canned whole peeled tomatoes => SUBSUMES; canned san marzano whole tomatoes ~ whole canned tomatoes => SUBSUMES; canned whole san marzano tomatoes ~ whole canned tomatoes => SUBSUMES; crushed san marzano tomatoes ~ crushed tomatoes => SUBSUMES; crushed tomatoes ~ san marzano crushed tomatoes => SUBSUMES; san marzano tomatoes ~ tomato => DISTINCT; san marzano whole peeled tomatoes ~ whole peeled tomatoes => SUBSUMES; whole peeled san marzano tomatoes ~ whole peeled tomatoes => SUBSUMES"
RESIDUE,contradiction_flagged,tomato,canned crushed tomatoes,tomato,DISTINCT,medium,,,,,,Canned crushed tomatoes is a different purchase from a fresh tomato.,canned|crushed,true,"signature [canned|crushed] received DISTINCT + SUBSUMES — canned crushed san marzano tomatoes ~ san marzano tomatoes => SUBSUMES; canned crushed tomatoes ~ tomato => DISTINCT; canned san marzano crushed tomatoes ~ san marzano tomatoes => SUBSUMES; crushed canned tomatoes ~ tomato => DISTINCT; crushed tomatoes, canned ~ tomato => DISTINCT"
RESIDUE,confidence_medium,tomato,canned diced tomatoes with green chiles (rotel),diced tomatoes,DISTINCT,medium,,,,,,Rotel has added green chiles; plain diced tomatoes is a different can.,canned|chili|green|rotel,true,
RESIDUE,confidence_medium,tomato,canned diced tomatoes with green chiles,diced tomatoes,DISTINCT,medium,,,,,,Added green chiles makes a different product from plain diced tomatoes.,canned|chili|green,true,
RESIDUE,confidence_medium,tomato,canned diced tomatoes,canned diced tomatoes with green chiles,DISTINCT,medium,,,,,,Plain diced tomatoes vs diced tomatoes with chiles added: different cans.,chili|green,false,
RESIDUE,confidence_medium,tomato,canned diced tomatoes,canned diced tomatoes with green chiles (rotel),DISTINCT,medium,,,,,,Plain diced tomatoes vs Rotel with green chiles: different cans.,chili|green|rotel,false,
RESIDUE,confidence_medium,tomato,canned diced tomatoes,tomato,DISTINCT,medium,,,,,,A can of diced tomatoes is not a fresh tomato.,canned|diced,true,
RESIDUE,contradiction_flagged,tomato,canned san marzano crushed tomatoes,crushed canned tomatoes,SUBSUMES,high,,crushed canned tomatoes,,,,Generic crushed canned tomatoes subsumes the San Marzano version.,marzano|san,false,"signature [marzano|san] received DISTINCT + SUBSUMES — canned crushed san marzano tomatoes ~ canned crushed tomatoes => SUBSUMES; canned crushed san marzano tomatoes ~ crushed canned tomatoes => SUBSUMES; canned crushed san marzano tomatoes ~ crushed tomatoes, canned => SUBSUMES; canned crushed tomatoes ~ canned san marzano crushed tomatoes => SUBSUMES; canned san marzano crushed tomatoes ~ crushed canned tomatoes => SUBSUMES; canned san marzano crushed tomatoes ~ crushed tomatoes, canned => SUBSUMES; canned san marzano whole peeled tomatoes ~ canned whole peeled tomatoes => SUBSUMES; canned san marzano whole tomatoes ~ whole canned tomatoes => SUBSUMES; canned whole san marzano tomatoes ~ whole canned tomatoes => SUBSUMES; crushed san marzano tomatoes ~ crushed tomatoes => SUBSUMES; crushed tomatoes ~ san marzano crushed tomatoes => SUBSUMES; san marzano tomatoes ~ tomato => DISTINCT; san marzano whole peeled tomatoes ~ whole peeled tomatoes => SUBSUMES; whole peeled san marzano tomatoes ~ whole peeled tomatoes => SUBSUMES"
RESIDUE,contradiction_flagged,tomato,canned san marzano crushed tomatoes,"crushed tomatoes, canned",SUBSUMES,high,,"crushed tomatoes, canned",,,,Generic crushed canned tomatoes subsumes the San Marzano version.,marzano|san,false,"signature [marzano|san] received DISTINCT + SUBSUMES — canned crushed san marzano tomatoes ~ canned crushed tomatoes => SUBSUMES; canned crushed san marzano tomatoes ~ crushed canned tomatoes => SUBSUMES; canned crushed san marzano tomatoes ~ crushed tomatoes, canned => SUBSUMES; canned crushed tomatoes ~ canned san marzano crushed tomatoes => SUBSUMES; canned san marzano crushed tomatoes ~ crushed canned tomatoes => SUBSUMES; canned san marzano crushed tomatoes ~ crushed tomatoes, canned => SUBSUMES; canned san marzano whole peeled tomatoes ~ canned whole peeled tomatoes => SUBSUMES; canned san marzano whole tomatoes ~ whole canned tomatoes => SUBSUMES; canned whole san marzano tomatoes ~ whole canned tomatoes => SUBSUMES; crushed san marzano tomatoes ~ crushed tomatoes => SUBSUMES; crushed tomatoes ~ san marzano crushed tomatoes => SUBSUMES; san marzano tomatoes ~ tomato => DISTINCT; san marzano whole peeled tomatoes ~ whole peeled tomatoes => SUBSUMES; whole peeled san marzano tomatoes ~ whole peeled tomatoes => SUBSUMES"
RESIDUE,contradiction_flagged,tomato,canned san marzano crushed tomatoes,san marzano tomatoes,SUBSUMES,medium,,san marzano tomatoes,,,,'san marzano tomatoes' leaves the form open; crushed fixes it.,canned|crushed,true,"signature [canned|crushed] received DISTINCT + SUBSUMES — canned crushed san marzano tomatoes ~ san marzano tomatoes => SUBSUMES; canned crushed tomatoes ~ tomato => DISTINCT; canned san marzano crushed tomatoes ~ san marzano tomatoes => SUBSUMES; crushed canned tomatoes ~ tomato => DISTINCT; crushed tomatoes, canned ~ tomato => DISTINCT"
RESIDUE,confidence_medium,tomato,canned san marzano crushed tomatoes,tomato,DISTINCT,medium,,,,,,Canned crushed product vs fresh tomato.,canned|crushed|marzano|san,true,
RESIDUE,confidence_medium,tomato,canned san marzano whole peeled tomatoes,canned san marzano whole tomatoes,SYNONYM,medium,,,,,,Canned whole San Marzano tomatoes are peeled; same can.,peeled,false,
RESIDUE,contradiction_flagged,tomato,canned san marzano whole peeled tomatoes,canned whole peeled tomatoes,SUBSUMES,high,,canned whole peeled tomatoes,,,,Generic canned whole peeled tomatoes subsumes the San Marzano version.,marzano|san,false,"signature [marzano|san] received DISTINCT + SUBSUMES — canned crushed san marzano tomatoes ~ canned crushed tomatoes => SUBSUMES; canned crushed san marzano tomatoes ~ crushed canned tomatoes => SUBSUMES; canned crushed san marzano tomatoes ~ crushed tomatoes, canned => SUBSUMES; canned crushed tomatoes ~ canned san marzano crushed tomatoes => SUBSUMES; canned san marzano crushed tomatoes ~ crushed canned tomatoes => SUBSUMES; canned san marzano crushed tomatoes ~ crushed tomatoes, canned => SUBSUMES; canned san marzano whole peeled tomatoes ~ canned whole peeled tomatoes => SUBSUMES; canned san marzano whole tomatoes ~ whole canned tomatoes => SUBSUMES; canned whole san marzano tomatoes ~ whole canned tomatoes => SUBSUMES; crushed san marzano tomatoes ~ crushed tomatoes => SUBSUMES; crushed tomatoes ~ san marzano crushed tomatoes => SUBSUMES; san marzano tomatoes ~ tomato => DISTINCT; san marzano whole peeled tomatoes ~ whole peeled tomatoes => SUBSUMES; whole peeled san marzano tomatoes ~ whole peeled tomatoes => SUBSUMES"
RESIDUE,contradiction_flagged,tomato,canned san marzano whole peeled tomatoes,san marzano tomatoes,SUBSUMES,medium,,san marzano tomatoes,,,,'san marzano tomatoes' leaves the form open; whole peeled fixes it.,canned|peeled|whole,true,signature [canned|peeled|whole] received DISTINCT + SUBSUMES — canned san marzano whole peeled tomatoes ~ san marzano tomatoes => SUBSUMES; canned whole peeled tomatoes ~ tomato => DISTINCT
RESIDUE,confidence_medium,tomato,canned san marzano whole peeled tomatoes,tomato,DISTINCT,medium,,,,,,Canned product vs fresh tomato.,canned|marzano|peeled|san|whole,true,
RESIDUE,confidence_medium,tomato,canned san marzano whole peeled tomatoes,whole san marzano tomatoes,SYNONYM,medium,,,,,,Canned whole San Marzano are peeled; same can.,canned|peeled,true,
RESIDUE,contradiction_flagged,tomato,canned san marzano whole tomatoes,san marzano tomatoes,SUBSUMES,medium,,san marzano tomatoes,,,,Bare 'san marzano tomatoes' leaves form open; whole fixes it.,canned|whole,true,signature [canned|whole] received DISTINCT + SUBSUMES — canned san marzano whole tomatoes ~ san marzano tomatoes => SUBSUMES; canned whole san marzano tomatoes ~ san marzano tomatoes => SUBSUMES; tomato ~ whole canned tomatoes => DISTINCT
RESIDUE,confidence_medium,tomato,canned san marzano whole tomatoes,san marzano whole peeled tomatoes,SYNONYM,medium,,,,,,Canned whole San Marzano tomatoes are peeled; same can.,canned|peeled,true,
RESIDUE,confidence_medium,tomato,canned san marzano whole tomatoes,tomato,DISTINCT,medium,,,,,,Canned product vs fresh tomato.,canned|marzano|san|whole,true,
RESIDUE,contradiction_flagged,tomato,canned san marzano whole tomatoes,whole canned tomatoes,SUBSUMES,high,,whole canned tomatoes,,,,Generic whole canned tomatoes subsumes the San Marzano version.,marzano|san,false,"signature [marzano|san] received DISTINCT + SUBSUMES — canned crushed san marzano tomatoes ~ canned crushed tomatoes => SUBSUMES; canned crushed san marzano tomatoes ~ crushed canned tomatoes => SUBSUMES; canned crushed san marzano tomatoes ~ crushed tomatoes, canned => SUBSUMES; canned crushed tomatoes ~ canned san marzano crushed tomatoes => SUBSUMES; canned san marzano crushed tomatoes ~ crushed canned tomatoes => SUBSUMES; canned san marzano crushed tomatoes ~ crushed tomatoes, canned => SUBSUMES; canned san marzano whole peeled tomatoes ~ canned whole peeled tomatoes => SUBSUMES; canned san marzano whole tomatoes ~ whole canned tomatoes => SUBSUMES; canned whole san marzano tomatoes ~ whole canned tomatoes => SUBSUMES; crushed san marzano tomatoes ~ crushed tomatoes => SUBSUMES; crushed tomatoes ~ san marzano crushed tomatoes => SUBSUMES; san marzano tomatoes ~ tomato => DISTINCT; san marzano whole peeled tomatoes ~ whole peeled tomatoes => SUBSUMES; whole peeled san marzano tomatoes ~ whole peeled tomatoes => SUBSUMES"
RESIDUE,confidence_medium,tomato,canned san marzano whole tomatoes,whole peeled san marzano tomatoes,SYNONYM,medium,,,,,,Same can; whole canned San Marzano are peeled.,canned|peeled,true,
RESIDUE,contradiction_flagged,tomato,canned whole peeled tomatoes,tomato,DISTINCT,medium,,,,,,Canned product vs fresh tomato.,canned|peeled|whole,true,signature [canned|peeled|whole] received DISTINCT + SUBSUMES — canned san marzano whole peeled tomatoes ~ san marzano tomatoes => SUBSUMES; canned whole peeled tomatoes ~ tomato => DISTINCT
RESIDUE,confidence_medium,tomato,canned whole peeled tomatoes,whole canned tomatoes,SYNONYM,medium,,,,,,Whole canned tomatoes are the peeled ones; same can.,peeled,false,
RESIDUE,contradiction_flagged,tomato,canned whole san marzano tomatoes,san marzano tomatoes,SUBSUMES,medium,,san marzano tomatoes,,,,Bare 'san marzano tomatoes' leaves form open; whole fixes it.,canned|whole,true,signature [canned|whole] received DISTINCT + SUBSUMES — canned san marzano whole tomatoes ~ san marzano tomatoes => SUBSUMES; canned whole san marzano tomatoes ~ san marzano tomatoes => SUBSUMES; tomato ~ whole canned tomatoes => DISTINCT
RESIDUE,confidence_medium,tomato,canned whole san marzano tomatoes,san marzano whole peeled tomatoes,SYNONYM,medium,,,,,,Same can; canned whole San Marzano are peeled.,canned|peeled,true,
RESIDUE,confidence_medium,tomato,canned whole san marzano tomatoes,tomato,DISTINCT,medium,,,,,,Canned product vs fresh tomato.,canned|marzano|san|whole,true,
RESIDUE,contradiction_flagged,tomato,canned whole san marzano tomatoes,whole canned tomatoes,SUBSUMES,high,,whole canned tomatoes,,,,Generic whole canned tomatoes subsumes the San Marzano version.,marzano|san,false,"signature [marzano|san] received DISTINCT + SUBSUMES — canned crushed san marzano tomatoes ~ canned crushed tomatoes => SUBSUMES; canned crushed san marzano tomatoes ~ crushed canned tomatoes => SUBSUMES; canned crushed san marzano tomatoes ~ crushed tomatoes, canned => SUBSUMES; canned crushed tomatoes ~ canned san marzano crushed tomatoes => SUBSUMES; canned san marzano crushed tomatoes ~ crushed canned tomatoes => SUBSUMES; canned san marzano crushed tomatoes ~ crushed tomatoes, canned => SUBSUMES; canned san marzano whole peeled tomatoes ~ canned whole peeled tomatoes => SUBSUMES; canned san marzano whole tomatoes ~ whole canned tomatoes => SUBSUMES; canned whole san marzano tomatoes ~ whole canned tomatoes => SUBSUMES; crushed san marzano tomatoes ~ crushed tomatoes => SUBSUMES; crushed tomatoes ~ san marzano crushed tomatoes => SUBSUMES; san marzano tomatoes ~ tomato => DISTINCT; san marzano whole peeled tomatoes ~ whole peeled tomatoes => SUBSUMES; whole peeled san marzano tomatoes ~ whole peeled tomatoes => SUBSUMES"
RESIDUE,confidence_medium,tomato,canned whole san marzano tomatoes,whole peeled san marzano tomatoes,SYNONYM,medium,,,,,,"Same can, words reordered; whole canned are peeled.",canned|peeled,true,
RESIDUE,contradiction_flagged,tomato,crushed canned tomatoes,tomato,DISTINCT,medium,,,,,,Canned crushed tomatoes vs fresh tomato.,canned|crushed,true,"signature [canned|crushed] received DISTINCT + SUBSUMES — canned crushed san marzano tomatoes ~ san marzano tomatoes => SUBSUMES; canned crushed tomatoes ~ tomato => DISTINCT; canned san marzano crushed tomatoes ~ san marzano tomatoes => SUBSUMES; crushed canned tomatoes ~ tomato => DISTINCT; crushed tomatoes, canned ~ tomato => DISTINCT"
RESIDUE,contradiction_flagged,tomato,crushed san marzano tomatoes,crushed tomatoes,SUBSUMES,high,,crushed tomatoes,,,,'crushed tomatoes' is the bare generic; San Marzano fixes variety.,marzano|san,false,"signature [marzano|san] received DISTINCT + SUBSUMES — canned crushed san marzano tomatoes ~ canned crushed tomatoes => SUBSUMES; canned crushed san marzano tomatoes ~ crushed canned tomatoes => SUBSUMES; canned crushed san marzano tomatoes ~ crushed tomatoes, canned => SUBSUMES; canned crushed tomatoes ~ canned san marzano crushed tomatoes => SUBSUMES; canned san marzano crushed tomatoes ~ crushed canned tomatoes => SUBSUMES; canned san marzano crushed tomatoes ~ crushed tomatoes, canned => SUBSUMES; canned san marzano whole peeled tomatoes ~ canned whole peeled tomatoes => SUBSUMES; canned san marzano whole tomatoes ~ whole canned tomatoes => SUBSUMES; canned whole san marzano tomatoes ~ whole canned tomatoes => SUBSUMES; crushed san marzano tomatoes ~ crushed tomatoes => SUBSUMES; crushed tomatoes ~ san marzano crushed tomatoes => SUBSUMES; san marzano tomatoes ~ tomato => DISTINCT; san marzano whole peeled tomatoes ~ whole peeled tomatoes => SUBSUMES; whole peeled san marzano tomatoes ~ whole peeled tomatoes => SUBSUMES"
RESIDUE,contradiction_flagged,tomato,crushed san marzano tomatoes,san marzano tomatoes,SUBSUMES,medium,,san marzano tomatoes,,,,Bare San Marzano tomatoes leaves form open; crushed fixes it.,crushed,true,signature [crushed] received DISTINCT + SUBSUMES — crushed san marzano tomatoes ~ san marzano tomatoes => SUBSUMES; crushed tomatoes ~ tomato => DISTINCT; san marzano crushed tomatoes ~ san marzano tomatoes => SUBSUMES
RESIDUE,confidence_medium,tomato,crushed san marzano tomatoes,tomato,DISTINCT,medium,,,,,,Canned crushed product vs fresh tomato.,crushed|marzano|san,true,
RESIDUE,contradiction_flagged,tomato,"crushed tomatoes, canned",tomato,DISTINCT,medium,,,,,,Canned crushed tomatoes vs fresh tomato.,canned|crushed,true,"signature [canned|crushed] received DISTINCT + SUBSUMES — canned crushed san marzano tomatoes ~ san marzano tomatoes => SUBSUMES; canned crushed tomatoes ~ tomato => DISTINCT; canned san marzano crushed tomatoes ~ san marzano tomatoes => SUBSUMES; crushed canned tomatoes ~ tomato => DISTINCT; crushed tomatoes, canned ~ tomato => DISTINCT"
RESIDUE,contradiction_flagged,tomato,crushed tomatoes,san marzano crushed tomatoes,SUBSUMES,high,,crushed tomatoes,,,,First is the bare generic crushed can; San Marzano fixes variety.,marzano|san,false,"signature [marzano|san] received DISTINCT + SUBSUMES — canned crushed san marzano tomatoes ~ canned crushed tomatoes => SUBSUMES; canned crushed san marzano tomatoes ~ crushed canned tomatoes => SUBSUMES; canned crushed san marzano tomatoes ~ crushed tomatoes, canned => SUBSUMES; canned crushed tomatoes ~ canned san marzano crushed tomatoes => SUBSUMES; canned san marzano crushed tomatoes ~ crushed canned tomatoes => SUBSUMES; canned san marzano crushed tomatoes ~ crushed tomatoes, canned => SUBSUMES; canned san marzano whole peeled tomatoes ~ canned whole peeled tomatoes => SUBSUMES; canned san marzano whole tomatoes ~ whole canned tomatoes => SUBSUMES; canned whole san marzano tomatoes ~ whole canned tomatoes => SUBSUMES; crushed san marzano tomatoes ~ crushed tomatoes => SUBSUMES; crushed tomatoes ~ san marzano crushed tomatoes => SUBSUMES; san marzano tomatoes ~ tomato => DISTINCT; san marzano whole peeled tomatoes ~ whole peeled tomatoes => SUBSUMES; whole peeled san marzano tomatoes ~ whole peeled tomatoes => SUBSUMES"
RESIDUE,contradiction_flagged,tomato,crushed tomatoes,tomato,DISTINCT,medium,,,,,,Canned crushed tomatoes vs fresh tomato.,crushed,true,"signature [crushed] received DISTINCT + SUBSUMES — crushed san marzano tomatoes ~ san marzano tomatoes => SUBSUMES; crushed tomatoes ~ tomato => DISTINCT; san marzano crushed tomatoes ~ san marzano tomatoes => SUBSUMES | same base, prep difference, received DISTINCT + SYNONYM — crushed tomatoes ~ tomato [crushed] => DISTINCT; diced tomatoes ~ tomato [diced] => DISTINCT; fresh tomatoes ~ tomato [fresh] => SYNONYM"
RESIDUE,confidence_medium,tomato,diced tomatoes,diced tomatoes with green chiles,DISTINCT,medium,,,,,,"Added green chiles make it a different product, not a variety of plain diced tomatoes.",chili|green,false,
RESIDUE,contradiction_flagged,tomato,diced tomatoes,tomato,DISTINCT,medium,,,,,,Canned diced tomatoes vs fresh tomato.,diced,false,"same base, prep difference, received DISTINCT + SYNONYM — crushed tomatoes ~ tomato [crushed] => DISTINCT; diced tomatoes ~ tomato [diced] => DISTINCT; fresh tomatoes ~ tomato [fresh] => SYNONYM"
RESIDUE,confidence_medium,tomato,fresh tomato salsa,fresh tomatoes,DISTINCT,medium,,,,,,"Prepared salsa is its own purchase, not obtained from buying tomatoes.",salsa,false,
RESIDUE,confidence_medium,tomato,fresh tomato salsa,tomato,DISTINCT,medium,,,,,,Prepared salsa is a separate purchase from a tomato.,fresh|salsa,true,
RESIDUE,contradiction_flagged,tomato,fresh tomatoes,ripe tomato,SUBSUMES,medium,,fresh tomatoes,,,,'fresh tomatoes' leaves ripeness open; 'ripe' narrows it.,fresh|ripe,true,"SUBSUMES declares ""fresh tomatoes"" generic over ""ripe tomato"", but the declared generic is not the less-qualified name — two specifics are DISTINCT, never SUBSUMES (D-WS9-202)"
RESIDUE,contradiction_flagged,tomato,fresh tomatoes,tomato,SYNONYM,medium,,,,,,A catalog 'tomato' is a fresh tomato; same produce purchase.,fresh,true,"same base, prep difference, received DISTINCT + SYNONYM — crushed tomatoes ~ tomato [crushed] => DISTINCT; diced tomatoes ~ tomato [diced] => DISTINCT; fresh tomatoes ~ tomato [fresh] => SYNONYM"
RESIDUE,confidence_medium,tomato,ripe beefsteak tomatoes,ripe tomato,SUBSUMES,medium,,ripe tomato,,,,"Both fix ripeness; 'ripe tomato' leaves variety open, so it is the broader name.",beefsteak,false,
RESIDUE,confidence_medium,tomato,ripe roma tomatoes,ripe tomato,SUBSUMES,medium,,ripe tomato,,,,Both fix ripeness; 'ripe tomato' leaves variety open.,roma,false,
RESIDUE,confidence_medium,tomato,ripe tomato,tomato,SUBSUMES,medium,,tomato,,,,'tomato' is unqualified; 'ripe' fixes the ripeness axis.,ripe,false,
RESIDUE,contradiction_flagged,tomato,san marzano crushed tomatoes,san marzano tomatoes,SUBSUMES,medium,,san marzano tomatoes,,,,Bare 'san marzano tomatoes' leaves form open; crushed fixes it.,crushed,true,signature [crushed] received DISTINCT + SUBSUMES — crushed san marzano tomatoes ~ san marzano tomatoes => SUBSUMES; crushed tomatoes ~ tomato => DISTINCT; san marzano crushed tomatoes ~ san marzano tomatoes => SUBSUMES
RESIDUE,confidence_medium,tomato,san marzano crushed tomatoes,tomato,DISTINCT,medium,,,,,,Canned crushed product vs fresh tomato.,crushed|marzano|san,true,
RESIDUE,contradiction_flagged,tomato,san marzano tomatoes,san marzano whole peeled tomatoes,SUBSUMES,medium,,san marzano tomatoes,,,,First is the bare San Marzano name; second fixes the form.,peeled|whole,true,signature [peeled|whole] received DISTINCT + SUBSUMES — san marzano tomatoes ~ san marzano whole peeled tomatoes => SUBSUMES; san marzano tomatoes ~ whole peeled san marzano tomatoes => SUBSUMES; tomato ~ whole peeled tomatoes => DISTINCT
RESIDUE,contradiction_flagged,tomato,san marzano tomatoes,tomato,DISTINCT,medium,,,,,,"San Marzano tomatoes in a catalog are the canned Italian product, not fresh tomatoes.",marzano|san,false,"signature [marzano|san] received DISTINCT + SUBSUMES — canned crushed san marzano tomatoes ~ canned crushed tomatoes => SUBSUMES; canned crushed san marzano tomatoes ~ crushed canned tomatoes => SUBSUMES; canned crushed san marzano tomatoes ~ crushed tomatoes, canned => SUBSUMES; canned crushed tomatoes ~ canned san marzano crushed tomatoes => SUBSUMES; canned san marzano crushed tomatoes ~ crushed canned tomatoes => SUBSUMES; canned san marzano crushed tomatoes ~ crushed tomatoes, canned => SUBSUMES; canned san marzano whole peeled tomatoes ~ canned whole peeled tomatoes => SUBSUMES; canned san marzano whole tomatoes ~ whole canned tomatoes => SUBSUMES; canned whole san marzano tomatoes ~ whole canned tomatoes => SUBSUMES; crushed san marzano tomatoes ~ crushed tomatoes => SUBSUMES; crushed tomatoes ~ san marzano crushed tomatoes => SUBSUMES; san marzano tomatoes ~ tomato => DISTINCT; san marzano whole peeled tomatoes ~ whole peeled tomatoes => SUBSUMES; whole peeled san marzano tomatoes ~ whole peeled tomatoes => SUBSUMES"
RESIDUE,contradiction_flagged,tomato,san marzano tomatoes,whole peeled san marzano tomatoes,SUBSUMES,medium,,san marzano tomatoes,,,,First is the bare San Marzano name; second fixes the form.,peeled|whole,true,signature [peeled|whole] received DISTINCT + SUBSUMES — san marzano tomatoes ~ san marzano whole peeled tomatoes => SUBSUMES; san marzano tomatoes ~ whole peeled san marzano tomatoes => SUBSUMES; tomato ~ whole peeled tomatoes => DISTINCT
RESIDUE,confidence_medium,tomato,san marzano tomatoes,whole san marzano tomatoes,SUBSUMES,medium,,san marzano tomatoes,,,,First is the bare San Marzano name; second fixes the form.,whole,true,
RESIDUE,confidence_medium,tomato,san marzano whole peeled tomatoes,tomato,DISTINCT,medium,,,,,,Canned product vs fresh tomato.,marzano|peeled|san|whole,true,
RESIDUE,contradiction_flagged,tomato,san marzano whole peeled tomatoes,whole peeled tomatoes,SUBSUMES,high,,whole peeled tomatoes,,,,Generic whole peeled tomatoes subsumes the San Marzano version.,marzano|san,false,"signature [marzano|san] received DISTINCT + SUBSUMES — canned crushed san marzano tomatoes ~ canned crushed tomatoes => SUBSUMES; canned crushed san marzano tomatoes ~ crushed canned tomatoes => SUBSUMES; canned crushed san marzano tomatoes ~ crushed tomatoes, canned => SUBSUMES; canned crushed tomatoes ~ canned san marzano crushed tomatoes => SUBSUMES; canned san marzano crushed tomatoes ~ crushed canned tomatoes => SUBSUMES; canned san marzano crushed tomatoes ~ crushed tomatoes, canned => SUBSUMES; canned san marzano whole peeled tomatoes ~ canned whole peeled tomatoes => SUBSUMES; canned san marzano whole tomatoes ~ whole canned tomatoes => SUBSUMES; canned whole san marzano tomatoes ~ whole canned tomatoes => SUBSUMES; crushed san marzano tomatoes ~ crushed tomatoes => SUBSUMES; crushed tomatoes ~ san marzano crushed tomatoes => SUBSUMES; san marzano tomatoes ~ tomato => DISTINCT; san marzano whole peeled tomatoes ~ whole peeled tomatoes => SUBSUMES; whole peeled san marzano tomatoes ~ whole peeled tomatoes => SUBSUMES"
RESIDUE,confidence_medium,tomato,san marzano whole peeled tomatoes,whole san marzano tomatoes,SYNONYM,medium,,,,,,Whole canned San Marzano are peeled; same can.,peeled,false,
RESIDUE,contradiction_flagged,tomato,tomato,whole canned tomatoes,DISTINCT,medium,,,,,,Fresh tomato vs a can of whole tomatoes.,canned|whole,true,signature [canned|whole] received DISTINCT + SUBSUMES — canned san marzano whole tomatoes ~ san marzano tomatoes => SUBSUMES; canned whole san marzano tomatoes ~ san marzano tomatoes => SUBSUMES; tomato ~ whole canned tomatoes => DISTINCT
RESIDUE,confidence_medium,tomato,tomato,whole peeled san marzano tomatoes,DISTINCT,medium,,,,,,Fresh tomato vs a can of whole peeled San Marzanos.,marzano|peeled|san|whole,true,
RESIDUE,contradiction_flagged,tomato,tomato,whole peeled tomatoes,DISTINCT,medium,,,,,,Fresh tomato vs a can of whole peeled tomatoes.,peeled|whole,true,signature [peeled|whole] received DISTINCT + SUBSUMES — san marzano tomatoes ~ san marzano whole peeled tomatoes => SUBSUMES; san marzano tomatoes ~ whole peeled san marzano tomatoes => SUBSUMES; tomato ~ whole peeled tomatoes => DISTINCT
RESIDUE,confidence_medium,tomato,tomato,whole san marzano tomatoes,DISTINCT,medium,,,,,,Fresh tomato vs a can of whole San Marzanos.,marzano|san|whole,true,
RESIDUE,confidence_medium,tomato,whole canned tomatoes,whole peeled tomatoes,SYNONYM,medium,,,,,,Whole canned tomatoes are the peeled ones; same can.,canned|peeled,true,
RESIDUE,contradiction_flagged,tomato,whole peeled san marzano tomatoes,whole peeled tomatoes,SUBSUMES,high,,whole peeled tomatoes,,,,Second is the bare generic whole peeled can; San Marzano fixes variety.,marzano|san,false,"signature [marzano|san] received DISTINCT + SUBSUMES — canned crushed san marzano tomatoes ~ canned crushed tomatoes => SUBSUMES; canned crushed san marzano tomatoes ~ crushed canned tomatoes => SUBSUMES; canned crushed san marzano tomatoes ~ crushed tomatoes, canned => SUBSUMES; canned crushed tomatoes ~ canned san marzano crushed tomatoes => SUBSUMES; canned san marzano crushed tomatoes ~ crushed canned tomatoes => SUBSUMES; canned san marzano crushed tomatoes ~ crushed tomatoes, canned => SUBSUMES; canned san marzano whole peeled tomatoes ~ canned whole peeled tomatoes => SUBSUMES; canned san marzano whole tomatoes ~ whole canned tomatoes => SUBSUMES; canned whole san marzano tomatoes ~ whole canned tomatoes => SUBSUMES; crushed san marzano tomatoes ~ crushed tomatoes => SUBSUMES; crushed tomatoes ~ san marzano crushed tomatoes => SUBSUMES; san marzano tomatoes ~ tomato => DISTINCT; san marzano whole peeled tomatoes ~ whole peeled tomatoes => SUBSUMES; whole peeled san marzano tomatoes ~ whole peeled tomatoes => SUBSUMES"
RESIDUE,confidence_medium,tomato,whole peeled san marzano tomatoes,whole san marzano tomatoes,SYNONYM,medium,,,,,,Whole canned San Marzano tomatoes are peeled; same can.,peeled,false,
RESIDUE,confidence_medium,turmeric,ground turmeric,turmeric,SYNONYM,medium,,,,,,"Unqualified ""turmeric"" in a recipe catalog denotes the standard pantry form, the dried ground spice — the same jar a shopper buys as ""ground turmeric"". Fresh turmeric root would be named as such.",ground,true,
RESIDUE,confidence_medium,turmeric,turmeric,turmeric powder,SYNONYM,medium,,,,,,"""Turmeric powder"" is just another name for the ground dried spice, which is what bare ""turmeric"" defaults to; one jar, one purchase. Labeled consistently with ground turmeric ~ turmeric.",powder,true,
RESIDUE,contradiction_flagged,vinegar,rice vinegar,rice wine vinegar,SYNONYM,high,,,,,,'Rice wine vinegar' is the common alternate label for rice vinegar; the same bottle is sold under both names.,wine,false,signature [wine] received DISTINCT + SYNONYM — rice vinegar ~ rice wine vinegar => SYNONYM; white vinegar ~ white wine vinegar => DISTINCT
RESIDUE,confidence_medium,vinegar,white cane vinegar,white vinegar,DISTINCT,medium,,,,,,"White cane vinegar (sugarcane, e.g. Filipino sukang maasim) is a different product from the default distilled white vinegar that 'white vinegar' names; a second purchase is required.",cane,false,
RESIDUE,contradiction_flagged,vinegar,white vinegar,white wine vinegar,DISTINCT,high,,,,,,"White vinegar means the harsh distilled grain vinegar; white wine vinegar is a milder wine-based vinegar. Different products, two purchases.",wine,false,signature [wine] received DISTINCT + SYNONYM — rice vinegar ~ rice wine vinegar => SYNONYM; white vinegar ~ white wine vinegar => DISTINCT
RESIDUE,confidence_medium,water,boiling water,water,SYNONYM,medium,,,,,,"'Boiling' is a temperature state applied to plain water, not a different purchase; nothing is discarded and no second shelf trip is needed.",boiling,false,
RESIDUE,confidence_medium,water,ice water,water,SYNONYM,medium,,,,,,"Ice water is simply chilled water; same source, no separate purchase, nothing discarded.",ice,false,
RESIDUE,confidence_medium,water,ice-cold water,water,SYNONYM,medium,,,,,,'Ice-cold' fixes only temperature; the purchase is the same plain water.,cold|ice,false,
RESIDUE,confidence_low,water,pasta cooking water,water,COMPONENT,low,water,,1,cup,true,"Starchy pasta cooking water comes out of the pot of water you already have when boiling pasta; no extra purchase, but it must be produced and reserved.",cooking|pasta,false,
RESIDUE,confidence_low,water,reserved pasta cooking water,water,COMPONENT,low,water,,1,cup,true,"Reserved pasta cooking water is the same derivation from the water you already bought/drew, produced while cooking pasta.",cooking|pasta|reserved,false,
RESIDUE,confidence_medium,wine,dry red wine,red wine,SUBSUMES,medium,,red wine,,,,"""red wine"" is bare on the sweetness axis; ""dry"" fixes it. A demand for red wine is met by a dry red, but not vice versa. Generic is the second name.",dry,true,
RESIDUE,confidence_medium,wine,dry white wine,white wine,SUBSUMES,medium,,white wine,,,,"""white wine"" leaves sweetness open; ""dry"" fixes it. Generic is the second name.",dry,true,
RESIDUE,confidence_medium,zucchini,medium zucchini,zucchini,DISTINCT,medium,,,,,,"'Medium' names a particular size tier; bare 'zucchini' in recipes denotes the standard/default medium specimen rather than an umbrella over all sizes, so these are siblings (cf. yellow onion ~ medium yellow onion), not parent/child.",medium,false,
SPOTCHECK,auto_accepted_spot_check,pork,bulk italian sausage,italian sausage,SUBSUMES,high,,italian sausage,,,,"""Italian sausage"" is the bare generic; bulk specifies loose form. Second name is generic.",bulk,false,
SPOTCHECK,auto_accepted_spot_check,salsa,chunky salsa,salsa,SUBSUMES,high,,salsa,,,,"""salsa"" is the bare generic; ""chunky salsa"" fixes texture. A shopper needing salsa is served by chunky salsa, not conversely. Second name is the generic.",chunky,false,
SPOTCHECK,auto_accepted_spot_check,rice_grain,dried rice noodles,wide dried rice noodles (sen yai),SUBSUMES,high,,dried rice noodles,,,,'dried rice noodles' is bare on width; wide sen yai is a specific kind.,sen|wide|yai,false,
SPOTCHECK,auto_accepted_spot_check,rice_grain,long-grain brown rice,long-grain white rice,DISTINCT,high,,,,,,Brown versus white milling; two different bags.,brown|white,false,
SPOTCHECK,auto_accepted_spot_check,greens,fresh lacinato kale,lacinato kale,SYNONYM,high,,,,,,"Lacinato kale is sold fresh by default; ""fresh"" adds nothing.",fresh,true,
SPOTCHECK,auto_accepted_spot_check,chili,pinch of kashmiri red chili powder,red chili,DISTINCT,high,,,,,,Ground kashmiri powder vs a whole chile: separate purchases.,kashmiri|pinch|powder,true,
SPOTCHECK,auto_accepted_spot_check,bean_legume,canned pinto beans,dried pinto beans,DISTINCT,high,,,,,,Canned vs dried pinto beans are two different products.,canned|dried,true,
SPOTCHECK,auto_accepted_spot_check,pork,bone-in pork chops,"bone-in pork chops, about 1-inch thick",SUBSUMES,high,,bone-in pork chops,,,,Bare name is unspecified on thickness; 1-inch fixes it.,thick,false,
SPOTCHECK,auto_accepted_spot_check,tomato,canned whole peeled tomatoes,diced tomatoes,DISTINCT,high,,,,,,Whole peeled can vs diced can.,canned|diced|peeled|whole,true,
SPOTCHECK,auto_accepted_spot_check,poultry,boneless skinless turkey breast,cooked turkey breast,DISTINCT,high,,,,,,Raw turkey breast versus cooked turkey breast: two different purchases.,boneless|cooked|skinless,true,
SPOTCHECK,auto_accepted_spot_check,chili,canned diced green chiles,canned diced tomatoes with green chiles,DISTINCT,high,,,,,,A can of green chiles and a can of tomatoes-with-chiles are two different cans.,tomato,false,
SPOTCHECK,auto_accepted_spot_check,pepper_corn,green bell pepper,red bell pepper,DISTINCT,high,,,,,,Two specific colours; two purchases.,green|red,false,
SPOTCHECK,auto_accepted_spot_check,tomato,canned fire-roasted diced tomatoes,fire-roasted diced tomatoes,SYNONYM,high,,,,,,Same can; 'canned' is implied.,canned,true,
SPOTCHECK,auto_accepted_spot_check,flour_starch,cornmeal,yellow cornmeal,SUBSUMES,high,,cornmeal,,,,Bare 'cornmeal' subsumes the colour-specified 'yellow cornmeal'. Generic is the first name.,yellow,false,
SPOTCHECK,auto_accepted_spot_check,tomato,canned san marzano whole peeled tomatoes,whole peeled san marzano tomatoes,SYNONYM,high,,,,,,"Same can, words reordered.",canned,true,
SPOTCHECK,auto_accepted_spot_check,tomato,tomato,tomato passata,DISTINCT,high,,,,,,"Passata is a bottled product, a separate purchase.",passata,false,
SPOTCHECK,auto_accepted_spot_check,tomato,canned fire-roasted diced tomatoes,crushed fire-roasted tomatoes,DISTINCT,high,,,,,,Diced vs crushed: two different cans.,canned|crushed|diced,true,
SPOTCHECK,auto_accepted_spot_check,sugar,palm sugar,sugar,DISTINCT,high,,,,,,"Palm sugar is a distinct product from the default granulated white sugar denoted by ""sugar"".",palm,false,
SPOTCHECK,auto_accepted_spot_check,allium,garlic head,head of garlic,SYNONYM,high,,,,,,Word-order variants of the same purchase.,(identical),false,
SPOTCHECK,auto_accepted_spot_check,bean_legume,canned white cannellini beans,cannellini beans,SUBSUMES,high,,cannellini beans,,,,"'white' is redundant for cannellini, so the only real qualifier is 'canned'; the bare second name is the generic.",canned|white,true,
SPOTCHECK,auto_accepted_spot_check,chili,canned green chiles,dried whole red chilies,DISTINCT,high,,,,,,Canned green vs dried whole red chiles: separate purchases.,canned|dried|green|red|whole,true,
SPOTCHECK,auto_accepted_spot_check,beef,bone-in ribeye steaks,"bone-in ribeye steaks, about 1.25 inches thick",SUBSUMES,high,,bone-in ribeye steaks,,,,"Thickness axis unspecified in the first name, specified in the second.",25|thick,false,
SPOTCHECK,auto_accepted_spot_check,tomato,canned crushed san marzano tomatoes,canned san marzano whole peeled tomatoes,DISTINCT,high,,,,,,Crushed can vs whole peeled can: two different cans.,crushed|peeled|whole,true,
SPOTCHECK,auto_accepted_spot_check,rice_grain,rice noodles,rice vermicelli noodles,SUBSUMES,high,,rice noodles,,,,'rice noodles' is the bare generic; vermicelli is a specific thin kind.,vermicelli,false,
SPOTCHECK,auto_accepted_spot_check,pork,bone-in pork chops,bone-in thick-cut pork chops,SUBSUMES,high,,bone-in pork chops,,,,Bare name is unspecified on thickness; thick-cut is a specific kind.,cut|thick,false,
SPOTCHECK,auto_accepted_spot_check,allium,medium yellow onion,yellow onion,DISTINCT,high,,,,,,"Bare 'yellow onion' already means the standard medium bulb, a sibling size, not a parent.",medium,false,
SPOTCHECK,auto_accepted_spot_check,chili,red chili,red fresno chiles,SUBSUMES,high,,red chili,,,,Fresno is a specific variety of red chile. Generic is first.,fresno,false,
SPOTCHECK,auto_accepted_spot_check,seafood,skin-on salmon fillets,skinless salmon fillet,DISTINCT,high,,,,,,Two opposite specifics on the skin axis; a shopper needing one is not served by the other.,skin|skinless,false,
SPOTCHECK,auto_accepted_spot_check,wine,red wine,white wine,DISTINCT,high,,,,,,Two different wines specified on the same colour axis; two bottles.,red|white,false,
SPOTCHECK,auto_accepted_spot_check,greens,arugula,fresh arugula,SYNONYM,high,,,,,,"Arugula is sold fresh by default; ""fresh"" adds no distinguishing purchase decision.",fresh,true,
SPOTCHECK,auto_accepted_spot_check,chili,fresh red chili,fresh red thai chilies,SUBSUMES,high,,fresh red chili,,,,Thai chile is a specific variety of fresh red chile. Generic is first.,thai,false,
SPOTCHECK,auto_accepted_spot_check,chili,dried red chili flakes,red chili,DISTINCT,high,,,,,,Whole chile vs crushed dried flakes: separate purchases.,dried|flake,true,
SPOTCHECK,auto_accepted_spot_check,tomato,canned crushed san marzano tomatoes,san marzano whole peeled tomatoes,DISTINCT,high,,,,,,Crushed vs whole peeled: two different cans.,canned|crushed|peeled|whole,true,
SPOTCHECK,auto_accepted_spot_check,tomato,crushed tomatoes,fire-roasted crushed tomatoes,SUBSUMES,high,,crushed tomatoes,,,,First is the bare generic; fire-roasted is a specific kind.,fire|roasted,true,
SPOTCHECK,auto_accepted_spot_check,pork,hot italian sausage,mild italian sausage,DISTINCT,high,,,,,,Hot and mild are two sibling products on the heat axis.,hot|mild,false,
SPOTCHECK,auto_accepted_spot_check,cheese,shredded cheddar cheese,shredded sharp cheddar cheese,SUBSUMES,high,,shredded cheddar cheese,,,,"Within shredded bags, 'shredded cheddar' leaves sharpness open and sharp fills it in.",sharp,false,
SPOTCHECK,auto_accepted_spot_check,cheese,mozzarella cheese,shredded low-moisture mozzarella cheese,DISTINCT,high,,,,,,Block mozzarella versus a bag of shredded low-moisture mozzarella.,low|moisture|shredded,true,
SPOTCHECK,auto_accepted_spot_check,allium,garlic,garlic powder,DISTINCT,high,,,,,,Dried ground spice versus fresh bulb: separate purchases.,powder,true,
SPOTCHECK,auto_accepted_spot_check,sugar,dark brown sugar,white sugar,DISTINCT,high,,,,,,"Different products, two bags.",brown|dark|white,false,
SPOTCHECK,auto_accepted_spot_check,cheese,provolone,provolone cheese slices,DISTINCT,high,,,,,,Provolone block versus pre-sliced provolone: separate purchases.,cheese|slice,false,
SPOTCHECK,auto_accepted_spot_check,tomato,canned crushed tomatoes,crushed tomatoes,SYNONYM,high,,,,,,Crushed tomatoes are sold canned; same product.,canned,true,
SPOTCHECK,auto_accepted_spot_check,cheese,oaxacan cheese,oaxacan cheese (quesillo),SYNONYM,high,,,,,,"Quesillo is the same cheese, given parenthetically.",quesillo,false,
SPOTCHECK,auto_accepted_spot_check,seafood,large shell-on shrimp (16/20 count),shrimp,SUBSUMES,high,,shrimp,,,,Bare 'shrimp' is the generic; large shell-on 16/20 is a specific kind.,16|20|count|large|shell,false,
SPOTCHECK,auto_accepted_spot_check,root_veg,red potatoes,sweet potatoes,DISTINCT,high,,,,,,Two different vegetables.,red|sweet,false,
SPOTCHECK,auto_accepted_spot_check,flour_starch,large flour tortillas,small flour tortillas,DISTINCT,high,,,,,,Opposite size tiers — burrito size versus taquito size; two purchases.,large|small,false,
SPOTCHECK,auto_accepted_spot_check,pepper_corn,"black pepper, ground",ground black pepper,SYNONYM,high,,,,,,"Same product, word order only.",(identical),false,
SPOTCHECK,auto_accepted_spot_check,greens,lettuce,romaine lettuce,SUBSUMES,high,,lettuce,,,,"Romaine is a specific variety of the generic ""lettuce"" (first name).",romaine,false,
SPOTCHECK,auto_accepted_spot_check,allium,large yellow onion,red onion,DISTINCT,high,,,,,,Yellow versus red variety; both qualified.,large|red|yellow,false,
SPOTCHECK,auto_accepted_spot_check,soy_sauce,dark soy sauce,low-sodium soy sauce,DISTINCT,high,,,,,,"Both names are qualified, and on different axes (style/colour vs sodium level). Neither covers the other; a shopper with one must buy the other.",dark|low|sodium,false,
SPOTCHECK,auto_accepted_spot_check,chili,canned diced green chiles,dried whole red chilies,DISTINCT,high,,,,,,Canned green vs dried whole red chiles are unrelated purchases.,canned|diced|dried|green|red|whole,true,
SPOTCHECK,auto_accepted_spot_check,tomato,fresh tomatoes,whole canned tomatoes,DISTINCT,high,,,,,,Fresh produce vs a can.,canned|fresh|whole,true,
SPOTCHECK,auto_accepted_spot_check,kimchi,kimchi,kimchi juice,COMPONENT,high,kimchi,,0.5,cup,true,"Kimchi juice is the liquid from the same jar of kimchi — analogous to kimchi brine, so labeled the same way.",juice,true,
SPOTCHECK,auto_accepted_spot_check,pork,andouille smoked sausage,smoked sausage,SUBSUMES,high,,smoked sausage,,,,"""Smoked sausage"" is the bare generic; andouille is one specific kind of it. Second name is the generic.",andouille,false,
SPOTCHECK,auto_accepted_spot_check,cheese,shredded low-moisture whole-milk mozzarella,whole milk mozzarella,DISTINCT,high,,,,,,Pre-shredded bag versus a whole-milk mozzarella block.,low|moisture|shredded,true,
SPOTCHECK,auto_accepted_spot_check,herb,fresh mint,fresh mint leaves,COMPONENT,high,fresh mint,,1,cup,true,Leaves only discards the mint stems from the purchased bunch.,leaf,false,
SPOTCHECK,auto_accepted_spot_check,tomato,condensed tomato soup,tomato,DISTINCT,high,,,,,,A can of soup is a separate purchase from a tomato.,condensed|soup,false,
SPOTCHECK,auto_accepted_spot_check,pork,bone-in pork chops,"bone-in pork chops, about 1 inch thick",SUBSUMES,high,,bone-in pork chops,,,,"Bare ""bone-in pork chops"" is unspecified on thickness; 1-inch is a specific kind.",thick,false,
SPOTCHECK,auto_accepted_spot_check,tomato,crushed fire-roasted tomatoes,tomato,DISTINCT,high,,,,,,Canned fire-roasted product vs fresh tomato.,crushed|fire|roasted,true,
SPOTCHECK,auto_accepted_spot_check,root_veg,carrots,frozen peas and carrots,DISTINCT,high,,,,,,A frozen mixed-vegetable bag is a separate purchase from fresh carrots.,frozen|pea,true,
SPOTCHECK,auto_accepted_spot_check,tomato,canned san marzano crushed tomatoes,canned whole san marzano tomatoes,DISTINCT,high,,,,,,Crushed vs whole: two different cans.,crushed|whole,true,
