rank,category,parent_dish,dish,primary_axis,cross_axis_used,axis_note,short_of_target,short_reason
26,Mexican/Tex-Mex,Chicken Quesadillas,Classic Chicken and Cheese Quesadillas,preparation,false,"Chicken quesadillas have genuine latitude in filling style, seasoning, and add-ins — the wardrobe is real and changes what a person actually eats.",false,
26,Mexican/Tex-Mex,Chicken Quesadillas,BBQ Chicken Quesadillas,preparation,false,"Chicken quesadillas have genuine latitude in filling style, seasoning, and add-ins — the wardrobe is real and changes what a person actually eats.",false,
26,Mexican/Tex-Mex,Chicken Quesadillas,Chicken Fajita Quesadillas,preparation,false,"Chicken quesadillas have genuine latitude in filling style, seasoning, and add-ins — the wardrobe is real and changes what a person actually eats.",false,
26,Mexican/Tex-Mex,Chicken Quesadillas,"Chicken, Black Bean, and Roasted Corn Quesadillas",preparation,false,"Chicken quesadillas have genuine latitude in filling style, seasoning, and add-ins — the wardrobe is real and changes what a person actually eats.",false,
26,Mexican/Tex-Mex,Chicken Quesadillas,Chicken and Roasted Green Chile Quesadillas,preparation,false,"Chicken quesadillas have genuine latitude in filling style, seasoning, and add-ins — the wardrobe is real and changes what a person actually eats.",false,
27,Seafood,Shrimp Scampi,Shrimp Scampi over Linguine,accompaniment,false,"Shrimp scampi has a canonical form — shrimp in white wine, garlic, butter, and lemon — that shouldn't be altered; the natural variation is what starchy base or side absorbs the sauce and rounds out the plate.",false,
27,Seafood,Shrimp Scampi,Shrimp Scampi over Angel Hair Pasta,accompaniment,false,"Shrimp scampi has a canonical form — shrimp in white wine, garlic, butter, and lemon — that shouldn't be altered; the natural variation is what starchy base or side absorbs the sauce and rounds out the plate.",false,
27,Seafood,Shrimp Scampi,Shrimp Scampi with Crusty Bread,accompaniment,false,"Shrimp scampi has a canonical form — shrimp in white wine, garlic, butter, and lemon — that shouldn't be altered; the natural variation is what starchy base or side absorbs the sauce and rounds out the plate.",false,
27,Seafood,Shrimp Scampi,Shrimp Scampi over Creamy Polenta,accompaniment,false,"Shrimp scampi has a canonical form — shrimp in white wine, garlic, butter, and lemon — that shouldn't be altered; the natural variation is what starchy base or side absorbs the sauce and rounds out the plate.",false,
27,Seafood,Shrimp Scampi,Shrimp Scampi over Zucchini Noodles,accompaniment,false,"Shrimp scampi has a canonical form — shrimp in white wine, garlic, butter, and lemon — that shouldn't be altered; the natural variation is what starchy base or side absorbs the sauce and rounds out the plate.",false,
28,Italian-American,Baked Ziti,Classic Meat Sauce Baked Ziti,preparation,false,"Baked ziti has genuine latitude in its filling, sauce, and protein — meat sauce, ricotta-heavy, sausage-based, and vegetable versions are all real, distinct dinners a home cook would choose between.",true,"A fifth distinct version would require either repeating a protein swap already covered or inventing a combination (e.g., a seafood baked ziti) that falls outside the dish's actual home-cooking wardrobe; four honest versions beat five padded ones."
28,Italian-American,Baked Ziti,Ricotta and Three-Cheese Baked Ziti,preparation,false,"Baked ziti has genuine latitude in its filling, sauce, and protein — meat sauce, ricotta-heavy, sausage-based, and vegetable versions are all real, distinct dinners a home cook would choose between.",true,"A fifth distinct version would require either repeating a protein swap already covered or inventing a combination (e.g., a seafood baked ziti) that falls outside the dish's actual home-cooking wardrobe; four honest versions beat five padded ones."
28,Italian-American,Baked Ziti,Italian Sausage and Pepper Baked Ziti,preparation,false,"Baked ziti has genuine latitude in its filling, sauce, and protein — meat sauce, ricotta-heavy, sausage-based, and vegetable versions are all real, distinct dinners a home cook would choose between.",true,"A fifth distinct version would require either repeating a protein swap already covered or inventing a combination (e.g., a seafood baked ziti) that falls outside the dish's actual home-cooking wardrobe; four honest versions beat five padded ones."
28,Italian-American,Baked Ziti,Roasted Vegetable Baked Ziti,preparation,false,"Baked ziti has genuine latitude in its filling, sauce, and protein — meat sauce, ricotta-heavy, sausage-based, and vegetable versions are all real, distinct dinners a home cook would choose between.",true,"A fifth distinct version would require either repeating a protein swap already covered or inventing a combination (e.g., a seafood baked ziti) that falls outside the dish's actual home-cooking wardrobe; four honest versions beat five padded ones."
29,Sandwiches/Burgers,Turkey Burgers,"Classic Turkey Burger with Lettuce, Tomato, and Dijonnaise",preparation,false,"Turkey burgers have real latitude in seasoning, toppings, and style — the patty itself can be built many different ways, and each combination produces a genuinely different dinner.",false,
29,Sandwiches/Burgers,Turkey Burgers,BBQ Turkey Burger with Cheddar and Crispy Onion Strings,preparation,false,"Turkey burgers have real latitude in seasoning, toppings, and style — the patty itself can be built many different ways, and each combination produces a genuinely different dinner.",false,
29,Sandwiches/Burgers,Turkey Burgers,"Mediterranean Turkey Burger with Feta, Cucumber, and Tzatziki",preparation,false,"Turkey burgers have real latitude in seasoning, toppings, and style — the patty itself can be built many different ways, and each combination produces a genuinely different dinner.",false,
29,Sandwiches/Burgers,Turkey Burgers,Mushroom-Swiss Turkey Burger with Garlic Aioli,preparation,false,"Turkey burgers have real latitude in seasoning, toppings, and style — the patty itself can be built many different ways, and each combination produces a genuinely different dinner.",false,
29,Sandwiches/Burgers,Turkey Burgers,"Spicy Southwest Turkey Burger with Pepper Jack, Avocado, and Chipotle Mayo",preparation,false,"Turkey burgers have real latitude in seasoning, toppings, and style — the patty itself can be built many different ways, and each combination produces a genuinely different dinner.",false,
30,Asian-American,Chicken Fried Rice,Classic Takeout-Style Chicken Fried Rice,preparation,false,"Chicken fried rice has real latitude in seasoning, aromatics, mix-ins, and regional style while remaining a complete one-pan meal that needs no accompaniment axis.",false,
30,Asian-American,Chicken Fried Rice,Spicy Sriracha Chicken Fried Rice,preparation,false,"Chicken fried rice has real latitude in seasoning, aromatics, mix-ins, and regional style while remaining a complete one-pan meal that needs no accompaniment axis.",false,
30,Asian-American,Chicken Fried Rice,Pineapple Chicken Fried Rice,preparation,false,"Chicken fried rice has real latitude in seasoning, aromatics, mix-ins, and regional style while remaining a complete one-pan meal that needs no accompaniment axis.",false,
30,Asian-American,Chicken Fried Rice,Kimchi Chicken Fried Rice,preparation,false,"Chicken fried rice has real latitude in seasoning, aromatics, mix-ins, and regional style while remaining a complete one-pan meal that needs no accompaniment axis.",false,
30,Asian-American,Chicken Fried Rice,Garlic Butter Chicken Fried Rice,preparation,false,"Chicken fried rice has real latitude in seasoning, aromatics, mix-ins, and regional style while remaining a complete one-pan meal that needs no accompaniment axis.",false,
31,Indian/South Asian,Chicken Tikka Masala,Classic Chicken Tikka Masala,preparation,false,"The sauce's heat level, richness, and aromatics vary meaningfully across home versions, and the rice or bread served alongside is too embedded in the dish's identity to anchor versions — the real differences live in the masala itself.",true,"Chicken tikka masala has genuine variation in heat, richness, and smoky depth, but the dish's core structure — marinated grilled chicken in a spiced tomato-cream sauce — is stable enough that a fifth distinct version would require padding near-identical preparations or misidentifying a different dish."
31,Indian/South Asian,Chicken Tikka Masala,Smoky Charred Chicken Tikka Masala,preparation,false,"The sauce's heat level, richness, and aromatics vary meaningfully across home versions, and the rice or bread served alongside is too embedded in the dish's identity to anchor versions — the real differences live in the masala itself.",true,"Chicken tikka masala has genuine variation in heat, richness, and smoky depth, but the dish's core structure — marinated grilled chicken in a spiced tomato-cream sauce — is stable enough that a fifth distinct version would require padding near-identical preparations or misidentifying a different dish."
31,Indian/South Asian,Chicken Tikka Masala,Spicy Chicken Tikka Masala,preparation,false,"The sauce's heat level, richness, and aromatics vary meaningfully across home versions, and the rice or bread served alongside is too embedded in the dish's identity to anchor versions — the real differences live in the masala itself.",true,"Chicken tikka masala has genuine variation in heat, richness, and smoky depth, but the dish's core structure — marinated grilled chicken in a spiced tomato-cream sauce — is stable enough that a fifth distinct version would require padding near-identical preparations or misidentifying a different dish."
31,Indian/South Asian,Chicken Tikka Masala,Coconut Milk Chicken Tikka Masala,preparation,false,"The sauce's heat level, richness, and aromatics vary meaningfully across home versions, and the rice or bread served alongside is too embedded in the dish's identity to anchor versions — the real differences live in the masala itself.",true,"Chicken tikka masala has genuine variation in heat, richness, and smoky depth, but the dish's core structure — marinated grilled chicken in a spiced tomato-cream sauce — is stable enough that a fifth distinct version would require padding near-identical preparations or misidentifying a different dish."
32,Mexican/Tex-Mex,Beef Enchiladas,Red Chile Beef Enchiladas,preparation,false,"Beef enchiladas have real latitude in the sauce, filling mix, and cheese profile — these choices genuinely change what ends up on the plate.",false,
32,Mexican/Tex-Mex,Beef Enchiladas,Green Chile Beef Enchiladas,preparation,false,"Beef enchiladas have real latitude in the sauce, filling mix, and cheese profile — these choices genuinely change what ends up on the plate.",false,
32,Mexican/Tex-Mex,Beef Enchiladas,Beef and Bean Enchiladas with Red Sauce,preparation,false,"Beef enchiladas have real latitude in the sauce, filling mix, and cheese profile — these choices genuinely change what ends up on the plate.",false,
32,Mexican/Tex-Mex,Beef Enchiladas,Creamy Beef Enchiladas with Sour Cream Sauce,preparation,false,"Beef enchiladas have real latitude in the sauce, filling mix, and cheese profile — these choices genuinely change what ends up on the plate.",false,
32,Mexican/Tex-Mex,Beef Enchiladas,Beef Enchiladas Verdes with Roasted Tomatillo Sauce,preparation,false,"Beef enchiladas have real latitude in the sauce, filling mix, and cheese profile — these choices genuinely change what ends up on the plate.",false,
33,Mexican/Tex-Mex,Chicken Enchiladas,Red Sauce Chicken Enchiladas,preparation,false,"Chicken enchiladas have real latitude in sauce, filling, and cheese — red, green, white, and mole sauces each produce a genuinely different dinner, and the filling can shift meaningfully between shredded, roasted, or creamy styles.",false,
33,Mexican/Tex-Mex,Chicken Enchiladas,Green Chile Chicken Enchiladas,preparation,false,"Chicken enchiladas have real latitude in sauce, filling, and cheese — red, green, white, and mole sauces each produce a genuinely different dinner, and the filling can shift meaningfully between shredded, roasted, or creamy styles.",false,
33,Mexican/Tex-Mex,Chicken Enchiladas,Creamy White Chicken Enchiladas,preparation,false,"Chicken enchiladas have real latitude in sauce, filling, and cheese — red, green, white, and mole sauces each produce a genuinely different dinner, and the filling can shift meaningfully between shredded, roasted, or creamy styles.",false,
33,Mexican/Tex-Mex,Chicken Enchiladas,Mole Chicken Enchiladas,preparation,false,"Chicken enchiladas have real latitude in sauce, filling, and cheese — red, green, white, and mole sauces each produce a genuinely different dinner, and the filling can shift meaningfully between shredded, roasted, or creamy styles.",false,
33,Mexican/Tex-Mex,Chicken Enchiladas,Roasted Poblano and Chicken Enchiladas,preparation,false,"Chicken enchiladas have real latitude in sauce, filling, and cheese — red, green, white, and mole sauces each produce a genuinely different dinner, and the filling can shift meaningfully between shredded, roasted, or creamy styles.",false,
34,Pork,Sheet-Pan Sausage and Peppers,Classic Italian Sausage and Peppers with Onions,preparation,false,"The sausage type, seasoning profile, and accompanying vegetables give this dish real latitude in its own preparation — the sheet-pan format is the identity, and the wardrobe is wide.",false,
34,Pork,Sheet-Pan Sausage and Peppers,Spicy Calabrese Sausage and Peppers with Cherry Tomatoes,preparation,false,"The sausage type, seasoning profile, and accompanying vegetables give this dish real latitude in its own preparation — the sheet-pan format is the identity, and the wardrobe is wide.",false,
34,Pork,Sheet-Pan Sausage and Peppers,Sweet Sausage and Peppers with Balsamic Glaze,preparation,false,"The sausage type, seasoning profile, and accompanying vegetables give this dish real latitude in its own preparation — the sheet-pan format is the identity, and the wardrobe is wide.",false,
34,Pork,Sheet-Pan Sausage and Peppers,Smoked Sausage and Peppers with Potatoes and Smoked Paprika,preparation,false,"The sausage type, seasoning profile, and accompanying vegetables give this dish real latitude in its own preparation — the sheet-pan format is the identity, and the wardrobe is wide.",false,
34,Pork,Sheet-Pan Sausage and Peppers,Chicken Sausage and Peppers with Zucchini and Herb Seasoning,preparation,false,"The sausage type, seasoning profile, and accompanying vegetables give this dish real latitude in its own preparation — the sheet-pan format is the identity, and the wardrobe is wide.",false,
35,Asian-American,Teriyaki Chicken,Grilled Teriyaki Chicken Thighs with Steamed Rice and Cucumber Salad,preparation,false,"Teriyaki chicken has genuine latitude in cut, cooking method, and glaze character, producing meaningfully different dinners — grilled thighs, sheet-pan, broiled, skillet — each with its own texture and flavor profile, served over the canonical rice base.",false,
35,Asian-American,Teriyaki Chicken,Broiled Teriyaki Chicken with Sesame Broccoli and White Rice,preparation,false,"Teriyaki chicken has genuine latitude in cut, cooking method, and glaze character, producing meaningfully different dinners — grilled thighs, sheet-pan, broiled, skillet — each with its own texture and flavor profile, served over the canonical rice base.",false,
35,Asian-American,Teriyaki Chicken,Skillet Teriyaki Chicken with Stir-Fried Vegetables and Rice,preparation,false,"Teriyaki chicken has genuine latitude in cut, cooking method, and glaze character, producing meaningfully different dinners — grilled thighs, sheet-pan, broiled, skillet — each with its own texture and flavor profile, served over the canonical rice base.",false,
35,Asian-American,Teriyaki Chicken,Sheet-Pan Teriyaki Chicken with Roasted Bok Choy and Rice,preparation,false,"Teriyaki chicken has genuine latitude in cut, cooking method, and glaze character, producing meaningfully different dinners — grilled thighs, sheet-pan, broiled, skillet — each with its own texture and flavor profile, served over the canonical rice base.",false,
35,Asian-American,Teriyaki Chicken,"Teriyaki Chicken Rice Bowl with Pickled Carrots, Edamame, and Sriracha Mayo",preparation,false,"Teriyaki chicken has genuine latitude in cut, cooking method, and glaze character, producing meaningfully different dinners — grilled thighs, sheet-pan, broiled, skillet — each with its own texture and flavor profile, served over the canonical rice base.",false,
36,Grilling/BBQ,BBQ Baby Back Ribs,Classic Smoky BBQ Baby Back Ribs,preparation,false,"Baby back ribs have genuine latitude in rub, glaze, smoke, and cooking method — these choices produce meaningfully different plates a diner would recognize and choose between.",false,
36,Grilling/BBQ,BBQ Baby Back Ribs,Sweet and Sticky Honey-Glazed Baby Back Ribs,preparation,false,"Baby back ribs have genuine latitude in rub, glaze, smoke, and cooking method — these choices produce meaningfully different plates a diner would recognize and choose between.",false,
36,Grilling/BBQ,BBQ Baby Back Ribs,Spicy Dry-Rub Baby Back Ribs,preparation,false,"Baby back ribs have genuine latitude in rub, glaze, smoke, and cooking method — these choices produce meaningfully different plates a diner would recognize and choose between.",false,
36,Grilling/BBQ,BBQ Baby Back Ribs,Kansas City-Style Baby Back Ribs,preparation,false,"Baby back ribs have genuine latitude in rub, glaze, smoke, and cooking method — these choices produce meaningfully different plates a diner would recognize and choose between.",false,
36,Grilling/BBQ,BBQ Baby Back Ribs,Oven-Braised Baby Back Ribs with BBQ Finish,preparation,false,"Baby back ribs have genuine latitude in rub, glaze, smoke, and cooking method — these choices produce meaningfully different plates a diner would recognize and choose between.",false,
37,Salads/Bowls,Chicken Caesar Salad,Grilled Chicken Caesar Salad,preparation,false,"Chicken Caesar Salad has genuine latitude in how the chicken is prepared and how the salad is built — grilled, crispy, or roasted chicken; classic romaine versus heartier greens; warm versus cold; wrap or bowl form all produce meaningfully different dinners.",true,A fifth distinct version would require either a protein swap that changes the dish's identity or a near-clone of an existing version; four versions cover the real wardrobe without padding.
37,Salads/Bowls,Chicken Caesar Salad,Crispy Chicken Caesar Salad,preparation,false,"Chicken Caesar Salad has genuine latitude in how the chicken is prepared and how the salad is built — grilled, crispy, or roasted chicken; classic romaine versus heartier greens; warm versus cold; wrap or bowl form all produce meaningfully different dinners.",true,A fifth distinct version would require either a protein swap that changes the dish's identity or a near-clone of an existing version; four versions cover the real wardrobe without padding.
37,Salads/Bowls,Chicken Caesar Salad,Warm Roasted Chicken Caesar Salad,preparation,false,"Chicken Caesar Salad has genuine latitude in how the chicken is prepared and how the salad is built — grilled, crispy, or roasted chicken; classic romaine versus heartier greens; warm versus cold; wrap or bowl form all produce meaningfully different dinners.",true,A fifth distinct version would require either a protein swap that changes the dish's identity or a near-clone of an existing version; four versions cover the real wardrobe without padding.
37,Salads/Bowls,Chicken Caesar Salad,Chicken Caesar Wrap,preparation,false,"Chicken Caesar Salad has genuine latitude in how the chicken is prepared and how the salad is built — grilled, crispy, or roasted chicken; classic romaine versus heartier greens; warm versus cold; wrap or bowl form all produce meaningfully different dinners.",true,A fifth distinct version would require either a protein swap that changes the dish's identity or a near-clone of an existing version; four versions cover the real wardrobe without padding.
38,Beef,Beef Stroganoff,Classic Beef Stroganoff over Egg Noodles,preparation,false,"Stroganoff has real latitude in the cut of beef, the sauce profile, and the starch it's served over — all of which change what a person actually eats.",true,The dish's identity (sour-cream mushroom sauce over a starch) is firm enough that a fifth distinct version would require either misidentifying the dish or padding with a near-clone — the four versions here cover the genuine range.
38,Beef,Beef Stroganoff,Sirloin Stroganoff with Dijon and Egg Noodles,preparation,false,"Stroganoff has real latitude in the cut of beef, the sauce profile, and the starch it's served over — all of which change what a person actually eats.",true,The dish's identity (sour-cream mushroom sauce over a starch) is firm enough that a fifth distinct version would require either misidentifying the dish or padding with a near-clone — the four versions here cover the genuine range.
38,Beef,Beef Stroganoff,Ground Beef Stroganoff over Egg Noodles,preparation,false,"Stroganoff has real latitude in the cut of beef, the sauce profile, and the starch it's served over — all of which change what a person actually eats.",true,The dish's identity (sour-cream mushroom sauce over a starch) is firm enough that a fifth distinct version would require either misidentifying the dish or padding with a near-clone — the four versions here cover the genuine range.
38,Beef,Beef Stroganoff,Slow-Cooked Chuck Stroganoff over Mashed Potatoes,preparation,false,"Stroganoff has real latitude in the cut of beef, the sauce profile, and the starch it's served over — all of which change what a person actually eats.",true,The dish's identity (sour-cream mushroom sauce over a starch) is firm enough that a fifth distinct version would require either misidentifying the dish or padding with a near-clone — the four versions here cover the genuine range.
39,Casseroles/Bakes,Chicken Pot Pie,Classic Double-Crust Chicken Pot Pie,preparation,false,"Chicken pot pie has genuine latitude in crust style, vessel, and filling seasoning — these produce meaningfully different dinners a person would choose between.",false,
39,Casseroles/Bakes,Chicken Pot Pie,Chicken Pot Pie with Biscuit Topping,preparation,false,"Chicken pot pie has genuine latitude in crust style, vessel, and filling seasoning — these produce meaningfully different dinners a person would choose between.",false,
39,Casseroles/Bakes,Chicken Pot Pie,Skillet Chicken Pot Pie with Puff Pastry,preparation,false,"Chicken pot pie has genuine latitude in crust style, vessel, and filling seasoning — these produce meaningfully different dinners a person would choose between.",false,
39,Casseroles/Bakes,Chicken Pot Pie,Chicken Pot Pie with Herb and Leek Filling,preparation,false,"Chicken pot pie has genuine latitude in crust style, vessel, and filling seasoning — these produce meaningfully different dinners a person would choose between.",false,
39,Casseroles/Bakes,Chicken Pot Pie,Individual Chicken Pot Pies,preparation,false,"Chicken pot pie has genuine latitude in crust style, vessel, and filling seasoning — these produce meaningfully different dinners a person would choose between.",false,
40,Chicken,Buffalo Wings,"Buffalo Wings with Celery, Carrots, and Blue Cheese Dip",accompaniment,false,"Buffalo wings have one correct form — fried, tossed in cayenne-butter sauce — so versions differ by what's served alongside to complete the plate.",true,Buffalo wings are already a near-complete snack-dinner; only a handful of distinct accompaniment combinations genuinely round them into different full plates without feeling forced or redundant.
40,Chicken,Buffalo Wings,Buffalo Wings with Ranch Slaw and Waffle Fries,accompaniment,false,"Buffalo wings have one correct form — fried, tossed in cayenne-butter sauce — so versions differ by what's served alongside to complete the plate.",true,Buffalo wings are already a near-complete snack-dinner; only a handful of distinct accompaniment combinations genuinely round them into different full plates without feeling forced or redundant.
40,Chicken,Buffalo Wings,Buffalo Wings with Corn on the Cob and Potato Wedges,accompaniment,false,"Buffalo wings have one correct form — fried, tossed in cayenne-butter sauce — so versions differ by what's served alongside to complete the plate.",true,Buffalo wings are already a near-complete snack-dinner; only a handful of distinct accompaniment combinations genuinely round them into different full plates without feeling forced or redundant.
40,Chicken,Buffalo Wings,Buffalo Wings with a Crisp Iceberg Wedge Salad,accompaniment,false,"Buffalo wings have one correct form — fried, tossed in cayenne-butter sauce — so versions differ by what's served alongside to complete the plate.",true,Buffalo wings are already a near-complete snack-dinner; only a handful of distinct accompaniment combinations genuinely round them into different full plates without feeling forced or redundant.
41,Beef,Grilled Sirloin Steak,Grilled Sirloin Steak with Garlic Mashed Potatoes and Roasted Asparagus,accompaniment,false,Grilled sirloin steak has one correct form — seasoned and grilled over high heat — so versions come from what completes the plate alongside it.,false,
41,Beef,Grilled Sirloin Steak,"Grilled Sirloin Steak with Chimichurri, Grilled Corn, and Crispy Potatoes",accompaniment,false,Grilled sirloin steak has one correct form — seasoned and grilled over high heat — so versions come from what completes the plate alongside it.,false,
41,Beef,Grilled Sirloin Steak,Grilled Sirloin Steak with Caesar Salad and Crusty Bread,accompaniment,false,Grilled sirloin steak has one correct form — seasoned and grilled over high heat — so versions come from what completes the plate alongside it.,false,
41,Beef,Grilled Sirloin Steak,Grilled Sirloin Steak with Baked Potato and Steakhouse Creamed Spinach,accompaniment,false,Grilled sirloin steak has one correct form — seasoned and grilled over high heat — so versions come from what completes the plate alongside it.,false,
41,Beef,Grilled Sirloin Steak,"Grilled Sirloin Steak with Mushroom Pan Sauce, Green Beans, and Rice Pilaf",accompaniment,false,Grilled sirloin steak has one correct form — seasoned and grilled over high heat — so versions come from what completes the plate alongside it.,false,
42,Chicken,Honey Garlic Chicken Thighs,Classic Sticky Honey Garlic Chicken Thighs,preparation,false,"The glaze, cooking method, and seasoning profile all have genuine latitude — stovetop, oven, and grill each produce a meaningfully different dinner, and the sauce can shift from sticky-sweet to spicy to citrus-bright without losing the dish's identity.",false,
42,Chicken,Honey Garlic Chicken Thighs,Spicy Honey Garlic Chicken Thighs,preparation,false,"The glaze, cooking method, and seasoning profile all have genuine latitude — stovetop, oven, and grill each produce a meaningfully different dinner, and the sauce can shift from sticky-sweet to spicy to citrus-bright without losing the dish's identity.",false,
42,Chicken,Honey Garlic Chicken Thighs,Honey Garlic Chicken Thighs with Soy and Ginger,preparation,false,"The glaze, cooking method, and seasoning profile all have genuine latitude — stovetop, oven, and grill each produce a meaningfully different dinner, and the sauce can shift from sticky-sweet to spicy to citrus-bright without losing the dish's identity.",false,
42,Chicken,Honey Garlic Chicken Thighs,Lemon Honey Garlic Chicken Thighs,preparation,false,"The glaze, cooking method, and seasoning profile all have genuine latitude — stovetop, oven, and grill each produce a meaningfully different dinner, and the sauce can shift from sticky-sweet to spicy to citrus-bright without losing the dish's identity.",false,
42,Chicken,Honey Garlic Chicken Thighs,Grilled Honey Garlic Chicken Thighs,preparation,false,"The glaze, cooking method, and seasoning profile all have genuine latitude — stovetop, oven, and grill each produce a meaningfully different dinner, and the sauce can shift from sticky-sweet to spicy to citrus-bright without losing the dish's identity.",false,
43,Indian/South Asian,Chicken Curry,North Indian Chicken Curry,preparation,false,"Chicken curry has enormous real variation in spice base, sauce character, and regional style — each version produces a genuinely different dinner.",false,
43,Indian/South Asian,Chicken Curry,Coconut Chicken Curry,preparation,false,"Chicken curry has enormous real variation in spice base, sauce character, and regional style — each version produces a genuinely different dinner.",false,
43,Indian/South Asian,Chicken Curry,Chicken Saag,preparation,false,"Chicken curry has enormous real variation in spice base, sauce character, and regional style — each version produces a genuinely different dinner.",false,
43,Indian/South Asian,Chicken Curry,Yellow Chicken Curry,preparation,false,"Chicken curry has enormous real variation in spice base, sauce character, and regional style — each version produces a genuinely different dinner.",false,
44,Mexican/Tex-Mex,Fish Tacos,Baja-Style Beer-Battered Fish Tacos with Chipotle Crema and Cabbage Slaw,preparation,false,"Fish tacos vary meaningfully in how the fish is prepared and what dresses the taco — battered and fried, grilled, blackened, and their respective toppings and sauces are genuinely different eating experiences.",true,A fifth distinct version would require either repeating a preparation style or inventing a contrived distinction that wouldn't change what a person actually eats; four real versions beat five padded ones.
44,Mexican/Tex-Mex,Fish Tacos,"Grilled Fish Tacos with Avocado, Pico de Gallo, and Lime Crema",preparation,false,"Fish tacos vary meaningfully in how the fish is prepared and what dresses the taco — battered and fried, grilled, blackened, and their respective toppings and sauces are genuinely different eating experiences.",true,A fifth distinct version would require either repeating a preparation style or inventing a contrived distinction that wouldn't change what a person actually eats; four real versions beat five padded ones.
44,Mexican/Tex-Mex,Fish Tacos,Blackened Fish Tacos with Mango Salsa and Jalapeño Slaw,preparation,false,"Fish tacos vary meaningfully in how the fish is prepared and what dresses the taco — battered and fried, grilled, blackened, and their respective toppings and sauces are genuinely different eating experiences.",true,A fifth distinct version would require either repeating a preparation style or inventing a contrived distinction that wouldn't change what a person actually eats; four real versions beat five padded ones.
44,Mexican/Tex-Mex,Fish Tacos,Crispy Panko Fish Tacos with Pickled Red Onion and Cilantro-Lime Sauce,preparation,false,"Fish tacos vary meaningfully in how the fish is prepared and what dresses the taco — battered and fried, grilled, blackened, and their respective toppings and sauces are genuinely different eating experiences.",true,A fifth distinct version would require either repeating a preparation style or inventing a contrived distinction that wouldn't change what a person actually eats; four real versions beat five padded ones.
45,Casseroles/Bakes,Tuna Noodle Casserole,Classic Tuna Noodle Casserole with Crushed Cracker Topping,preparation,false,"Tuna noodle casserole has real latitude in its sauce base, topping, and mix-ins while remaining a complete one-dish meal that needs no separate sides.",true,The dish's identity is narrow enough that a fifth distinct version would require either duplicating a topping variation already covered or inventing a change substantial enough to make it a different casserole entirely.
45,Casseroles/Bakes,Tuna Noodle Casserole,Creamy Tuna Noodle Casserole with Buttered Breadcrumb Crust,preparation,false,"Tuna noodle casserole has real latitude in its sauce base, topping, and mix-ins while remaining a complete one-dish meal that needs no separate sides.",true,The dish's identity is narrow enough that a fifth distinct version would require either duplicating a topping variation already covered or inventing a change substantial enough to make it a different casserole entirely.
45,Casseroles/Bakes,Tuna Noodle Casserole,Cheesy Tuna Noodle Casserole with Cheddar and Crispy Onion Topping,preparation,false,"Tuna noodle casserole has real latitude in its sauce base, topping, and mix-ins while remaining a complete one-dish meal that needs no separate sides.",true,The dish's identity is narrow enough that a fifth distinct version would require either duplicating a topping variation already covered or inventing a change substantial enough to make it a different casserole entirely.
45,Casseroles/Bakes,Tuna Noodle Casserole,"Tuna Noodle Casserole with Peas, Lemon, and Parmesan Breadcrumbs",preparation,false,"Tuna noodle casserole has real latitude in its sauce base, topping, and mix-ins while remaining a complete one-dish meal that needs no separate sides.",true,The dish's identity is narrow enough that a fifth distinct version would require either duplicating a topping variation already covered or inventing a change substantial enough to make it a different casserole entirely.
46,Casseroles/Bakes,Stuffed Bell Peppers,Classic Beef and Rice Stuffed Bell Peppers,preparation,false,"Stuffed bell peppers have wide latitude in filling — protein, grain, seasoning, and sauce all vary meaningfully, producing genuinely different dinners while the dish's identity (a pepper vessel stuffed and baked) stays intact.",false,
46,Casseroles/Bakes,Stuffed Bell Peppers,Italian Sausage and Marinara Stuffed Bell Peppers,preparation,false,"Stuffed bell peppers have wide latitude in filling — protein, grain, seasoning, and sauce all vary meaningfully, producing genuinely different dinners while the dish's identity (a pepper vessel stuffed and baked) stays intact.",false,
46,Casseroles/Bakes,Stuffed Bell Peppers,Tex-Mex Ground Beef Stuffed Bell Peppers,preparation,false,"Stuffed bell peppers have wide latitude in filling — protein, grain, seasoning, and sauce all vary meaningfully, producing genuinely different dinners while the dish's identity (a pepper vessel stuffed and baked) stays intact.",false,
46,Casseroles/Bakes,Stuffed Bell Peppers,Turkey and Quinoa Stuffed Bell Peppers,preparation,false,"Stuffed bell peppers have wide latitude in filling — protein, grain, seasoning, and sauce all vary meaningfully, producing genuinely different dinners while the dish's identity (a pepper vessel stuffed and baked) stays intact.",false,
46,Casseroles/Bakes,Stuffed Bell Peppers,Vegetarian Black Bean and Corn Stuffed Bell Peppers,preparation,false,"Stuffed bell peppers have wide latitude in filling — protein, grain, seasoning, and sauce all vary meaningfully, producing genuinely different dinners while the dish's identity (a pepper vessel stuffed and baked) stays intact.",false,
47,Casseroles/Bakes,Cheesy Chicken and Rice Casserole,Classic Cream of Mushroom Cheesy Chicken and Rice Casserole,preparation,false,"The cheese profile, aromatics, vegetables mixed in, and seasoning direction all vary meaningfully while the dish remains the same baked chicken-and-rice casserole.",false,
47,Casseroles/Bakes,Cheesy Chicken and Rice Casserole,Broccoli Cheddar Chicken and Rice Casserole,preparation,false,"The cheese profile, aromatics, vegetables mixed in, and seasoning direction all vary meaningfully while the dish remains the same baked chicken-and-rice casserole.",false,
47,Casseroles/Bakes,Cheesy Chicken and Rice Casserole,Tex-Mex Chicken and Rice Casserole,preparation,false,"The cheese profile, aromatics, vegetables mixed in, and seasoning direction all vary meaningfully while the dish remains the same baked chicken-and-rice casserole.",false,
47,Casseroles/Bakes,Cheesy Chicken and Rice Casserole,Garlic Parmesan Chicken and Rice Casserole,preparation,false,"The cheese profile, aromatics, vegetables mixed in, and seasoning direction all vary meaningfully while the dish remains the same baked chicken-and-rice casserole.",false,
47,Casseroles/Bakes,Cheesy Chicken and Rice Casserole,Green Chile and Pepper Jack Chicken and Rice Casserole,preparation,false,"The cheese profile, aromatics, vegetables mixed in, and seasoning direction all vary meaningfully while the dish remains the same baked chicken-and-rice casserole.",false,
48,Pasta,Spaghetti Carbonara,Classic Spaghetti Carbonara,preparation,false,"Carbonara has a fixed custard-and-cured-pork identity but real latitude in the cut of pork, the pasta shape, and the richness of the egg-to-yolk ratio, giving it genuine preparation-level versions without leaving the dish.",true,"Carbonara's identity is tightly defined — egg yolks, hard cheese, cured pork, black pepper, no cream — so most apparent variations are ordinary substitutions (pancetta for guanciale) or cross into a different dish entirely (adding cream, swapping in chicken); only three genuinely distinct versions hold up without padding or adulterating the dish."
48,Pasta,Spaghetti Carbonara,Carbonara with Crispy Pancetta,preparation,false,"Carbonara has a fixed custard-and-cured-pork identity but real latitude in the cut of pork, the pasta shape, and the richness of the egg-to-yolk ratio, giving it genuine preparation-level versions without leaving the dish.",true,"Carbonara's identity is tightly defined — egg yolks, hard cheese, cured pork, black pepper, no cream — so most apparent variations are ordinary substitutions (pancetta for guanciale) or cross into a different dish entirely (adding cream, swapping in chicken); only three genuinely distinct versions hold up without padding or adulterating the dish."
48,Pasta,Spaghetti Carbonara,Rigatoni Carbonara,preparation,false,"Carbonara has a fixed custard-and-cured-pork identity but real latitude in the cut of pork, the pasta shape, and the richness of the egg-to-yolk ratio, giving it genuine preparation-level versions without leaving the dish.",true,"Carbonara's identity is tightly defined — egg yolks, hard cheese, cured pork, black pepper, no cream — so most apparent variations are ordinary substitutions (pancetta for guanciale) or cross into a different dish entirely (adding cream, swapping in chicken); only three genuinely distinct versions hold up without padding or adulterating the dish."
49,Sandwiches/Burgers,Smash Burgers,Classic American Smash Burger,preparation,false,"Smash burgers have a fixed technique but real latitude in cheese, toppings, and sauce — these combinations produce genuinely different dinners.",false,
49,Sandwiches/Burgers,Smash Burgers,Double Smash Burger with Special Sauce,preparation,false,"Smash burgers have a fixed technique but real latitude in cheese, toppings, and sauce — these combinations produce genuinely different dinners.",false,
49,Sandwiches/Burgers,Smash Burgers,Mushroom and Swiss Smash Burger,preparation,false,"Smash burgers have a fixed technique but real latitude in cheese, toppings, and sauce — these combinations produce genuinely different dinners.",false,
49,Sandwiches/Burgers,Smash Burgers,Bacon Jalapeño Smash Burger,preparation,false,"Smash burgers have a fixed technique but real latitude in cheese, toppings, and sauce — these combinations produce genuinely different dinners.",false,
49,Sandwiches/Burgers,Smash Burgers,Patty Melt Smash Burger,preparation,false,"Smash burgers have a fixed technique but real latitude in cheese, toppings, and sauce — these combinations produce genuinely different dinners.",false,
50,Mexican/Tex-Mex,Beef Burrito Bowls,Classic Seasoned Ground Beef Burrito Bowl,preparation,false,"Burrito bowls have real latitude in seasoning, beef preparation, and build — the same rice-and-bean base can be dressed very differently while remaining a burrito bowl.",false,
50,Mexican/Tex-Mex,Beef Burrito Bowls,Chipotle-Braised Beef Burrito Bowl,preparation,false,"Burrito bowls have real latitude in seasoning, beef preparation, and build — the same rice-and-bean base can be dressed very differently while remaining a burrito bowl.",false,
50,Mexican/Tex-Mex,Beef Burrito Bowls,Carne Asada Burrito Bowl,preparation,false,"Burrito bowls have real latitude in seasoning, beef preparation, and build — the same rice-and-bean base can be dressed very differently while remaining a burrito bowl.",false,
50,Mexican/Tex-Mex,Beef Burrito Bowls,Green Chile Beef Burrito Bowl,preparation,false,"Burrito bowls have real latitude in seasoning, beef preparation, and build — the same rice-and-bean base can be dressed very differently while remaining a burrito bowl.",false,
50,Mexican/Tex-Mex,Beef Burrito Bowls,Birria-Style Beef Burrito Bowl,preparation,false,"Burrito bowls have real latitude in seasoning, beef preparation, and build — the same rice-and-bean base can be dressed very differently while remaining a burrito bowl.",false,
51,Mexican/Tex-Mex,Chicken Fajitas,Classic Sizzling Chicken Fajitas,preparation,false,"Chicken fajitas have real latitude in how the chicken is seasoned and cooked, and what fills the tortilla alongside it — these choices together define meaningfully different dinners.",false,
51,Mexican/Tex-Mex,Chicken Fajitas,Smoky Chipotle Chicken Fajitas,preparation,false,"Chicken fajitas have real latitude in how the chicken is seasoned and cooked, and what fills the tortilla alongside it — these choices together define meaningfully different dinners.",false,
51,Mexican/Tex-Mex,Chicken Fajitas,Citrus-Marinated Grilled Chicken Fajitas,preparation,false,"Chicken fajitas have real latitude in how the chicken is seasoned and cooked, and what fills the tortilla alongside it — these choices together define meaningfully different dinners.",false,
51,Mexican/Tex-Mex,Chicken Fajitas,Chicken Fajitas with Roasted Poblano and Corn,preparation,false,"Chicken fajitas have real latitude in how the chicken is seasoned and cooked, and what fills the tortilla alongside it — these choices together define meaningfully different dinners.",false,
52,Seafood,Grilled Salmon,Lemon-Herb Grilled Salmon with Roasted Asparagus,preparation,false,"Grilled salmon takes a wide range of glazes, seasonings, and marinades that genuinely change what you taste, making preparation the natural axis; accompaniments vary freely within each version.",false,
52,Seafood,Grilled Salmon,Honey-Soy Glazed Grilled Salmon with Steamed Jasmine Rice,preparation,false,"Grilled salmon takes a wide range of glazes, seasonings, and marinades that genuinely change what you taste, making preparation the natural axis; accompaniments vary freely within each version.",false,
52,Seafood,Grilled Salmon,Cajun Grilled Salmon with Corn and Tomato Salad,preparation,false,"Grilled salmon takes a wide range of glazes, seasonings, and marinades that genuinely change what you taste, making preparation the natural axis; accompaniments vary freely within each version.",false,
52,Seafood,Grilled Salmon,Brown Sugar and Mustard Grilled Salmon with Roasted Baby Potatoes,preparation,false,"Grilled salmon takes a wide range of glazes, seasonings, and marinades that genuinely change what you taste, making preparation the natural axis; accompaniments vary freely within each version.",false,
52,Seafood,Grilled Salmon,Garlic Butter Grilled Salmon with Crisp Caesar Salad,preparation,false,"Grilled salmon takes a wide range of glazes, seasonings, and marinades that genuinely change what you taste, making preparation the natural axis; accompaniments vary freely within each version.",false,
53,Chicken,Chicken Tenders,Classic Buttermilk Fried Chicken Tenders,preparation,false,"Chicken tenders have wide latitude in coating, seasoning, and cooking method, producing genuinely different dinners; the dipping sauce and sides shift with each version naturally.",false,
53,Chicken,Chicken Tenders,Crispy Baked Panko Chicken Tenders,preparation,false,"Chicken tenders have wide latitude in coating, seasoning, and cooking method, producing genuinely different dinners; the dipping sauce and sides shift with each version naturally.",false,
53,Chicken,Chicken Tenders,Nashville Hot Chicken Tenders,preparation,false,"Chicken tenders have wide latitude in coating, seasoning, and cooking method, producing genuinely different dinners; the dipping sauce and sides shift with each version naturally.",false,
53,Chicken,Chicken Tenders,Honey Garlic Glazed Chicken Tenders,preparation,false,"Chicken tenders have wide latitude in coating, seasoning, and cooking method, producing genuinely different dinners; the dipping sauce and sides shift with each version naturally.",false,
53,Chicken,Chicken Tenders,Parmesan-Crusted Chicken Tenders,preparation,false,"Chicken tenders have wide latitude in coating, seasoning, and cooking method, producing genuinely different dinners; the dipping sauce and sides shift with each version naturally.",false,
54,Mexican/Tex-Mex,Beef Fajitas,Classic Skirt Steak Fajitas with Lime-Cumin Marinade,preparation,false,"Beef fajitas have real latitude in the cut of beef, marinade profile, and how the meat and peppers are cooked, making preparation the natural axis for meaningful variation.",false,
54,Mexican/Tex-Mex,Beef Fajitas,Smoky Chipotle Flank Steak Fajitas,preparation,false,"Beef fajitas have real latitude in the cut of beef, marinade profile, and how the meat and peppers are cooked, making preparation the natural axis for meaningful variation.",false,
54,Mexican/Tex-Mex,Beef Fajitas,Carne Asada Fajitas with Charred Salsa Verde,preparation,false,"Beef fajitas have real latitude in the cut of beef, marinade profile, and how the meat and peppers are cooked, making preparation the natural axis for meaningful variation.",false,
54,Mexican/Tex-Mex,Beef Fajitas,Chili-Rubbed Fajitas with Caramelized Onions and Peppers,preparation,false,"Beef fajitas have real latitude in the cut of beef, marinade profile, and how the meat and peppers are cooked, making preparation the natural axis for meaningful variation.",false,
54,Mexican/Tex-Mex,Beef Fajitas,Beef Fajita Bowls with Cilantro-Lime Rice and Black Beans,preparation,false,"Beef fajitas have real latitude in the cut of beef, marinade profile, and how the meat and peppers are cooked, making preparation the natural axis for meaningful variation.",false,
55,Soups/Stews/Chili,Chili Mac,Classic Beef Chili Mac,preparation,false,"Chili Mac has real latitude in its chili base, protein, heat level, and how the mac and cheese element is incorporated — these choices produce genuinely different dinners.",false,
55,Soups/Stews/Chili,Chili Mac,Smoky Turkey Chili Mac,preparation,false,"Chili Mac has real latitude in its chili base, protein, heat level, and how the mac and cheese element is incorporated — these choices produce genuinely different dinners.",false,
55,Soups/Stews/Chili,Chili Mac,Spicy Three-Bean Chili Mac,preparation,false,"Chili Mac has real latitude in its chili base, protein, heat level, and how the mac and cheese element is incorporated — these choices produce genuinely different dinners.",false,
55,Soups/Stews/Chili,Chili Mac,White Chicken Chili Mac,preparation,false,"Chili Mac has real latitude in its chili base, protein, heat level, and how the mac and cheese element is incorporated — these choices produce genuinely different dinners.",false,
55,Soups/Stews/Chili,Chili Mac,Baked Chili Mac with Cheddar Crust,preparation,false,"Chili Mac has real latitude in its chili base, protein, heat level, and how the mac and cheese element is incorporated — these choices produce genuinely different dinners.",false,
56,Soups/Stews/Chili,Chicken and Dumplings,Classic Southern Chicken and Dumplings,preparation,false,"Chicken and dumplings has genuine latitude in both the broth base and the dumpling style, producing meaningfully different eating experiences across versions.",false,
56,Soups/Stews/Chili,Chicken and Dumplings,Fluffy Drop-Dumpling Chicken Stew,preparation,false,"Chicken and dumplings has genuine latitude in both the broth base and the dumpling style, producing meaningfully different eating experiences across versions.",false,
56,Soups/Stews/Chili,Chicken and Dumplings,Creamy Chicken and Rolled Dumplings,preparation,false,"Chicken and dumplings has genuine latitude in both the broth base and the dumpling style, producing meaningfully different eating experiences across versions.",false,
56,Soups/Stews/Chili,Chicken and Dumplings,Herb and Vegetable Chicken and Dumplings,preparation,false,"Chicken and dumplings has genuine latitude in both the broth base and the dumpling style, producing meaningfully different eating experiences across versions.",false,
56,Soups/Stews/Chili,Chicken and Dumplings,Slow-Cooker Chicken and Dumplings,preparation,false,"Chicken and dumplings has genuine latitude in both the broth base and the dumpling style, producing meaningfully different eating experiences across versions.",false,
57,Pork,Baked Pork Chops,Garlic and Herb Baked Pork Chops with Roasted Potatoes,preparation,false,"Baked pork chops have real latitude in seasoning, glazes, and coatings — from a simple herb crust to a tangy barbecue glaze to a creamy pan sauce — making preparation the natural axis.",false,
57,Pork,Baked Pork Chops,Honey Mustard Glazed Baked Pork Chops with Roasted Green Beans,preparation,false,"Baked pork chops have real latitude in seasoning, glazes, and coatings — from a simple herb crust to a tangy barbecue glaze to a creamy pan sauce — making preparation the natural axis.",false,
57,Pork,Baked Pork Chops,BBQ Baked Pork Chops with Creamy Coleslaw,preparation,false,"Baked pork chops have real latitude in seasoning, glazes, and coatings — from a simple herb crust to a tangy barbecue glaze to a creamy pan sauce — making preparation the natural axis.",false,
57,Pork,Baked Pork Chops,Parmesan-Crusted Baked Pork Chops with Garlic Butter Broccoli,preparation,false,"Baked pork chops have real latitude in seasoning, glazes, and coatings — from a simple herb crust to a tangy barbecue glaze to a creamy pan sauce — making preparation the natural axis.",false,
57,Pork,Baked Pork Chops,Smothered Baked Pork Chops with Onion Gravy and Mashed Potatoes,preparation,false,"Baked pork chops have real latitude in seasoning, glazes, and coatings — from a simple herb crust to a tangy barbecue glaze to a creamy pan sauce — making preparation the natural axis.",false,
58,Asian-American,General Tso's Chicken,Classic General Tso's Chicken,preparation,false,"General Tso's has real latitude in its sauce profile, heat level, and the style of its crispy chicken — these choices genuinely change what you eat, while the dish always remains battered, fried chicken in a sweet-savory-spicy glaze.",true,The dish's identity is tight enough that a fifth version would require either repeating a distinction already captured or inventing a contrast too minor to change what a person actually eats.
58,Asian-American,General Tso's Chicken,Extra-Crispy General Tso's Chicken,preparation,false,"General Tso's has real latitude in its sauce profile, heat level, and the style of its crispy chicken — these choices genuinely change what you eat, while the dish always remains battered, fried chicken in a sweet-savory-spicy glaze.",true,The dish's identity is tight enough that a fifth version would require either repeating a distinction already captured or inventing a contrast too minor to change what a person actually eats.
58,Asian-American,General Tso's Chicken,Spicy General Tso's Chicken,preparation,false,"General Tso's has real latitude in its sauce profile, heat level, and the style of its crispy chicken — these choices genuinely change what you eat, while the dish always remains battered, fried chicken in a sweet-savory-spicy glaze.",true,The dish's identity is tight enough that a fifth version would require either repeating a distinction already captured or inventing a contrast too minor to change what a person actually eats.
58,Asian-American,General Tso's Chicken,General Tso's Cauliflower,preparation,false,"General Tso's has real latitude in its sauce profile, heat level, and the style of its crispy chicken — these choices genuinely change what you eat, while the dish always remains battered, fried chicken in a sweet-savory-spicy glaze.",true,The dish's identity is tight enough that a fifth version would require either repeating a distinction already captured or inventing a contrast too minor to change what a person actually eats.
59,Asian-American,Orange Chicken,Classic Crispy Orange Chicken,preparation,false,"Orange chicken has real latitude in its sauce profile, fry style, and heat level, making preparation the natural axis — the orange-glazed fried chicken identity stays fixed while the dish's character shifts meaningfully across versions.",false,
59,Asian-American,Orange Chicken,Spicy Szechuan Orange Chicken,preparation,false,"Orange chicken has real latitude in its sauce profile, fry style, and heat level, making preparation the natural axis — the orange-glazed fried chicken identity stays fixed while the dish's character shifts meaningfully across versions.",false,
59,Asian-American,Orange Chicken,Sticky Honey-Orange Chicken,preparation,false,"Orange chicken has real latitude in its sauce profile, fry style, and heat level, making preparation the natural axis — the orange-glazed fried chicken identity stays fixed while the dish's character shifts meaningfully across versions.",false,
59,Asian-American,Orange Chicken,Baked Orange Chicken,preparation,false,"Orange chicken has real latitude in its sauce profile, fry style, and heat level, making preparation the natural axis — the orange-glazed fried chicken identity stays fixed while the dish's character shifts meaningfully across versions.",false,
59,Asian-American,Orange Chicken,Ginger-Orange Chicken,preparation,false,"Orange chicken has real latitude in its sauce profile, fry style, and heat level, making preparation the natural axis — the orange-glazed fried chicken identity stays fixed while the dish's character shifts meaningfully across versions.",false,
60,Mexican/Tex-Mex,Carnitas Tacos,"Carnitas Tacos with Salsa Verde, White Onion, and Cilantro",accompaniment,false,"Carnitas has one correct preparation — long-braised, crisped pork — so the dish varies by what tops and accompanies the taco, not by changing the meat itself.",false,
60,Mexican/Tex-Mex,Carnitas Tacos,"Carnitas Tacos with Pickled Red Onion, Cotija, and Chipotle Crema",accompaniment,false,"Carnitas has one correct preparation — long-braised, crisped pork — so the dish varies by what tops and accompanies the taco, not by changing the meat itself.",false,
60,Mexican/Tex-Mex,Carnitas Tacos,"Carnitas Tacos with Fresh Pico de Gallo, Avocado, and Lime",accompaniment,false,"Carnitas has one correct preparation — long-braised, crisped pork — so the dish varies by what tops and accompanies the taco, not by changing the meat itself.",false,
60,Mexican/Tex-Mex,Carnitas Tacos,Carnitas Tacos with Charred Corn Salsa and Jalapeño Slaw,accompaniment,false,"Carnitas has one correct preparation — long-braised, crisped pork — so the dish varies by what tops and accompanies the taco, not by changing the meat itself.",false,
60,Mexican/Tex-Mex,Carnitas Tacos,Carnitas Tacos with Roasted Tomatillo Salsa and Queso Fresco,accompaniment,false,"Carnitas has one correct preparation — long-braised, crisped pork — so the dish varies by what tops and accompanies the taco, not by changing the meat itself.",false,
61,Mexican/Tex-Mex,Carne Asada Tacos,Street-Style Carne Asada Tacos,preparation,false,"Carne asada tacos have real latitude in the marinade, char level, tortilla choice, and toppings, all of which change what the diner actually tastes and chooses.",false,
61,Mexican/Tex-Mex,Carne Asada Tacos,Smoky Chipotle Carne Asada Tacos,preparation,false,"Carne asada tacos have real latitude in the marinade, char level, tortilla choice, and toppings, all of which change what the diner actually tastes and chooses.",false,
61,Mexican/Tex-Mex,Carne Asada Tacos,Citrus-Marinated Carne Asada Tacos with Pickled Red Onion,preparation,false,"Carne asada tacos have real latitude in the marinade, char level, tortilla choice, and toppings, all of which change what the diner actually tastes and chooses.",false,
61,Mexican/Tex-Mex,Carne Asada Tacos,Crispy Flour Tortilla Carne Asada Tacos with Cotija and Crema,preparation,false,"Carne asada tacos have real latitude in the marinade, char level, tortilla choice, and toppings, all of which change what the diner actually tastes and chooses.",false,
61,Mexican/Tex-Mex,Carne Asada Tacos,Charred Salsa Verde Carne Asada Tacos,preparation,false,"Carne asada tacos have real latitude in the marinade, char level, tortilla choice, and toppings, all of which change what the diner actually tastes and chooses.",false,
62,Mexican/Tex-Mex,Al Pastor Tacos,Al Pastor Tacos with Charred Street Corn,accompaniment,false,"Al pastor has a canonical preparation — achiote-marinated pork cooked on a trompo or griddle with pineapple, served on small corn tortillas with onion and cilantro — so the dish itself stays intact and versions differ by what rounds out the plate.",true,"Al pastor tacos are already a complete, self-contained meal; only four accompaniment pairings produce genuinely different dinners without forcing artificial distinctions — a fifth would duplicate one of the existing plates."
62,Mexican/Tex-Mex,Al Pastor Tacos,Al Pastor Tacos with Black Bean and Avocado Salad,accompaniment,false,"Al pastor has a canonical preparation — achiote-marinated pork cooked on a trompo or griddle with pineapple, served on small corn tortillas with onion and cilantro — so the dish itself stays intact and versions differ by what rounds out the plate.",true,"Al pastor tacos are already a complete, self-contained meal; only four accompaniment pairings produce genuinely different dinners without forcing artificial distinctions — a fifth would duplicate one of the existing plates."
62,Mexican/Tex-Mex,Al Pastor Tacos,Al Pastor Tacos with Mexican Rice and Pickled Jalapeños,accompaniment,false,"Al pastor has a canonical preparation — achiote-marinated pork cooked on a trompo or griddle with pineapple, served on small corn tortillas with onion and cilantro — so the dish itself stays intact and versions differ by what rounds out the plate.",true,"Al pastor tacos are already a complete, self-contained meal; only four accompaniment pairings produce genuinely different dinners without forcing artificial distinctions — a fifth would duplicate one of the existing plates."
62,Mexican/Tex-Mex,Al Pastor Tacos,Al Pastor Tacos with Refried Beans and Radish Slaw,accompaniment,false,"Al pastor has a canonical preparation — achiote-marinated pork cooked on a trompo or griddle with pineapple, served on small corn tortillas with onion and cilantro — so the dish itself stays intact and versions differ by what rounds out the plate.",true,"Al pastor tacos are already a complete, self-contained meal; only four accompaniment pairings produce genuinely different dinners without forcing artificial distinctions — a fifth would duplicate one of the existing plates."
63,Mexican/Tex-Mex,Shrimp Tacos,Baja Shrimp Tacos with Chipotle Crema and Cabbage Slaw,preparation,false,"Shrimp tacos have real latitude in how the shrimp is cooked and seasoned, the sauce, and the toppings — these choices produce genuinely different dinners.",false,
63,Mexican/Tex-Mex,Shrimp Tacos,Grilled Shrimp Tacos with Avocado and Pico de Gallo,preparation,false,"Shrimp tacos have real latitude in how the shrimp is cooked and seasoned, the sauce, and the toppings — these choices produce genuinely different dinners.",false,
63,Mexican/Tex-Mex,Shrimp Tacos,Crispy Fried Shrimp Tacos with Jalapeño Ranch and Pickled Red Onion,preparation,false,"Shrimp tacos have real latitude in how the shrimp is cooked and seasoned, the sauce, and the toppings — these choices produce genuinely different dinners.",false,
63,Mexican/Tex-Mex,Shrimp Tacos,Garlic-Butter Shrimp Tacos with Cotija and Roasted Corn Salsa,preparation,false,"Shrimp tacos have real latitude in how the shrimp is cooked and seasoned, the sauce, and the toppings — these choices produce genuinely different dinners.",false,
63,Mexican/Tex-Mex,Shrimp Tacos,Blackened Shrimp Tacos with Mango Salsa and Lime Crema,preparation,false,"Shrimp tacos have real latitude in how the shrimp is cooked and seasoned, the sauce, and the toppings — these choices produce genuinely different dinners.",false,
64,Mexican/Tex-Mex,Chicken Tacos,Grilled Street Tacos with Cilantro and Onion,preparation,false,"Chicken tacos have wide latitude in how the chicken is cooked and seasoned, and the toppings and style of build change the dinner meaningfully — crispy vs. soft, grilled vs. braised, street-style vs. loaded.",false,
64,Mexican/Tex-Mex,Chicken Tacos,Crispy Chicken Tacos with Shredded Cabbage and Salsa Roja,preparation,false,"Chicken tacos have wide latitude in how the chicken is cooked and seasoned, and the toppings and style of build change the dinner meaningfully — crispy vs. soft, grilled vs. braised, street-style vs. loaded.",false,
64,Mexican/Tex-Mex,Chicken Tacos,Chipotle Braised Chicken Tacos with Pickled Jalapeños and Cotija,preparation,false,"Chicken tacos have wide latitude in how the chicken is cooked and seasoned, and the toppings and style of build change the dinner meaningfully — crispy vs. soft, grilled vs. braised, street-style vs. loaded.",false,
64,Mexican/Tex-Mex,Chicken Tacos,Chicken Tinga Tacos with Avocado and Crema,preparation,false,"Chicken tacos have wide latitude in how the chicken is cooked and seasoned, and the toppings and style of build change the dinner meaningfully — crispy vs. soft, grilled vs. braised, street-style vs. loaded.",false,
64,Mexican/Tex-Mex,Chicken Tacos,Baja-Style Chicken Tacos with Lime Slaw and Chipotle Mayo,preparation,false,"Chicken tacos have wide latitude in how the chicken is cooked and seasoned, and the toppings and style of build change the dinner meaningfully — crispy vs. soft, grilled vs. braised, street-style vs. loaded.",false,
65,Chicken,Baked Bone-In Chicken Thighs,Crispy Herb-Roasted Chicken Thighs with Roasted Potatoes and Green Beans,preparation,false,"Bone-in chicken thighs take well to a wide range of rubs, glazes, and marinades that genuinely change the flavor profile and what belongs alongside them.",false,
65,Chicken,Baked Bone-In Chicken Thighs,Honey Garlic Glazed Chicken Thighs with Steamed Rice and Broccoli,preparation,false,"Bone-in chicken thighs take well to a wide range of rubs, glazes, and marinades that genuinely change the flavor profile and what belongs alongside them.",false,
65,Chicken,Baked Bone-In Chicken Thighs,Smoky Paprika Chicken Thighs with Corn on the Cob and Cucumber Salad,preparation,false,"Bone-in chicken thighs take well to a wide range of rubs, glazes, and marinades that genuinely change the flavor profile and what belongs alongside them.",false,
65,Chicken,Baked Bone-In Chicken Thighs,Lemon-Herb Chicken Thighs with Orzo and Roasted Zucchini,preparation,false,"Bone-in chicken thighs take well to a wide range of rubs, glazes, and marinades that genuinely change the flavor profile and what belongs alongside them.",false,
65,Chicken,Baked Bone-In Chicken Thighs,Harissa Chicken Thighs with Couscous and a Tomato-Cucumber Salad,preparation,false,"Bone-in chicken thighs take well to a wide range of rubs, glazes, and marinades that genuinely change the flavor profile and what belongs alongside them.",false,
66,Chicken,Grilled Chicken Thighs,Classic BBQ Grilled Chicken Thighs,preparation,false,"Grilled chicken thighs take on genuinely different characters through marinade, glaze, and seasoning — the same cut dressed in very different flavors produces distinct dinners.",false,
66,Chicken,Grilled Chicken Thighs,Lemon-Herb Grilled Chicken Thighs,preparation,false,"Grilled chicken thighs take on genuinely different characters through marinade, glaze, and seasoning — the same cut dressed in very different flavors produces distinct dinners.",false,
66,Chicken,Grilled Chicken Thighs,Spicy Chipotle Grilled Chicken Thighs,preparation,false,"Grilled chicken thighs take on genuinely different characters through marinade, glaze, and seasoning — the same cut dressed in very different flavors produces distinct dinners.",false,
66,Chicken,Grilled Chicken Thighs,Teriyaki Grilled Chicken Thighs,preparation,false,"Grilled chicken thighs take on genuinely different characters through marinade, glaze, and seasoning — the same cut dressed in very different flavors produces distinct dinners.",false,
66,Chicken,Grilled Chicken Thighs,Greek-Style Grilled Chicken Thighs,preparation,false,"Grilled chicken thighs take on genuinely different characters through marinade, glaze, and seasoning — the same cut dressed in very different flavors produces distinct dinners.",false,
67,Beef,Pan-Seared Ribeye Steak,Pan-Seared Ribeye with Garlic Mashed Potatoes and Roasted Asparagus,accompaniment,false,"A properly pan-seared ribeye has one correct form — high heat, butter-basted, seasoned with salt and pepper — so versions are best distinguished by what rounds it into a full dinner.",false,
67,Beef,Pan-Seared Ribeye Steak,Pan-Seared Ribeye with Crispy Smashed Potatoes and Creamed Spinach,accompaniment,false,"A properly pan-seared ribeye has one correct form — high heat, butter-basted, seasoned with salt and pepper — so versions are best distinguished by what rounds it into a full dinner.",false,
67,Beef,Pan-Seared Ribeye Steak,Pan-Seared Ribeye with Steak Fries and a Simple Wedge Salad,accompaniment,false,"A properly pan-seared ribeye has one correct form — high heat, butter-basted, seasoned with salt and pepper — so versions are best distinguished by what rounds it into a full dinner.",false,
67,Beef,Pan-Seared Ribeye Steak,Pan-Seared Ribeye with Roasted Mushrooms and a Dressed Arugula Salad,accompaniment,false,"A properly pan-seared ribeye has one correct form — high heat, butter-basted, seasoned with salt and pepper — so versions are best distinguished by what rounds it into a full dinner.",false,
67,Beef,Pan-Seared Ribeye Steak,Pan-Seared Ribeye with Buttered Egg Noodles and Pickled Red Onions,accompaniment,false,"A properly pan-seared ribeye has one correct form — high heat, butter-basted, seasoned with salt and pepper — so versions are best distinguished by what rounds it into a full dinner.",false,
68,Mexican/Tex-Mex,Beef and Bean Burritos,Classic Tex-Mex Beef and Bean Burrito,preparation,false,"Beef and bean burritos have genuine latitude in seasoning, build, and style — from wet smothered to griddled crispy — making preparation the natural axis for distinct versions.",false,
68,Mexican/Tex-Mex,Beef and Bean Burritos,Smothered Beef and Bean Burrito with Red Chile Sauce,preparation,false,"Beef and bean burritos have genuine latitude in seasoning, build, and style — from wet smothered to griddled crispy — making preparation the natural axis for distinct versions.",false,
68,Mexican/Tex-Mex,Beef and Bean Burritos,Crispy Griddled Beef and Bean Burrito,preparation,false,"Beef and bean burritos have genuine latitude in seasoning, build, and style — from wet smothered to griddled crispy — making preparation the natural axis for distinct versions.",false,
68,Mexican/Tex-Mex,Beef and Bean Burritos,Green Chile Beef and Bean Burrito,preparation,false,"Beef and bean burritos have genuine latitude in seasoning, build, and style — from wet smothered to griddled crispy — making preparation the natural axis for distinct versions.",false,
68,Mexican/Tex-Mex,Beef and Bean Burritos,Chipotle-Spiced Beef and Black Bean Burrito,preparation,false,"Beef and bean burritos have genuine latitude in seasoning, build, and style — from wet smothered to griddled crispy — making preparation the natural axis for distinct versions.",false,
69,Mexican/Tex-Mex,Chicken Burrito Bowls,Classic Cilantro-Lime Chicken Burrito Bowl,preparation,false,"The bowl format invites real variation in how the chicken is seasoned and cooked, what grains and beans anchor the bowl, and what toppings and sauces finish it — producing genuinely different dinners.",false,
69,Mexican/Tex-Mex,Chicken Burrito Bowls,Smoky Chipotle Chicken Burrito Bowl,preparation,false,"The bowl format invites real variation in how the chicken is seasoned and cooked, what grains and beans anchor the bowl, and what toppings and sauces finish it — producing genuinely different dinners.",false,
69,Mexican/Tex-Mex,Chicken Burrito Bowls,Green Chile and Salsa Verde Chicken Burrito Bowl,preparation,false,"The bowl format invites real variation in how the chicken is seasoned and cooked, what grains and beans anchor the bowl, and what toppings and sauces finish it — producing genuinely different dinners.",false,
69,Mexican/Tex-Mex,Chicken Burrito Bowls,Adobo-Grilled Chicken Burrito Bowl with Street Corn,preparation,false,"The bowl format invites real variation in how the chicken is seasoned and cooked, what grains and beans anchor the bowl, and what toppings and sauces finish it — producing genuinely different dinners.",false,
69,Mexican/Tex-Mex,Chicken Burrito Bowls,Crispy Chicken Burrito Bowl with Pickled Jalapeños and Avocado Crema,preparation,false,"The bowl format invites real variation in how the chicken is seasoned and cooked, what grains and beans anchor the bowl, and what toppings and sauces finish it — producing genuinely different dinners.",false,
70,Seafood,Baked Cod,Lemon-Herb Baked Cod,preparation,false,"Baked cod is a lean, mild fish with real latitude in seasoning, crust, and glaze — preparation is where meaningful versions emerge.",false,
70,Seafood,Baked Cod,Parmesan-Crusted Baked Cod,preparation,false,"Baked cod is a lean, mild fish with real latitude in seasoning, crust, and glaze — preparation is where meaningful versions emerge.",false,
70,Seafood,Baked Cod,Garlic Butter Baked Cod,preparation,false,"Baked cod is a lean, mild fish with real latitude in seasoning, crust, and glaze — preparation is where meaningful versions emerge.",false,
70,Seafood,Baked Cod,Mediterranean Baked Cod with Tomatoes and Olives,preparation,false,"Baked cod is a lean, mild fish with real latitude in seasoning, crust, and glaze — preparation is where meaningful versions emerge.",false,
70,Seafood,Baked Cod,Panko-Crusted Baked Cod with Dijon,preparation,false,"Baked cod is a lean, mild fish with real latitude in seasoning, crust, and glaze — preparation is where meaningful versions emerge.",false,
71,Beef,Salisbury Steak,Classic Salisbury Steak with Brown Onion Gravy and Mashed Potatoes,preparation,false,"Salisbury steak has real latitude in its gravy, seasoning blend, and mix-ins, and is typically plated with sides that vary meaningfully — preparation captures the most honest distinctions.",true,A fifth distinct version would require either repeating a gravy style already used or inventing a distinction too minor to change what a person actually eats.
71,Beef,Salisbury Steak,Mushroom Salisbury Steak with Egg Noodles,preparation,false,"Salisbury steak has real latitude in its gravy, seasoning blend, and mix-ins, and is typically plated with sides that vary meaningfully — preparation captures the most honest distinctions.",true,A fifth distinct version would require either repeating a gravy style already used or inventing a distinction too minor to change what a person actually eats.
71,Beef,Salisbury Steak,French Onion Salisbury Steak with Gruyère and Crusty Bread,preparation,false,"Salisbury steak has real latitude in its gravy, seasoning blend, and mix-ins, and is typically plated with sides that vary meaningfully — preparation captures the most honest distinctions.",true,A fifth distinct version would require either repeating a gravy style already used or inventing a distinction too minor to change what a person actually eats.
71,Beef,Salisbury Steak,Smoky Salisbury Steak with Roasted Garlic Gravy and Green Beans,preparation,false,"Salisbury steak has real latitude in its gravy, seasoning blend, and mix-ins, and is typically plated with sides that vary meaningfully — preparation captures the most honest distinctions.",true,A fifth distinct version would require either repeating a gravy style already used or inventing a distinction too minor to change what a person actually eats.
72,Italian-American,Chicken Marsala,Chicken Marsala with Buttered Egg Noodles,accompaniment,false,Chicken Marsala has a canonical form — pan-seared chicken cutlets with a Marsala-mushroom pan sauce — that shouldn't be altered; the natural variation is in what rounds out the plate.,true,"A fifth distinct accompaniment pairing cannot be added without either duplicating an existing one or forcing an incoherent plate; four pairings cover the genuine range of sides that balance this rich, savory dish."
72,Italian-American,Chicken Marsala,Chicken Marsala with Creamy Mashed Potatoes,accompaniment,false,Chicken Marsala has a canonical form — pan-seared chicken cutlets with a Marsala-mushroom pan sauce — that shouldn't be altered; the natural variation is in what rounds out the plate.,true,"A fifth distinct accompaniment pairing cannot be added without either duplicating an existing one or forcing an incoherent plate; four pairings cover the genuine range of sides that balance this rich, savory dish."
72,Italian-American,Chicken Marsala,Chicken Marsala with Soft Polenta,accompaniment,false,Chicken Marsala has a canonical form — pan-seared chicken cutlets with a Marsala-mushroom pan sauce — that shouldn't be altered; the natural variation is in what rounds out the plate.,true,"A fifth distinct accompaniment pairing cannot be added without either duplicating an existing one or forcing an incoherent plate; four pairings cover the genuine range of sides that balance this rich, savory dish."
72,Italian-American,Chicken Marsala,Chicken Marsala with Roasted Asparagus and Crusty Bread,accompaniment,false,Chicken Marsala has a canonical form — pan-seared chicken cutlets with a Marsala-mushroom pan sauce — that shouldn't be altered; the natural variation is in what rounds out the plate.,true,"A fifth distinct accompaniment pairing cannot be added without either duplicating an existing one or forcing an incoherent plate; four pairings cover the genuine range of sides that balance this rich, savory dish."
73,Italian-American,Chicken Piccata,Chicken Piccata with Angel Hair Pasta,accompaniment,false,Chicken piccata has one correct form — pounded cutlets in a lemon-caper-butter pan sauce — so versions come from what rounds the plate into a full dinner.,true,"The canonical piccata is fixed and the accompaniment space, while real, yields only four genuinely distinct dinners before pairings become arbitrary or repetitive."
73,Italian-American,Chicken Piccata,Chicken Piccata with Creamy Polenta,accompaniment,false,Chicken piccata has one correct form — pounded cutlets in a lemon-caper-butter pan sauce — so versions come from what rounds the plate into a full dinner.,true,"The canonical piccata is fixed and the accompaniment space, while real, yields only four genuinely distinct dinners before pairings become arbitrary or repetitive."
73,Italian-American,Chicken Piccata,Chicken Piccata with Roasted Potatoes and Green Beans,accompaniment,false,Chicken piccata has one correct form — pounded cutlets in a lemon-caper-butter pan sauce — so versions come from what rounds the plate into a full dinner.,true,"The canonical piccata is fixed and the accompaniment space, while real, yields only four genuinely distinct dinners before pairings become arbitrary or repetitive."
73,Italian-American,Chicken Piccata,Chicken Piccata with Wilted Spinach and Crusty Bread,accompaniment,false,Chicken piccata has one correct form — pounded cutlets in a lemon-caper-butter pan sauce — so versions come from what rounds the plate into a full dinner.,true,"The canonical piccata is fixed and the accompaniment space, while real, yields only four genuinely distinct dinners before pairings become arbitrary or repetitive."
74,Casseroles/Bakes,Shepherd's Pie,Classic Lamb Shepherd's Pie,preparation,false,"Shepherd's pie has real latitude in its filling, seasoning, and topping — the mashed potato crown and braised-meat base are the identity, but the meat, aromatics, vegetables, and finish all vary meaningfully across home kitchens.",false,
74,Casseroles/Bakes,Shepherd's Pie,Beef and Guinness Cottage Pie,preparation,false,"Shepherd's pie has real latitude in its filling, seasoning, and topping — the mashed potato crown and braised-meat base are the identity, but the meat, aromatics, vegetables, and finish all vary meaningfully across home kitchens.",false,
74,Casseroles/Bakes,Shepherd's Pie,Turkey and Vegetable Shepherd's Pie,preparation,false,"Shepherd's pie has real latitude in its filling, seasoning, and topping — the mashed potato crown and braised-meat base are the identity, but the meat, aromatics, vegetables, and finish all vary meaningfully across home kitchens.",false,
74,Casseroles/Bakes,Shepherd's Pie,Cheesy Smoked Paprika Shepherd's Pie,preparation,false,"Shepherd's pie has real latitude in its filling, seasoning, and topping — the mashed potato crown and braised-meat base are the identity, but the meat, aromatics, vegetables, and finish all vary meaningfully across home kitchens.",false,
74,Casseroles/Bakes,Shepherd's Pie,Sweet Potato-Topped Shepherd's Pie,preparation,false,"Shepherd's pie has real latitude in its filling, seasoning, and topping — the mashed potato crown and braised-meat base are the identity, but the meat, aromatics, vegetables, and finish all vary meaningfully across home kitchens.",false,
75,Grilling/BBQ,BBQ Chicken (Grilled),Classic Sauced BBQ Chicken Halves,preparation,false,"Grilled BBQ chicken has real latitude in its cut, sauce style, and seasoning approach, producing genuinely different dinners from the same core technique.",false,
75,Grilling/BBQ,BBQ Chicken (Grilled),Dry-Rubbed BBQ Chicken Thighs,preparation,false,"Grilled BBQ chicken has real latitude in its cut, sauce style, and seasoning approach, producing genuinely different dinners from the same core technique.",false,
75,Grilling/BBQ,BBQ Chicken (Grilled),Honey-Glazed BBQ Chicken Drumsticks,preparation,false,"Grilled BBQ chicken has real latitude in its cut, sauce style, and seasoning approach, producing genuinely different dinners from the same core technique.",false,
75,Grilling/BBQ,BBQ Chicken (Grilled),Spicy Chipotle BBQ Grilled Chicken Breasts,preparation,false,"Grilled BBQ chicken has real latitude in its cut, sauce style, and seasoning approach, producing genuinely different dinners from the same core technique.",false,
75,Grilling/BBQ,BBQ Chicken (Grilled),Carolina Mustard BBQ Grilled Chicken,preparation,false,"Grilled BBQ chicken has real latitude in its cut, sauce style, and seasoning approach, producing genuinely different dinners from the same core technique.",false,
76,Beef,Slow-Cooker Pot Roast,Classic Slow-Cooker Pot Roast with Carrots and Potatoes,preparation,false,"Pot roast has real latitude in its braising liquid, aromatics, and seasoning profile, producing genuinely different dinners while the slow-cooked chuck-roast identity stays fixed.",false,
76,Beef,Slow-Cooker Pot Roast,Red Wine and Herb Slow-Cooker Pot Roast,preparation,false,"Pot roast has real latitude in its braising liquid, aromatics, and seasoning profile, producing genuinely different dinners while the slow-cooked chuck-roast identity stays fixed.",false,
76,Beef,Slow-Cooker Pot Roast,Tomato and Onion Slow-Cooker Pot Roast,preparation,false,"Pot roast has real latitude in its braising liquid, aromatics, and seasoning profile, producing genuinely different dinners while the slow-cooked chuck-roast identity stays fixed.",false,
77,Soups/Stews/Chili,Slow-Cooker Chili,Classic Beef and Bean Chili,preparation,false,"Slow-cooker chili has genuine latitude in protein, heat level, and flavor profile — beef, turkey, and white bean versions are meaningfully different dinners, not just substitutions.",false,
77,Soups/Stews/Chili,Slow-Cooker Chili,Smoky Turkey Chili,preparation,false,"Slow-cooker chili has genuine latitude in protein, heat level, and flavor profile — beef, turkey, and white bean versions are meaningfully different dinners, not just substitutions.",false,
77,Soups/Stews/Chili,Slow-Cooker Chili,White Bean and Green Chile Chicken Chili,preparation,false,"Slow-cooker chili has genuine latitude in protein, heat level, and flavor profile — beef, turkey, and white bean versions are meaningfully different dinners, not just substitutions.",false,
78,Soups/Stews/Chili,Slow-Cooker Beef Stew,Classic Slow-Cooker Beef Stew,preparation,false,"Slow-cooker beef stew has real latitude in its seasoning base, liquid, and vegetable mix, yielding genuinely different bowls while remaining the same braise-in-a-pot dish.",false,
78,Soups/Stews/Chili,Slow-Cooker Beef Stew,Red Wine Slow-Cooker Beef Stew,preparation,false,"Slow-cooker beef stew has real latitude in its seasoning base, liquid, and vegetable mix, yielding genuinely different bowls while remaining the same braise-in-a-pot dish.",false,
78,Soups/Stews/Chili,Slow-Cooker Beef Stew,Tomato-Based Slow-Cooker Beef Stew,preparation,false,"Slow-cooker beef stew has real latitude in its seasoning base, liquid, and vegetable mix, yielding genuinely different bowls while remaining the same braise-in-a-pot dish.",false,
79,Chicken,Slow-Cooker Pulled Chicken,BBQ Pulled Chicken Sandwiches with Coleslaw,preparation,false,"Pulled chicken's flavor profile changes substantially with the sauce and seasoning — BBQ, buffalo, and salsa-verde are genuinely different dinners, each with their own natural serving context.",false,
79,Chicken,Slow-Cooker Pulled Chicken,Buffalo Pulled Chicken Sliders with Blue Cheese Slaw,preparation,false,"Pulled chicken's flavor profile changes substantially with the sauce and seasoning — BBQ, buffalo, and salsa-verde are genuinely different dinners, each with their own natural serving context.",false,
79,Chicken,Slow-Cooker Pulled Chicken,Salsa Verde Pulled Chicken Tacos with Pickled Onions,preparation,false,"Pulled chicken's flavor profile changes substantially with the sauce and seasoning — BBQ, buffalo, and salsa-verde are genuinely different dinners, each with their own natural serving context.",false,
80,Mexican/Tex-Mex,Slow-Cooker Chicken Tacos,Slow-Cooker Salsa Verde Chicken Tacos,preparation,false,"The chicken filling is where real variety lives — seasoning profile, sauce, and toppings shift the dish meaningfully while the slow-cooker taco identity stays intact.",false,
80,Mexican/Tex-Mex,Slow-Cooker Chicken Tacos,Slow-Cooker Chipotle-Lime Chicken Tacos,preparation,false,"The chicken filling is where real variety lives — seasoning profile, sauce, and toppings shift the dish meaningfully while the slow-cooker taco identity stays intact.",false,
80,Mexican/Tex-Mex,Slow-Cooker Chicken Tacos,Slow-Cooker BBQ Chicken Tacos with Jalapeño Slaw,preparation,false,"The chicken filling is where real variety lives — seasoning profile, sauce, and toppings shift the dish meaningfully while the slow-cooker taco identity stays intact.",false,
81,Mexican/Tex-Mex,Slow-Cooker Beef Barbacoa,Chipotle-Lime Beef Barbacoa,preparation,false,"Barbacoa's braising liquid, chile blend, and aromatics vary meaningfully across regional and home-cook traditions, producing genuinely different flavor profiles in the finished beef.",false,
81,Mexican/Tex-Mex,Slow-Cooker Beef Barbacoa,Ancho-Guajillo Beef Barbacoa,preparation,false,"Barbacoa's braising liquid, chile blend, and aromatics vary meaningfully across regional and home-cook traditions, producing genuinely different flavor profiles in the finished beef.",false,
81,Mexican/Tex-Mex,Slow-Cooker Beef Barbacoa,Beef Barbacoa with Beer and Roasted Green Chiles,preparation,false,"Barbacoa's braising liquid, chile blend, and aromatics vary meaningfully across regional and home-cook traditions, producing genuinely different flavor profiles in the finished beef.",false,
82,Chicken,Instant-Pot Chicken and Rice,"Instant-Pot Chicken and Rice with Garlic, Lemon, and Herbs",preparation,false,"The Instant Pot locks in one cooking method, but the seasoning profile, aromatics, and liquid base vary enough to produce genuinely different dinners.",false,
82,Chicken,Instant-Pot Chicken and Rice,Instant-Pot Tex-Mex Chicken and Rice,preparation,false,"The Instant Pot locks in one cooking method, but the seasoning profile, aromatics, and liquid base vary enough to produce genuinely different dinners.",false,
82,Chicken,Instant-Pot Chicken and Rice,Instant-Pot Creamy Mushroom Chicken and Rice,preparation,false,"The Instant Pot locks in one cooking method, but the seasoning profile, aromatics, and liquid base vary enough to produce genuinely different dinners.",false,
83,Asian-American,Instant-Pot Beef and Broccoli,Classic Savory Beef and Broccoli,preparation,false,"The sauce profile and seasoning have real latitude — savory-classic, spicy, and ginger-forward are genuinely different dinners — while the broccoli and beef identity stays intact.",false,
83,Asian-American,Instant-Pot Beef and Broccoli,Spicy Garlic Beef and Broccoli,preparation,false,"The sauce profile and seasoning have real latitude — savory-classic, spicy, and ginger-forward are genuinely different dinners — while the broccoli and beef identity stays intact.",false,
83,Asian-American,Instant-Pot Beef and Broccoli,Ginger-Sesame Beef and Broccoli,preparation,false,"The sauce profile and seasoning have real latitude — savory-classic, spicy, and ginger-forward are genuinely different dinners — while the broccoli and beef identity stays intact.",false,
84,Asian-American,Sesame Chicken,Classic Crispy Sesame Chicken,preparation,false,"Sesame chicken has real latitude in its preparation — the sauce profile, heat level, and cooking method (fried vs. baked) produce genuinely different dinners while keeping the dish's identity intact.",false,
84,Asian-American,Sesame Chicken,Spicy Sesame Chicken,preparation,false,"Sesame chicken has real latitude in its preparation — the sauce profile, heat level, and cooking method (fried vs. baked) produce genuinely different dinners while keeping the dish's identity intact.",false,
84,Asian-American,Sesame Chicken,Honey-Garlic Sesame Chicken,preparation,false,"Sesame chicken has real latitude in its preparation — the sauce profile, heat level, and cooking method (fried vs. baked) produce genuinely different dinners while keeping the dish's identity intact.",false,
85,Asian-American,Sweet and Sour Chicken,Crispy Sweet and Sour Chicken with Bell Peppers and Pineapple,preparation,false,"Sweet and sour chicken has real latitude in preparation — the sauce profile, coating style, and vegetable mix genuinely change what lands on the plate.",false,
85,Asian-American,Sweet and Sour Chicken,Baked Sweet and Sour Chicken with Steamed Broccoli and Carrots,preparation,false,"Sweet and sour chicken has real latitude in preparation — the sauce profile, coating style, and vegetable mix genuinely change what lands on the plate.",false,
85,Asian-American,Sweet and Sour Chicken,Szechuan-Style Sweet and Sour Chicken with Dried Chilies and Scallions,preparation,false,"Sweet and sour chicken has real latitude in preparation — the sauce profile, coating style, and vegetable mix genuinely change what lands on the plate.",false,
86,Asian-American,Chicken Lo Mein,Classic Chicken Lo Mein,preparation,false,"Lo mein has real latitude in its sauce profile, vegetable mix, and finish — these choices produce genuinely different bowls while the dish stays unmistakably itself.",false,
86,Asian-American,Chicken Lo Mein,Spicy Garlic Chicken Lo Mein,preparation,false,"Lo mein has real latitude in its sauce profile, vegetable mix, and finish — these choices produce genuinely different bowls while the dish stays unmistakably itself.",false,
86,Asian-American,Chicken Lo Mein,Ginger Sesame Chicken Lo Mein,preparation,false,"Lo mein has real latitude in its sauce profile, vegetable mix, and finish — these choices produce genuinely different bowls while the dish stays unmistakably itself.",false,
87,Mexican/Tex-Mex,Beef and Cheese Nachos,Classic Tex-Mex Nachos with Seasoned Ground Beef and Jalapeños,preparation,false,"Nachos have real latitude in how the beef is seasoned and built, and what toppings finish the plate — these choices meaningfully change what you eat.",false,
87,Mexican/Tex-Mex,Beef and Cheese Nachos,"Loaded Nachos with Chili Beef, Sour Cream, and Pickled Red Onions",preparation,false,"Nachos have real latitude in how the beef is seasoned and built, and what toppings finish the plate — these choices meaningfully change what you eat.",false,
87,Mexican/Tex-Mex,Beef and Cheese Nachos,"BBQ Beef Nachos with Pepper Jack, Corn, and Chipotle Crema",preparation,false,"Nachos have real latitude in how the beef is seasoned and built, and what toppings finish the plate — these choices meaningfully change what you eat.",false,
88,Italian-American,Turkey Meatballs,Turkey Meatballs in Marinara over Spaghetti,preparation,false,"Turkey meatballs have real latitude in seasoning, sauce, and serving style — the same lean protein can go Italian-herb with marinara, braised in a creamy sauce, or glazed in a sweet-savory direction, producing genuinely different dinners.",false,
88,Italian-American,Turkey Meatballs,Turkey Meatballs in Creamy Parmesan Sauce over Egg Noodles,preparation,false,"Turkey meatballs have real latitude in seasoning, sauce, and serving style — the same lean protein can go Italian-herb with marinara, braised in a creamy sauce, or glazed in a sweet-savory direction, producing genuinely different dinners.",false,
88,Italian-American,Turkey Meatballs,Baked Turkey Meatballs with Lemon-Herb Orzo,preparation,false,"Turkey meatballs have real latitude in seasoning, sauce, and serving style — the same lean protein can go Italian-herb with marinara, braised in a creamy sauce, or glazed in a sweet-savory direction, producing genuinely different dinners.",false,
89,Seafood,Baked Tilapia,Lemon-Herb Baked Tilapia with Roasted Asparagus,preparation,false,"Tilapia is a mild, lean fish that takes well to very different seasoning profiles and coatings, producing genuinely distinct dinners from the same bake.",false,
89,Seafood,Baked Tilapia,Parmesan-Crusted Baked Tilapia with Garlic Green Beans,preparation,false,"Tilapia is a mild, lean fish that takes well to very different seasoning profiles and coatings, producing genuinely distinct dinners from the same bake.",false,
89,Seafood,Baked Tilapia,Cajun Baked Tilapia with Cilantro-Lime Rice,preparation,false,"Tilapia is a mild, lean fish that takes well to very different seasoning profiles and coatings, producing genuinely distinct dinners from the same bake.",false,
90,Pork,Pork Tenderloin (Roasted),Garlic Herb Roasted Pork Tenderloin with Roasted Potatoes and Green Beans,preparation,false,"Pork tenderloin is a blank-canvas cut that takes on genuinely different characters depending on its glaze, seasoning, or marinade — each produces a distinctly different dinner.",false,
90,Pork,Pork Tenderloin (Roasted),Honey Mustard Glazed Pork Tenderloin with Roasted Carrots and Mashed Potatoes,preparation,false,"Pork tenderloin is a blank-canvas cut that takes on genuinely different characters depending on its glaze, seasoning, or marinade — each produces a distinctly different dinner.",false,
90,Pork,Pork Tenderloin (Roasted),Smoky Chipotle Pork Tenderloin with Cilantro-Lime Rice and Black Beans,preparation,false,"Pork tenderloin is a blank-canvas cut that takes on genuinely different characters depending on its glaze, seasoning, or marinade — each produces a distinctly different dinner.",false,
91,Chicken,Chicken Cordon Bleu,Chicken Cordon Bleu with Dijon Cream Sauce and Roasted Asparagus,accompaniment,false,"Chicken Cordon Bleu has a fixed identity — breaded chicken breast stuffed with ham and Swiss, pan-fried or baked — leaving little room for preparation variants without changing what the dish fundamentally is.",false,
91,Chicken,Chicken Cordon Bleu,Chicken Cordon Bleu with Buttered Egg Noodles and Steamed Green Beans,accompaniment,false,"Chicken Cordon Bleu has a fixed identity — breaded chicken breast stuffed with ham and Swiss, pan-fried or baked — leaving little room for preparation variants without changing what the dish fundamentally is.",false,
91,Chicken,Chicken Cordon Bleu,Chicken Cordon Bleu with Garlic Mashed Potatoes and Glazed Carrots,accompaniment,false,"Chicken Cordon Bleu has a fixed identity — breaded chicken breast stuffed with ham and Swiss, pan-fried or baked — leaving little room for preparation variants without changing what the dish fundamentally is.",false,
92,Sandwiches/Burgers,Meatball Subs,Classic Meatball Sub with Marinara and Melted Provolone,preparation,false,"Meatball subs have real latitude in the meatball seasoning, sauce, and cheese — these elements together define genuinely different eating experiences.",false,
92,Sandwiches/Burgers,Meatball Subs,Spicy Italian Meatball Sub with Arrabbiata Sauce and Mozzarella,preparation,false,"Meatball subs have real latitude in the meatball seasoning, sauce, and cheese — these elements together define genuinely different eating experiences.",false,
92,Sandwiches/Burgers,Meatball Subs,Braised Meatball Sub with Slow-Cooked Tomato Gravy and Melted Fontina,preparation,false,"Meatball subs have real latitude in the meatball seasoning, sauce, and cheese — these elements together define genuinely different eating experiences.",false,
93,Sandwiches/Burgers,Philly Cheesesteak,Classic Cheesesteak with Cheese Whiz and Fried Onions,preparation,false,"The cheesesteak has real latitude in cheese choice and toppings — Whiz, provolone, or American each create a genuinely different eating experience, and the classic with/without onions, peppers, and mushrooms distinction is a real wardrobe the dish wears.",false,
93,Sandwiches/Burgers,Philly Cheesesteak,"Cheesesteak with Provolone, Peppers, and Mushrooms",preparation,false,"The cheesesteak has real latitude in cheese choice and toppings — Whiz, provolone, or American each create a genuinely different eating experience, and the classic with/without onions, peppers, and mushrooms distinction is a real wardrobe the dish wears.",false,
93,Sandwiches/Burgers,Philly Cheesesteak,Cheesesteak with American Cheese and Caramelized Onions,preparation,false,"The cheesesteak has real latitude in cheese choice and toppings — Whiz, provolone, or American each create a genuinely different eating experience, and the classic with/without onions, peppers, and mushrooms distinction is a real wardrobe the dish wears.",false,
94,Asian-American,Beef Stir-Fry (Pepper Steak),Classic Pepper Steak with Bell Peppers in Brown Sauce,preparation,false,"Pepper steak has real latitude in its sauce profile and aromatics — classic brown sauce, black pepper-forward, and ginger-soy each produce a genuinely different dinner while keeping the dish's identity intact.",false,
94,Asian-American,Beef Stir-Fry (Pepper Steak),Black Pepper Beef Stir-Fry with Onions and Snap Peas,preparation,false,"Pepper steak has real latitude in its sauce profile and aromatics — classic brown sauce, black pepper-forward, and ginger-soy each produce a genuinely different dinner while keeping the dish's identity intact.",false,
94,Asian-American,Beef Stir-Fry (Pepper Steak),Ginger-Soy Pepper Steak with Broccoli and Mushrooms,preparation,false,"Pepper steak has real latitude in its sauce profile and aromatics — classic brown sauce, black pepper-forward, and ginger-soy each produce a genuinely different dinner while keeping the dish's identity intact.",false,
95,Soups/Stews/Chili,Chicken Tortilla Soup,Classic Red Chile Chicken Tortilla Soup,preparation,false,"Chicken tortilla soup has real latitude in its broth base, heat level, and build — from a clear tomato-chile broth to a creamy version to a smoky roasted variation — while the tortilla strips and chicken remain constant.",false,
95,Soups/Stews/Chili,Chicken Tortilla Soup,Creamy Chicken Tortilla Soup,preparation,false,"Chicken tortilla soup has real latitude in its broth base, heat level, and build — from a clear tomato-chile broth to a creamy version to a smoky roasted variation — while the tortilla strips and chicken remain constant.",false,
95,Soups/Stews/Chili,Chicken Tortilla Soup,Smoky Chipotle Chicken Tortilla Soup,preparation,false,"Chicken tortilla soup has real latitude in its broth base, heat level, and build — from a clear tomato-chile broth to a creamy version to a smoky roasted variation — while the tortilla strips and chicken remain constant.",false,
96,Sides/Bowls,Loaded Baked Potatoes,"Classic Loaded Baked Potato (Cheddar, Bacon, Sour Cream, Chives)",preparation,false,"The toppings are the dish — a loaded baked potato is defined entirely by what loads it, so versions differ in the preparation of the potato and its toppings.",false,
96,Sides/Bowls,Loaded Baked Potatoes,Broccoli and Cheese Loaded Baked Potato,preparation,false,"The toppings are the dish — a loaded baked potato is defined entirely by what loads it, so versions differ in the preparation of the potato and its toppings.",false,
96,Sides/Bowls,Loaded Baked Potatoes,Chili Loaded Baked Potato,preparation,false,"The toppings are the dish — a loaded baked potato is defined entirely by what loads it, so versions differ in the preparation of the potato and its toppings.",false,
97,Pizza,Homemade Cheese Pizza,Classic Mozzarella Pizza with Tomato Sauce,preparation,false,"Homemade cheese pizza has real latitude in crust style, cheese blend, and sauce — these choices produce genuinely different pizzas a home cook would recognize as distinct dinners.",false,
97,Pizza,Homemade Cheese Pizza,White Cheese Pizza with Garlic and Olive Oil,preparation,false,"Homemade cheese pizza has real latitude in crust style, cheese blend, and sauce — these choices produce genuinely different pizzas a home cook would recognize as distinct dinners.",false,
97,Pizza,Homemade Cheese Pizza,Thin-Crust Four-Cheese Pizza,preparation,false,"Homemade cheese pizza has real latitude in crust style, cheese blend, and sauce — these choices produce genuinely different pizzas a home cook would recognize as distinct dinners.",false,
98,Pizza,Homemade Sausage Pizza,Classic Sausage and Mozzarella Pizza,preparation,false,"Sausage pizza has real latitude in its own preparation — sauce style, additional toppings, and crust character all produce genuinely different pies a home cook would choose between.",false,
98,Pizza,Homemade Sausage Pizza,"Sausage, Pepper, and Onion Pizza",preparation,false,"Sausage pizza has real latitude in its own preparation — sauce style, additional toppings, and crust character all produce genuinely different pies a home cook would choose between.",false,
98,Pizza,Homemade Sausage Pizza,Sausage and Mushroom White Pizza,preparation,false,"Sausage pizza has real latitude in its own preparation — sauce style, additional toppings, and crust character all produce genuinely different pies a home cook would choose between.",false,
99,Pizza,BBQ Chicken Pizza,Classic BBQ Chicken Pizza with Red Onion and Cilantro,preparation,false,"BBQ Chicken Pizza has genuine latitude in its own preparation — the sauce base, cheese blend, toppings, and crust style all shift the character of the pizza meaningfully.",false,
99,Pizza,BBQ Chicken Pizza,Smoky BBQ Chicken Pizza with Bacon and Jalapeño,preparation,false,"BBQ Chicken Pizza has genuine latitude in its own preparation — the sauce base, cheese blend, toppings, and crust style all shift the character of the pizza meaningfully.",false,
99,Pizza,BBQ Chicken Pizza,White BBQ Chicken Pizza with Roasted Garlic and Mozzarella,preparation,false,"BBQ Chicken Pizza has genuine latitude in its own preparation — the sauce base, cheese blend, toppings, and crust style all shift the character of the pizza meaningfully.",false,
100,Pizza,Supreme Pizza,Classic Supreme Pizza,preparation,false,"Supreme pizza has a fixed concept (loaded with meat and vegetables) but real latitude in how those toppings are composed, sauced, and built — classic, spicy, or white-sauce variations are genuinely different dinners.",false,
100,Pizza,Supreme Pizza,Spicy Supreme Pizza,preparation,false,"Supreme pizza has a fixed concept (loaded with meat and vegetables) but real latitude in how those toppings are composed, sauced, and built — classic, spicy, or white-sauce variations are genuinely different dinners.",false,
100,Pizza,Supreme Pizza,White Supreme Pizza,preparation,false,"Supreme pizza has a fixed concept (loaded with meat and vegetables) but real latitude in how those toppings are composed, sauced, and built — classic, spicy, or white-sauce variations are genuinely different dinners.",false,
101,Pasta,Chicken and Broccoli Alfredo,Classic Chicken and Broccoli Alfredo,preparation,false,"Alfredo sauce and the chicken itself have real latitude in preparation — the sauce can range from a light Parmesan cream to a rich baked finish, and the chicken can be grilled, pan-seared, or roasted — giving genuinely different dinners on the plate.",false,
101,Pasta,Chicken and Broccoli Alfredo,Grilled Chicken and Broccoli Alfredo,preparation,false,"Alfredo sauce and the chicken itself have real latitude in preparation — the sauce can range from a light Parmesan cream to a rich baked finish, and the chicken can be grilled, pan-seared, or roasted — giving genuinely different dinners on the plate.",false,
101,Pasta,Chicken and Broccoli Alfredo,Baked Chicken and Broccoli Alfredo,preparation,false,"Alfredo sauce and the chicken itself have real latitude in preparation — the sauce can range from a light Parmesan cream to a rich baked finish, and the chicken can be grilled, pan-seared, or roasted — giving genuinely different dinners on the plate.",false,
102,Casseroles/Bakes,Baked Spaghetti,Classic Meat Sauce Baked Spaghetti,preparation,false,"Baked spaghetti has real latitude in its sauce, protein, and layering style — these choices produce genuinely different dinners.",false,
102,Casseroles/Bakes,Baked Spaghetti,Creamy Four-Cheese Baked Spaghetti,preparation,false,"Baked spaghetti has real latitude in its sauce, protein, and layering style — these choices produce genuinely different dinners.",false,
102,Casseroles/Bakes,Baked Spaghetti,Spicy Sausage and Pepper Baked Spaghetti,preparation,false,"Baked spaghetti has real latitude in its sauce, protein, and layering style — these choices produce genuinely different dinners.",false,
103,Pasta,Penne alla Vodka,Classic Penne alla Vodka,preparation,false,"Penne alla vodka has a fixed tomato-cream-vodka base but takes real variation in protein additions and heat level, which genuinely change what ends up on the plate.",false,
103,Pasta,Penne alla Vodka,Spicy Penne alla Vodka with Italian Sausage,preparation,false,"Penne alla vodka has a fixed tomato-cream-vodka base but takes real variation in protein additions and heat level, which genuinely change what ends up on the plate.",false,
103,Pasta,Penne alla Vodka,Penne alla Vodka with Pancetta and Peas,preparation,false,"Penne alla vodka has a fixed tomato-cream-vodka base but takes real variation in protein additions and heat level, which genuinely change what ends up on the plate.",false,
104,Greek/Mediterranean,Chicken Gyros,"Classic Chicken Gyros with Tzatziki, Tomato, and Red Onion",preparation,false,"Chicken gyros has real latitude in how the chicken is seasoned and sauced, and what goes inside the wrap — these choices produce genuinely different eating experiences while keeping the pita-wrapped gyro identity intact.",false,
104,Greek/Mediterranean,Chicken Gyros,Spicy Harissa Chicken Gyros with Cucumber and Feta,preparation,false,"Chicken gyros has real latitude in how the chicken is seasoned and sauced, and what goes inside the wrap — these choices produce genuinely different eating experiences while keeping the pita-wrapped gyro identity intact.",false,
104,Greek/Mediterranean,Chicken Gyros,Lemon-Herb Chicken Gyros with Roasted Red Pepper and Hummus,preparation,false,"Chicken gyros has real latitude in how the chicken is seasoned and sauced, and what goes inside the wrap — these choices produce genuinely different eating experiences while keeping the pita-wrapped gyro identity intact.",false,
105,Middle Eastern,Chicken Shawarma,Chicken Shawarma Wrap with Garlic Sauce and Pickled Turnips,preparation,false,"Chicken shawarma has real latitude in its spice blend, char level, and how it's served (plated, wrapped, or over rice), making preparation the natural axis.",false,
105,Middle Eastern,Chicken Shawarma,"Grilled Chicken Shawarma Plate with Rice, Fattoush, and Tahini",preparation,false,"Chicken shawarma has real latitude in its spice blend, char level, and how it's served (plated, wrapped, or over rice), making preparation the natural axis.",false,
105,Middle Eastern,Chicken Shawarma,Harissa-Spiced Chicken Shawarma Bowl with Roasted Vegetables and Hummus,preparation,false,"Chicken shawarma has real latitude in its spice blend, char level, and how it's served (plated, wrapped, or over rice), making preparation the natural axis.",false,
106,Grilling/BBQ,Beef Kebabs (Shish Kebab),Classic Mediterranean Beef Kebabs with Grilled Pita and Tzatziki,preparation,false,"Beef kebabs have real latitude in marinade, seasoning blend, and what's threaded on the skewer alongside the meat, producing genuinely different dinners.",false,
106,Grilling/BBQ,Beef Kebabs (Shish Kebab),Middle Eastern Spiced Beef Kebabs with Saffron Rice and Grilled Tomatoes,preparation,false,"Beef kebabs have real latitude in marinade, seasoning blend, and what's threaded on the skewer alongside the meat, producing genuinely different dinners.",false,
106,Grilling/BBQ,Beef Kebabs (Shish Kebab),Smoky Chipotle Beef Kebabs with Charred Corn and Cilantro-Lime Crema,preparation,false,"Beef kebabs have real latitude in marinade, seasoning blend, and what's threaded on the skewer alongside the meat, producing genuinely different dinners.",false,
107,Grilling/BBQ,Chicken Skewers (Kebabs),Mediterranean Chicken Skewers with Lemon-Herb Marinade and Tzatziki,preparation,false,"Chicken skewers have wide latitude in marinade, seasoning profile, and what's threaded alongside — these choices define genuinely different dinners.",false,
107,Grilling/BBQ,Chicken Skewers (Kebabs),Smoky Chipotle Chicken Skewers with Grilled Corn and Lime Crema,preparation,false,"Chicken skewers have wide latitude in marinade, seasoning profile, and what's threaded alongside — these choices define genuinely different dinners.",false,
107,Grilling/BBQ,Chicken Skewers (Kebabs),Teriyaki Chicken Skewers with Pineapple and Scallion,preparation,false,"Chicken skewers have wide latitude in marinade, seasoning profile, and what's threaded alongside — these choices define genuinely different dinners.",false,
108,Asian-American,Pad Thai (Chicken),Classic Tamarind Chicken Pad Thai,preparation,false,"Pad Thai has real latitude in its flavor profile and finish — from the classic tamarind-forward street style to richer, nuttier, or spicier home variations — while the core dish (rice noodles, egg, bean sprouts, peanuts, fish sauce) stays intact.",false,
108,Asian-American,Pad Thai (Chicken),Spicy Chili-Garlic Chicken Pad Thai,preparation,false,"Pad Thai has real latitude in its flavor profile and finish — from the classic tamarind-forward street style to richer, nuttier, or spicier home variations — while the core dish (rice noodles, egg, bean sprouts, peanuts, fish sauce) stays intact.",false,
108,Asian-American,Pad Thai (Chicken),Peanut-Rich Chicken Pad Thai,preparation,false,"Pad Thai has real latitude in its flavor profile and finish — from the classic tamarind-forward street style to richer, nuttier, or spicier home variations — while the core dish (rice noodles, egg, bean sprouts, peanuts, fish sauce) stays intact.",false,
109,Asian-American,Pad Thai (Shrimp),Shrimp Pad Thai with Cucumber-Herb Salad,accompaniment,false,"Shrimp Pad Thai has a well-established canonical form — rice noodles, shrimp, egg, bean sprouts, fish sauce, tamarind, peanuts — and home cooks don't meaningfully restructure it; what varies is what rounds out the meal alongside it.",false,
109,Asian-American,Pad Thai (Shrimp),Shrimp Pad Thai with Thai-Spiced Vegetable Spring Rolls,accompaniment,false,"Shrimp Pad Thai has a well-established canonical form — rice noodles, shrimp, egg, bean sprouts, fish sauce, tamarind, peanuts — and home cooks don't meaningfully restructure it; what varies is what rounds out the meal alongside it.",false,
109,Asian-American,Pad Thai (Shrimp),Shrimp Pad Thai with Mango Slaw,accompaniment,false,"Shrimp Pad Thai has a well-established canonical form — rice noodles, shrimp, egg, bean sprouts, fish sauce, tamarind, peanuts — and home cooks don't meaningfully restructure it; what varies is what rounds out the meal alongside it.",false,
110,Asian-American,Kung Pao Chicken,Classic Kung Pao Chicken,preparation,false,"Kung Pao Chicken has real latitude in heat level, nut choice, and sauce profile while keeping its core identity — stir-fried chicken with dried chilies, Sichuan pepper, and a savory-sweet-tangy sauce.",false,
110,Asian-American,Kung Pao Chicken,Extra-Spicy Kung Pao Chicken with Sichuan Peppercorns,preparation,false,"Kung Pao Chicken has real latitude in heat level, nut choice, and sauce profile while keeping its core identity — stir-fried chicken with dried chilies, Sichuan pepper, and a savory-sweet-tangy sauce.",false,
110,Asian-American,Kung Pao Chicken,Kung Pao Chicken with Cashews and Sweet Bell Peppers,preparation,false,"Kung Pao Chicken has real latitude in heat level, nut choice, and sauce profile while keeping its core identity — stir-fried chicken with dried chilies, Sichuan pepper, and a savory-sweet-tangy sauce.",false,
111,Asian-American,Cashew Chicken,Classic Stir-Fried Cashew Chicken,preparation,false,"Cashew chicken has genuine latitude in its sauce profile and cooking method — stir-fried with a savory brown sauce, done in a slow cooker with a sweeter glaze, or built with a spicy Sichuan-style kick — each producing a meaningfully different dinner.",false,
111,Asian-American,Cashew Chicken,Slow Cooker Cashew Chicken,preparation,false,"Cashew chicken has genuine latitude in its sauce profile and cooking method — stir-fried with a savory brown sauce, done in a slow cooker with a sweeter glaze, or built with a spicy Sichuan-style kick — each producing a meaningfully different dinner.",false,
111,Asian-American,Cashew Chicken,Spicy Cashew Chicken,preparation,false,"Cashew chicken has genuine latitude in its sauce profile and cooking method — stir-fried with a savory brown sauce, done in a slow cooker with a sweeter glaze, or built with a spicy Sichuan-style kick — each producing a meaningfully different dinner.",false,
112,Asian-American,Mongolian Beef,Classic Mongolian Beef,preparation,false,"Mongolian Beef has real latitude in its sauce profile, heat level, and aromatics while keeping its identity as soy-sauced, caramelized sliced beef stir-fry.",false,
112,Asian-American,Mongolian Beef,Spicy Mongolian Beef,preparation,false,"Mongolian Beef has real latitude in its sauce profile, heat level, and aromatics while keeping its identity as soy-sauced, caramelized sliced beef stir-fry.",false,
112,Asian-American,Mongolian Beef,Ginger-Scallion Mongolian Beef,preparation,false,"Mongolian Beef has real latitude in its sauce profile, heat level, and aromatics while keeping its identity as soy-sauced, caramelized sliced beef stir-fry.",false,
113,Asian-American,Chicken Chow Mein,Crispy Chow Mein with Pan-Fried Noodles,preparation,false,"Chicken chow mein has real latitude in its preparation — crispy vs. soft noodles, sauce profile, and vegetable mix all produce genuinely different dinners while keeping the dish's identity intact.",false,
113,Asian-American,Chicken Chow Mein,Saucy Ginger-Garlic Chicken Chow Mein,preparation,false,"Chicken chow mein has real latitude in its preparation — crispy vs. soft noodles, sauce profile, and vegetable mix all produce genuinely different dinners while keeping the dish's identity intact.",false,
113,Asian-American,Chicken Chow Mein,Spicy Szechuan Chicken Chow Mein,preparation,false,"Chicken chow mein has real latitude in its preparation — crispy vs. soft noodles, sauce profile, and vegetable mix all produce genuinely different dinners while keeping the dish's identity intact.",false,
114,Asian-American,Beef Lo Mein,Classic Beef Lo Mein,preparation,false,"Beef lo mein has real latitude in its sauce profile and vegetable mix, which together define genuinely different bowls while the dish remains itself.",false,
114,Asian-American,Beef Lo Mein,Spicy Garlic Beef Lo Mein,preparation,false,"Beef lo mein has real latitude in its sauce profile and vegetable mix, which together define genuinely different bowls while the dish remains itself.",false,
114,Asian-American,Beef Lo Mein,Beef and Vegetable Lo Mein,preparation,false,"Beef lo mein has real latitude in its sauce profile and vegetable mix, which together define genuinely different bowls while the dish remains itself.",false,
115,Asian-American,Egg Roll in a Bowl,Pork and Cabbage Egg Roll in a Bowl,preparation,false,"The dish is defined by its seasoned filling and cabbage base, but the protein and flavor profile have real latitude — pork, chicken, and beef all produce genuinely different dinners.",false,
115,Asian-American,Egg Roll in a Bowl,Spicy Ground Turkey Egg Roll in a Bowl,preparation,false,"The dish is defined by its seasoned filling and cabbage base, but the protein and flavor profile have real latitude — pork, chicken, and beef all produce genuinely different dinners.",false,
115,Asian-American,Egg Roll in a Bowl,Ginger Beef Egg Roll in a Bowl,preparation,false,"The dish is defined by its seasoned filling and cabbage base, but the protein and flavor profile have real latitude — pork, chicken, and beef all produce genuinely different dinners.",false,
116,Soups/Stews/Chili,Grilled Cheese and Tomato Soup,Classic Grilled Cheese and Creamy Tomato Soup,preparation,false,"Both the sandwich and the soup have genuine latitude in preparation — cheese blends, bread choice, and soup style all shape what a person actually eats.",false,
116,Soups/Stews/Chili,Grilled Cheese and Tomato Soup,Sharp Cheddar and Sourdough Grilled Cheese with Roasted Tomato Soup,preparation,false,"Both the sandwich and the soup have genuine latitude in preparation — cheese blends, bread choice, and soup style all shape what a person actually eats.",false,
116,Soups/Stews/Chili,Grilled Cheese and Tomato Soup,Three-Cheese Grilled Cheese with Spicy Tomato Bisque,preparation,false,"Both the sandwich and the soup have genuine latitude in preparation — cheese blends, bread choice, and soup style all shape what a person actually eats.",false,
117,Soups/Stews/Chili,Broccoli Cheddar Soup,Broccoli Cheddar Soup with a Crusty Bread Bowl,accompaniment,false,"Broccoli cheddar soup has one correct form — a thick, creamy, cheese-pull soup with tender broccoli — and the meaningful variation is in what completes the meal alongside it.",false,
117,Soups/Stews/Chili,Broccoli Cheddar Soup,Broccoli Cheddar Soup with a Crisp Apple and Walnut Salad,accompaniment,false,"Broccoli cheddar soup has one correct form — a thick, creamy, cheese-pull soup with tender broccoli — and the meaningful variation is in what completes the meal alongside it.",false,
117,Soups/Stews/Chili,Broccoli Cheddar Soup,Broccoli Cheddar Soup with a Toasted Ham and Mustard Sandwich,accompaniment,false,"Broccoli cheddar soup has one correct form — a thick, creamy, cheese-pull soup with tender broccoli — and the meaningful variation is in what completes the meal alongside it.",false,
118,Soups/Stews/Chili,Loaded Baked Potato Soup,Creamy Loaded Baked Potato Soup,preparation,false,"The soup has real latitude in its base style and toppings load — from brothy and chunky to thick and creamy — while the loaded identity (cheese, bacon, sour cream) stays intact.",false,
118,Soups/Stews/Chili,Loaded Baked Potato Soup,Chunky Loaded Baked Potato Soup,preparation,false,"The soup has real latitude in its base style and toppings load — from brothy and chunky to thick and creamy — while the loaded identity (cheese, bacon, sour cream) stays intact.",false,
118,Soups/Stews/Chili,Loaded Baked Potato Soup,Broccoli-Cheddar Loaded Baked Potato Soup,preparation,false,"The soup has real latitude in its base style and toppings load — from brothy and chunky to thick and creamy — while the loaded identity (cheese, bacon, sour cream) stays intact.",false,
119,Soups/Stews/Chili,Minestrone Soup,Classic Tomato-Vegetable Minestrone with Ditalini,preparation,false,"Minestrone has no single canonical form — the vegetable mix, protein additions, and pasta or grain choices genuinely vary and produce distinct pots of soup.",false,
119,Soups/Stews/Chili,Minestrone Soup,White Bean and Kale Minestrone with Farro,preparation,false,"Minestrone has no single canonical form — the vegetable mix, protein additions, and pasta or grain choices genuinely vary and produce distinct pots of soup.",false,
119,Soups/Stews/Chili,Minestrone Soup,Italian Sausage Minestrone with Cannellini Beans,preparation,false,"Minestrone has no single canonical form — the vegetable mix, protein additions, and pasta or grain choices genuinely vary and produce distinct pots of soup.",false,
120,Soups/Stews/Chili,Split Pea Soup with Ham,Split Pea Soup with Ham and Crusty Sourdough Bread,accompaniment,false,Split pea soup with ham has one correct form — slow-cooked split peas with a ham hock or diced ham — and its real variety comes from what rounds it into a full dinner.,false,
120,Soups/Stews/Chili,Split Pea Soup with Ham,Split Pea Soup with Ham and Warm Cornbread,accompaniment,false,Split pea soup with ham has one correct form — slow-cooked split peas with a ham hock or diced ham — and its real variety comes from what rounds it into a full dinner.,false,
120,Soups/Stews/Chili,Split Pea Soup with Ham,Split Pea Soup with Ham and a Sharp Cheddar Grilled Cheese,accompaniment,false,Split pea soup with ham has one correct form — slow-cooked split peas with a ham hock or diced ham — and its real variety comes from what rounds it into a full dinner.,false,
121,Soups/Stews/Chili,White Chicken Chili,Classic White Chicken Chili,preparation,false,"White chicken chili has real latitude in its base — broth weight, heat level, creaminess, and bean-to-pepper balance all shift the dish meaningfully without changing its identity.",false,
121,Soups/Stews/Chili,White Chicken Chili,Creamy Roasted Green Chile Chicken Chili,preparation,false,"White chicken chili has real latitude in its base — broth weight, heat level, creaminess, and bean-to-pepper balance all shift the dish meaningfully without changing its identity.",false,
121,Soups/Stews/Chili,White Chicken Chili,Smoky Chipotle White Chicken Chili,preparation,false,"White chicken chili has real latitude in its base — broth weight, heat level, creaminess, and bean-to-pepper balance all shift the dish meaningfully without changing its identity.",false,
122,Soups/Stews/Chili,Turkey Chili,Classic Red Turkey Chili,preparation,false,"Turkey chili has real latitude in its own preparation — bean style, heat level, and base seasoning profile (smoky, white, classic red) produce genuinely different bowls.",false,
122,Soups/Stews/Chili,Turkey Chili,White Turkey Chili,preparation,false,"Turkey chili has real latitude in its own preparation — bean style, heat level, and base seasoning profile (smoky, white, classic red) produce genuinely different bowls.",false,
122,Soups/Stews/Chili,Turkey Chili,Smoky Chipotle Turkey Chili,preparation,false,"Turkey chili has real latitude in its own preparation — bean style, heat level, and base seasoning profile (smoky, white, classic red) produce genuinely different bowls.",false,
123,Soups/Stews/Chili,Vegetarian Chili,Three-Bean Vegetarian Chili,preparation,false,"Vegetarian chili is a one-pot meal with real latitude in its base ingredients, spice profile, and texture — the versions differ meaningfully in what goes in the pot.",false,
123,Soups/Stews/Chili,Vegetarian Chili,Roasted Sweet Potato and Black Bean Chili,preparation,false,"Vegetarian chili is a one-pot meal with real latitude in its base ingredients, spice profile, and texture — the versions differ meaningfully in what goes in the pot.",false,
123,Soups/Stews/Chili,Vegetarian Chili,Smoky Chipotle and Lentil Chili,preparation,false,"Vegetarian chili is a one-pot meal with real latitude in its base ingredients, spice profile, and texture — the versions differ meaningfully in what goes in the pot.",false,
124,Soups/Stews/Chili,Clam Chowder (New England),New England Clam Chowder with Oyster Crackers and a Simple Green Salad,accompaniment,false,"New England clam chowder has a fixed identity — cream-based, clams, potato, onion — with little room for preparation variants that don't cross into a different dish; the versions differ by what's served alongside.",false,
124,Soups/Stews/Chili,Clam Chowder (New England),New England Clam Chowder in a Sourdough Bread Bowl,accompaniment,false,"New England clam chowder has a fixed identity — cream-based, clams, potato, onion — with little room for preparation variants that don't cross into a different dish; the versions differ by what's served alongside.",false,
124,Soups/Stews/Chili,Clam Chowder (New England),New England Clam Chowder with Crusty Bread and Roasted Asparagus,accompaniment,false,"New England clam chowder has a fixed identity — cream-based, clams, potato, onion — with little room for preparation variants that don't cross into a different dish; the versions differ by what's served alongside.",false,
125,Soups/Stews/Chili,Chicken and Sausage Gumbo,Dark Roux Chicken and Sausage Gumbo,preparation,false,"Gumbo has genuine latitude in its roux depth, seasoning profile, and thickening method, producing meaningfully different bowls while keeping chicken and sausage as the fixed identity.",false,
125,Soups/Stews/Chili,Chicken and Sausage Gumbo,Tomato-Based Creole Chicken and Sausage Gumbo,preparation,false,"Gumbo has genuine latitude in its roux depth, seasoning profile, and thickening method, producing meaningfully different bowls while keeping chicken and sausage as the fixed identity.",false,
125,Soups/Stews/Chili,Chicken and Sausage Gumbo,Okra-Thickened Chicken and Sausage Gumbo,preparation,false,"Gumbo has genuine latitude in its roux depth, seasoning profile, and thickening method, producing meaningfully different bowls while keeping chicken and sausage as the fixed identity.",false,
126,Soups/Stews/Chili,Jambalaya,"Creole Jambalaya with Shrimp, Chicken, and Andouille",preparation,false,"Jambalaya has genuine regional and protein-driven variation in the dish itself — Creole vs. Cajun style and the protein mix are all part of how the dish is built, not what sits alongside it.",false,
126,Soups/Stews/Chili,Jambalaya,Cajun Jambalaya with Chicken and Andouille,preparation,false,"Jambalaya has genuine regional and protein-driven variation in the dish itself — Creole vs. Cajun style and the protein mix are all part of how the dish is built, not what sits alongside it.",false,
126,Soups/Stews/Chili,Jambalaya,Shrimp and Crab Jambalaya,preparation,false,"Jambalaya has genuine regional and protein-driven variation in the dish itself — Creole vs. Cajun style and the protein mix are all part of how the dish is built, not what sits alongside it.",false,
127,Soups/Stews/Chili,Red Beans and Rice,Smoked Sausage Red Beans and Rice,preparation,false,"Red beans and rice is a complete one-pot meal whose character shifts meaningfully with the protein and seasoning profile — smoked sausage, pickled pork, or a meatless Creole version are genuinely different dinners.",false,
127,Soups/Stews/Chili,Red Beans and Rice,Slow-Simmered Red Beans and Rice with Pickled Pork,preparation,false,"Red beans and rice is a complete one-pot meal whose character shifts meaningfully with the protein and seasoning profile — smoked sausage, pickled pork, or a meatless Creole version are genuinely different dinners.",false,
127,Soups/Stews/Chili,Red Beans and Rice,Creole Vegetarian Red Beans and Rice,preparation,false,"Red beans and rice is a complete one-pot meal whose character shifts meaningfully with the protein and seasoning profile — smoked sausage, pickled pork, or a meatless Creole version are genuinely different dinners.",false,
128,Soups/Stews/Chili,Beef and Barley Soup,Classic Beef and Barley Soup,preparation,false,"Beef and barley soup has real latitude in its preparation — the cut of beef, aromatics, and added vegetables meaningfully change the character of the finished soup.",false,
128,Soups/Stews/Chili,Beef and Barley Soup,Mushroom and Beef Barley Soup,preparation,false,"Beef and barley soup has real latitude in its preparation — the cut of beef, aromatics, and added vegetables meaningfully change the character of the finished soup.",false,
128,Soups/Stews/Chili,Beef and Barley Soup,Tomato-Based Beef and Barley Soup,preparation,false,"Beef and barley soup has real latitude in its preparation — the cut of beef, aromatics, and added vegetables meaningfully change the character of the finished soup.",false,
129,Soups/Stews/Chili,Italian Wedding Soup,Classic Italian Wedding Soup,preparation,false,"Italian Wedding Soup has genuine latitude in its meatball protein, greens, and pasta shape, producing meaningfully different bowls while keeping the broth-meatball-greens identity intact.",false,
129,Soups/Stews/Chili,Italian Wedding Soup,Turkey Meatball and Kale Wedding Soup,preparation,false,"Italian Wedding Soup has genuine latitude in its meatball protein, greens, and pasta shape, producing meaningfully different bowls while keeping the broth-meatball-greens identity intact.",false,
129,Soups/Stews/Chili,Italian Wedding Soup,Sausage and Escarole Wedding Soup,preparation,false,"Italian Wedding Soup has genuine latitude in its meatball protein, greens, and pasta shape, producing meaningfully different bowls while keeping the broth-meatball-greens identity intact.",false,
130,Soups/Stews/Chili,Butternut Squash Soup,Roasted Butternut Squash Soup,preparation,false,"Butternut squash soup has genuine latitude in seasoning profile and enrichment — spiced, curried, or simply roasted — producing meaningfully different bowls.",false,
130,Soups/Stews/Chili,Butternut Squash Soup,Curried Butternut Squash Soup,preparation,false,"Butternut squash soup has genuine latitude in seasoning profile and enrichment — spiced, curried, or simply roasted — producing meaningfully different bowls.",false,
130,Soups/Stews/Chili,Butternut Squash Soup,Smoky Chipotle Butternut Squash Soup,preparation,false,"Butternut squash soup has genuine latitude in seasoning profile and enrichment — spiced, curried, or simply roasted — producing meaningfully different bowls.",false,
131,Seafood,Baked Salmon Teriyaki,Baked Salmon Teriyaki with Steamed Rice and Roasted Broccoli,accompaniment,false,Baked salmon teriyaki has one correct form — glazed with teriyaki sauce and roasted — so versions differ by what completes the plate alongside it.,false,
131,Seafood,Baked Salmon Teriyaki,Baked Salmon Teriyaki with Garlic Noodles and Cucumber Salad,accompaniment,false,Baked salmon teriyaki has one correct form — glazed with teriyaki sauce and roasted — so versions differ by what completes the plate alongside it.,false,
131,Seafood,Baked Salmon Teriyaki,Baked Salmon Teriyaki with Fried Rice and Stir-Fried Snap Peas,accompaniment,false,Baked salmon teriyaki has one correct form — glazed with teriyaki sauce and roasted — so versions differ by what completes the plate alongside it.,false,
132,Seafood,Blackened Salmon,Blackened Salmon with Mango Avocado Salsa and Cilantro Rice,accompaniment,false,Blackened salmon has one correct form — a spice-crusted fillet seared in a hot pan — so versions differ by what rounds out the plate.,false,
132,Seafood,Blackened Salmon,Blackened Salmon with Roasted Corn and Smashed Potatoes,accompaniment,false,Blackened salmon has one correct form — a spice-crusted fillet seared in a hot pan — so versions differ by what rounds out the plate.,false,
132,Seafood,Blackened Salmon,Blackened Salmon with Creamy Grits and Wilted Greens,accompaniment,false,Blackened salmon has one correct form — a spice-crusted fillet seared in a hot pan — so versions differ by what rounds out the plate.,false,
133,Seafood,Crab Cakes,Crab Cakes with Remoulade and Crisp Coleslaw,accompaniment,false,"A proper crab cake has a fixed identity — lump crab, minimal binder, pan-fried or broiled — and the meaningful dinner variation comes from what's served alongside and the sauce that anchors the plate.",false,
133,Seafood,Crab Cakes,Crab Cakes with Lemon-Caper Aioli and Roasted Asparagus,accompaniment,false,"A proper crab cake has a fixed identity — lump crab, minimal binder, pan-fried or broiled — and the meaningful dinner variation comes from what's served alongside and the sauce that anchors the plate.",false,
133,Seafood,Crab Cakes,Crab Cakes with Spicy Corn Relish and Butter Lettuce Salad,accompaniment,false,"A proper crab cake has a fixed identity — lump crab, minimal binder, pan-fried or broiled — and the meaningful dinner variation comes from what's served alongside and the sauce that anchors the plate.",false,
134,Seafood,Fried Shrimp,Panko-Crusted Fried Shrimp with Cocktail Sauce and Coleslaw,preparation,false,"Fried shrimp has genuine latitude in its coating, seasoning, and fry style — panko-crusted, beer-battered, and cornmeal-fried are meaningfully different plates a person would choose between.",false,
134,Seafood,Fried Shrimp,Beer-Battered Fried Shrimp with Tartar Sauce and Seasoned Fries,preparation,false,"Fried shrimp has genuine latitude in its coating, seasoning, and fry style — panko-crusted, beer-battered, and cornmeal-fried are meaningfully different plates a person would choose between.",false,
134,Seafood,Fried Shrimp,Cornmeal-Fried Shrimp with Remoulade and Hush Puppies,preparation,false,"Fried shrimp has genuine latitude in its coating, seasoning, and fry style — panko-crusted, beer-battered, and cornmeal-fried are meaningfully different plates a person would choose between.",false,
135,Seafood,Grilled Shrimp Skewers,Garlic Butter Grilled Shrimp Skewers with Crusty Bread and Lemon,preparation,false,"Grilled shrimp skewers have real latitude in marinade, seasoning, and what they're served over or alongside, making preparation the natural axis for genuine variation.",false,
135,Seafood,Grilled Shrimp Skewers,Smoky Chipotle Grilled Shrimp Skewers with Cilantro-Lime Rice and Grilled Corn,preparation,false,"Grilled shrimp skewers have real latitude in marinade, seasoning, and what they're served over or alongside, making preparation the natural axis for genuine variation.",false,
135,Seafood,Grilled Shrimp Skewers,Teriyaki Grilled Shrimp Skewers with Steamed Jasmine Rice and Cucumber Salad,preparation,false,"Grilled shrimp skewers have real latitude in marinade, seasoning, and what they're served over or alongside, making preparation the natural axis for genuine variation.",false,
136,Seafood,Shrimp and Grits,Lowcountry Shrimp and Grits,preparation,false,"Shrimp and grits has real latitude in both the shrimp preparation (sauce, seasoning, aromatics) and the grits themselves (cheese, plain, enriched), making preparation the natural axis for distinct dinners.",false,
136,Seafood,Shrimp and Grits,Cajun Shrimp and Cheesy Grits,preparation,false,"Shrimp and grits has real latitude in both the shrimp preparation (sauce, seasoning, aromatics) and the grits themselves (cheese, plain, enriched), making preparation the natural axis for distinct dinners.",false,
136,Seafood,Shrimp and Grits,Smoky Bacon and Shrimp over Stone-Ground Grits,preparation,false,"Shrimp and grits has real latitude in both the shrimp preparation (sauce, seasoning, aromatics) and the grits themselves (cheese, plain, enriched), making preparation the natural axis for distinct dinners.",false,
137,Asian-American,Shrimp Fried Rice,Classic Soy-Butter Shrimp Fried Rice,preparation,false,"Shrimp fried rice has real latitude in seasoning profile and aromatics — soy-based, spicy, or egg-forward preparations produce genuinely different dinners.",false,
137,Asian-American,Shrimp Fried Rice,Spicy Garlic Shrimp Fried Rice,preparation,false,"Shrimp fried rice has real latitude in seasoning profile and aromatics — soy-based, spicy, or egg-forward preparations produce genuinely different dinners.",false,
137,Asian-American,Shrimp Fried Rice,Pineapple Shrimp Fried Rice,preparation,false,"Shrimp fried rice has real latitude in seasoning profile and aromatics — soy-based, spicy, or egg-forward preparations produce genuinely different dinners.",false,
138,Asian-American,Shrimp Stir-Fry,Garlic-Ginger Shrimp Stir-Fry with Snap Peas and Bell Pepper,preparation,false,"Shrimp stir-fry has real latitude in its sauce profile and vegetable mix, which genuinely changes what a person eats while keeping the core dish — wok-cooked shrimp with vegetables — intact.",false,
138,Asian-American,Shrimp Stir-Fry,Spicy Szechuan Shrimp Stir-Fry with Broccoli and Dried Chilies,preparation,false,"Shrimp stir-fry has real latitude in its sauce profile and vegetable mix, which genuinely changes what a person eats while keeping the core dish — wok-cooked shrimp with vegetables — intact.",false,
138,Asian-American,Shrimp Stir-Fry,Honey-Soy Shrimp Stir-Fry with Bok Choy and Mushrooms,preparation,false,"Shrimp stir-fry has real latitude in its sauce profile and vegetable mix, which genuinely changes what a person eats while keeping the core dish — wok-cooked shrimp with vegetables — intact.",false,
139,Seafood,Fish and Chips,Classic Beer-Battered Fish and Chips,preparation,false,"Fish and chips has real latitude in how the fish is battered and fried, and the chips can vary in style, giving genuine wardrobe options without changing the dish's identity.",false,
139,Seafood,Fish and Chips,Panko-Crusted Fish and Chips with Malt Vinegar Slaw,preparation,false,"Fish and chips has real latitude in how the fish is battered and fried, and the chips can vary in style, giving genuine wardrobe options without changing the dish's identity.",false,
139,Seafood,Fish and Chips,Spiced Cornmeal Fish and Chips with Remoulade,preparation,false,"Fish and chips has real latitude in how the fish is battered and fried, and the chips can vary in style, giving genuine wardrobe options without changing the dish's identity.",false,
140,Seafood,Tuna Steak (Seared),Seared Tuna Steak with Sesame-Ginger Slaw and Steamed Jasmine Rice,accompaniment,false,"A properly seared tuna steak has one correct form — high-heat sear, rare center — so versions are best distinguished by what completes the plate.",false,
140,Seafood,Tuna Steak (Seared),Seared Tuna Steak with Roasted Asparagus and Lemon-Caper Butter,accompaniment,false,"A properly seared tuna steak has one correct form — high-heat sear, rare center — so versions are best distinguished by what completes the plate.",false,
140,Seafood,Tuna Steak (Seared),"Seared Tuna Steak with Avocado, Tomato, and Herb Salad",accompaniment,false,"A properly seared tuna steak has one correct form — high-heat sear, rare center — so versions are best distinguished by what completes the plate.",false,
141,Casseroles/Bakes,Lobster Mac and Cheese,Classic Creamy Lobster Mac and Cheese,preparation,false,"Lobster mac and cheese has real latitude in its cheese blend, richness, and finishing style — these choices produce genuinely different dinners while keeping the dish's identity intact.",false,
141,Casseroles/Bakes,Lobster Mac and Cheese,Crispy Breadcrumb-Topped Lobster Mac and Cheese,preparation,false,"Lobster mac and cheese has real latitude in its cheese blend, richness, and finishing style — these choices produce genuinely different dinners while keeping the dish's identity intact.",false,
141,Casseroles/Bakes,Lobster Mac and Cheese,Sharp Cheddar and Gruyère Lobster Mac and Cheese,preparation,false,"Lobster mac and cheese has real latitude in its cheese blend, richness, and finishing style — these choices produce genuinely different dinners while keeping the dish's identity intact.",false,
142,Casseroles/Bakes,Buffalo Chicken Mac and Cheese,Classic Buffalo Chicken Mac and Cheese,preparation,false,"The dish has real latitude in heat level, cheese blend, and toppings while keeping its buffalo-chicken-mac identity intact.",false,
142,Casseroles/Bakes,Buffalo Chicken Mac and Cheese,Extra-Spicy Buffalo Chicken Mac and Cheese with Blue Cheese Crust,preparation,false,"The dish has real latitude in heat level, cheese blend, and toppings while keeping its buffalo-chicken-mac identity intact.",false,
142,Casseroles/Bakes,Buffalo Chicken Mac and Cheese,Smoky Buffalo Chicken Mac and Cheese with Crispy Bacon Breadcrumbs,preparation,false,"The dish has real latitude in heat level, cheese blend, and toppings while keeping its buffalo-chicken-mac identity intact.",false,
143,Casseroles/Bakes,Stovetop Mac and Cheese,Sharp Cheddar Stovetop Mac and Cheese,preparation,false,"Stovetop mac and cheese has real latitude in cheese blend, richness, and add-ins that produce genuinely different bowls — from a sharp classic to a smoky or spicy version.",false,
143,Casseroles/Bakes,Stovetop Mac and Cheese,Smoky Gouda Stovetop Mac and Cheese,preparation,false,"Stovetop mac and cheese has real latitude in cheese blend, richness, and add-ins that produce genuinely different bowls — from a sharp classic to a smoky or spicy version.",false,
143,Casseroles/Bakes,Stovetop Mac and Cheese,Spicy Pepper Jack Stovetop Mac and Cheese,preparation,false,"Stovetop mac and cheese has real latitude in cheese blend, richness, and add-ins that produce genuinely different bowls — from a sharp classic to a smoky or spicy version.",false,
144,Casseroles/Bakes,Chicken Tetrazzini,Classic Chicken Tetrazzini,preparation,false,"Chicken Tetrazzini has real latitude in its sauce profile, mix-ins, and topping, which meaningfully change what you're eating while keeping the core casserole identity intact.",false,
144,Casseroles/Bakes,Chicken Tetrazzini,Chicken Tetrazzini with Mushrooms and White Wine,preparation,false,"Chicken Tetrazzini has real latitude in its sauce profile, mix-ins, and topping, which meaningfully change what you're eating while keeping the core casserole identity intact.",false,
144,Casseroles/Bakes,Chicken Tetrazzini,Sun-Dried Tomato and Spinach Chicken Tetrazzini,preparation,false,"Chicken Tetrazzini has real latitude in its sauce profile, mix-ins, and topping, which meaningfully change what you're eating while keeping the core casserole identity intact.",false,
145,Casseroles/Bakes,King Ranch Chicken Casserole,Classic King Ranch Chicken Casserole,preparation,false,"King Ranch Chicken has real latitude in its heat level, sauce base, and layering ingredients while keeping its Tex-Mex casserole identity intact.",false,
145,Casseroles/Bakes,King Ranch Chicken Casserole,Smoky Green Chile King Ranch Chicken Casserole,preparation,false,"King Ranch Chicken has real latitude in its heat level, sauce base, and layering ingredients while keeping its Tex-Mex casserole identity intact.",false,
145,Casseroles/Bakes,King Ranch Chicken Casserole,Spicy King Ranch Chicken Casserole,preparation,false,"King Ranch Chicken has real latitude in its heat level, sauce base, and layering ingredients while keeping its Tex-Mex casserole identity intact.",false,
146,Casseroles/Bakes,Hamburger Helper-Style Beef and Noodles,Cheesy Beef and Egg Noodles,preparation,false,"The sauce flavor and seasoning profile is the natural wardrobe for this dish — the same ground beef and pasta base can be dressed as cheesy, tomato-based, or stroganoff-style, each producing a genuinely different dinner.",false,
146,Casseroles/Bakes,Hamburger Helper-Style Beef and Noodles,Tomato and Beef Pasta Skillet,preparation,false,"The sauce flavor and seasoning profile is the natural wardrobe for this dish — the same ground beef and pasta base can be dressed as cheesy, tomato-based, or stroganoff-style, each producing a genuinely different dinner.",false,
146,Casseroles/Bakes,Hamburger Helper-Style Beef and Noodles,Beef Stroganoff Noodle Skillet,preparation,false,"The sauce flavor and seasoning profile is the natural wardrobe for this dish — the same ground beef and pasta base can be dressed as cheesy, tomato-based, or stroganoff-style, each producing a genuinely different dinner.",false,
147,Casseroles/Bakes,Tater Tot Casserole (Hotdish),Classic Ground Beef and Cream of Mushroom Hotdish,preparation,false,"The filling layer is where real variety lives — different proteins, vegetables, and sauces produce genuinely different dinners while the tater tot crust stays intact.",false,
147,Casseroles/Bakes,Tater Tot Casserole (Hotdish),Cheesy Chicken and Broccoli Tater Tot Casserole,preparation,false,"The filling layer is where real variety lives — different proteins, vegetables, and sauces produce genuinely different dinners while the tater tot crust stays intact.",false,
147,Casseroles/Bakes,Tater Tot Casserole (Hotdish),"Sausage, Pepper, and Cheddar Tater Tot Bake",preparation,false,"The filling layer is where real variety lives — different proteins, vegetables, and sauces produce genuinely different dinners while the tater tot crust stays intact.",false,
148,Casseroles/Bakes,Enchilada Casserole,Beef and Red Chile Enchilada Casserole,preparation,false,"Enchilada casserole has real latitude in its filling and sauce — beef with red sauce, chicken with green sauce, and a bean-and-cheese vegetarian build are genuinely different dinners that home cooks actually make.",false,
148,Casseroles/Bakes,Enchilada Casserole,Chicken and Green Chile Enchilada Casserole,preparation,false,"Enchilada casserole has real latitude in its filling and sauce — beef with red sauce, chicken with green sauce, and a bean-and-cheese vegetarian build are genuinely different dinners that home cooks actually make.",false,
148,Casseroles/Bakes,Enchilada Casserole,Black Bean and Cheese Enchilada Casserole,preparation,false,"Enchilada casserole has real latitude in its filling and sauce — beef with red sauce, chicken with green sauce, and a bean-and-cheese vegetarian build are genuinely different dinners that home cooks actually make.",false,
149,Casseroles/Bakes,Chicken Broccoli Rice Casserole,Creamy Chicken Broccoli Rice Casserole,preparation,false,"The sauce base, seasoning profile, and topping vary meaningfully across home versions, producing genuinely different dinners while keeping the chicken-broccoli-rice identity intact.",false,
149,Casseroles/Bakes,Chicken Broccoli Rice Casserole,Cheesy Chicken Broccoli Rice Casserole,preparation,false,"The sauce base, seasoning profile, and topping vary meaningfully across home versions, producing genuinely different dinners while keeping the chicken-broccoli-rice identity intact.",false,
149,Casseroles/Bakes,Chicken Broccoli Rice Casserole,Herb-Roasted Chicken Broccoli Rice Casserole,preparation,false,"The sauce base, seasoning profile, and topping vary meaningfully across home versions, producing genuinely different dinners while keeping the chicken-broccoli-rice identity intact.",false,
150,Casseroles/Bakes,Poppy Seed Chicken Casserole,Classic Poppy Seed Chicken Casserole with Buttery Cracker Crust,preparation,false,"The casserole's topping, sauce base, and mix-ins have genuine latitude — buttery cracker crust versus breadcrumb, cream of chicken versus sour cream–based sauce, and add-ins like broccoli or wild rice meaningfully change what lands on the plate.",false,
150,Casseroles/Bakes,Poppy Seed Chicken Casserole,Poppy Seed Chicken and Broccoli Casserole,preparation,false,"The casserole's topping, sauce base, and mix-ins have genuine latitude — buttery cracker crust versus breadcrumb, cream of chicken versus sour cream–based sauce, and add-ins like broccoli or wild rice meaningfully change what lands on the plate.",false,
150,Casseroles/Bakes,Poppy Seed Chicken Casserole,Poppy Seed Chicken and Wild Rice Casserole,preparation,false,"The casserole's topping, sauce base, and mix-ins have genuine latitude — buttery cracker crust versus breadcrumb, cream of chicken versus sour cream–based sauce, and add-ins like broccoli or wild rice meaningfully change what lands on the plate.",false,
151,Casseroles/Bakes,Beef Taco Casserole,Layered Tortilla Beef Taco Casserole,preparation,false,"Beef taco casserole has real latitude in its layering base and topping — tortillas vs. chips vs. rice underneath, and how the top is finished, produce genuinely different dinners.",false,
151,Casseroles/Bakes,Beef Taco Casserole,Crushed Tortilla Chip Beef Taco Casserole,preparation,false,"Beef taco casserole has real latitude in its layering base and topping — tortillas vs. chips vs. rice underneath, and how the top is finished, produce genuinely different dinners.",false,
151,Casseroles/Bakes,Beef Taco Casserole,Mexican Rice Beef Taco Casserole,preparation,false,"Beef taco casserole has real latitude in its layering base and topping — tortillas vs. chips vs. rice underneath, and how the top is finished, produce genuinely different dinners.",false,
152,Casseroles/Bakes,Chicken Enchilada Casserole,Red Sauce Chicken Enchilada Casserole,preparation,false,"The sauce, cheese profile, and layering style give this casserole genuine latitude — green vs. red sauce and creamy vs. straight enchilada builds produce meaningfully different dinners.",false,
152,Casseroles/Bakes,Chicken Enchilada Casserole,Green Chile Chicken Enchilada Casserole,preparation,false,"The sauce, cheese profile, and layering style give this casserole genuine latitude — green vs. red sauce and creamy vs. straight enchilada builds produce meaningfully different dinners.",false,
152,Casseroles/Bakes,Chicken Enchilada Casserole,Creamy White Chicken Enchilada Casserole,preparation,false,"The sauce, cheese profile, and layering style give this casserole genuine latitude — green vs. red sauce and creamy vs. straight enchilada builds produce meaningfully different dinners.",false,
153,Casseroles/Bakes,Sausage and Rice Casserole,Smoked Sausage and Rice Casserole with Bell Peppers and Cajun Seasoning,preparation,false,"The sausage type, seasoning profile, and supporting ingredients (vegetables, broth, cheese) vary meaningfully across versions, producing genuinely different dinners while keeping the one-dish casserole identity intact.",false,
153,Casseroles/Bakes,Sausage and Rice Casserole,"Italian Sausage and Rice Casserole with Tomatoes, Spinach, and Mozzarella",preparation,false,"The sausage type, seasoning profile, and supporting ingredients (vegetables, broth, cheese) vary meaningfully across versions, producing genuinely different dinners while keeping the one-dish casserole identity intact.",false,
153,Casseroles/Bakes,Sausage and Rice Casserole,Breakfast Sausage and Rice Casserole with Cheddar and Cream of Mushroom,preparation,false,"The sausage type, seasoning profile, and supporting ingredients (vegetables, broth, cheese) vary meaningfully across versions, producing genuinely different dinners while keeping the one-dish casserole identity intact.",false,
154,Mexican/Tex-Mex,Pork Carnitas Plate,"Pork Carnitas Bowl with Cilantro-Lime Rice, Black Beans, and Pico de Gallo",accompaniment,false,Carnitas has one correct form — pork slow-cooked and crisped — so versions differ by what fills and completes the bowl around it.,false,
154,Mexican/Tex-Mex,Pork Carnitas Plate,"Pork Carnitas Bowl with Spanish Rice, Pinto Beans, Roasted Corn, and Salsa Verde",accompaniment,false,Carnitas has one correct form — pork slow-cooked and crisped — so versions differ by what fills and completes the bowl around it.,false,
154,Mexican/Tex-Mex,Pork Carnitas Plate,"Pork Carnitas Bowl with Cauliflower Rice, Pickled Red Onions, Avocado, and Chipotle Crema",accompaniment,false,Carnitas has one correct form — pork slow-cooked and crisped — so versions differ by what fills and completes the bowl around it.,false,
155,Mexican/Tex-Mex,Chicken Tinga,Chicken Tinga Tostadas with Pickled Jalapeños and Crema,accompaniment,false,Chicken Tinga is a well-defined dish — chipotle-braised shredded chicken — with one correct form; what changes meaningfully is how it's served and what completes the plate.,false,
155,Mexican/Tex-Mex,Chicken Tinga,Chicken Tinga Tacos with Avocado Salsa and Cotija,accompaniment,false,Chicken Tinga is a well-defined dish — chipotle-braised shredded chicken — with one correct form; what changes meaningfully is how it's served and what completes the plate.,false,
155,Mexican/Tex-Mex,Chicken Tinga,Chicken Tinga Rice Bowls with Black Beans and Pico de Gallo,accompaniment,false,Chicken Tinga is a well-defined dish — chipotle-braised shredded chicken — with one correct form; what changes meaningfully is how it's served and what completes the plate.,false,
156,Mexican/Tex-Mex,Beef Barbacoa,Beef Barbacoa Tacos with Pickled Red Onions and Cilantro-Lime Rice,accompaniment,false,"Beef barbacoa has one correct form — slow-braised beef with dried chiles, cumin, and cloves — and its real variety comes from how it is served and what completes the plate.",false,
156,Mexican/Tex-Mex,Beef Barbacoa,"Beef Barbacoa Burrito Bowl with Black Beans, Pico de Gallo, and Cotija",accompaniment,false,"Beef barbacoa has one correct form — slow-braised beef with dried chiles, cumin, and cloves — and its real variety comes from how it is served and what completes the plate.",false,
156,Mexican/Tex-Mex,Beef Barbacoa,"Beef Barbacoa Plate with Warm Flour Tortillas, Refried Beans, and Roasted Salsa Verde",accompaniment,false,"Beef barbacoa has one correct form — slow-braised beef with dried chiles, cumin, and cloves — and its real variety comes from how it is served and what completes the plate.",false,
157,Mexican/Tex-Mex,Chile Verde (Pork),New Mexico-Style Chile Verde,preparation,false,"Chile verde has real latitude in its green chile base, heat level, and braising approach — these produce genuinely different bowls a cook would choose between.",false,
157,Mexican/Tex-Mex,Chile Verde (Pork),Tomatillo and Roasted Poblano Chile Verde,preparation,false,"Chile verde has real latitude in its green chile base, heat level, and braising approach — these produce genuinely different bowls a cook would choose between.",false,
157,Mexican/Tex-Mex,Chile Verde (Pork),Smoky Chipotle Chile Verde,preparation,false,"Chile verde has real latitude in its green chile base, heat level, and braising approach — these produce genuinely different bowls a cook would choose between.",false,
158,Mexican/Tex-Mex,Chicken Chimichangas,Classic Chicken Chimichangas with Red Chile Sauce and Sour Cream,preparation,false,"Chimichangas have real latitude in their filling seasoning, cheese, and sauce — the fried burrito wrapper stays constant but the inside and finish vary meaningfully.",false,
158,Mexican/Tex-Mex,Chicken Chimichangas,Green Chile and Chicken Chimichangas with Salsa Verde,preparation,false,"Chimichangas have real latitude in their filling seasoning, cheese, and sauce — the fried burrito wrapper stays constant but the inside and finish vary meaningfully.",false,
158,Mexican/Tex-Mex,Chicken Chimichangas,Smoky Chipotle Chicken Chimichangas with Queso and Pico de Gallo,preparation,false,"Chimichangas have real latitude in their filling seasoning, cheese, and sauce — the fried burrito wrapper stays constant but the inside and finish vary meaningfully.",false,
159,Mexican/Tex-Mex,Beef Chimichangas,Classic Beef and Bean Chimichangas with Sour Cream and Salsa,preparation,false,"The chimichanga's filling, seasoning, and toppings have real latitude while the deep-fried burrito identity stays fixed.",false,
159,Mexican/Tex-Mex,Beef Chimichangas,Green Chile Beef Chimichangas with Tomatillo Sauce and Cotija,preparation,false,"The chimichanga's filling, seasoning, and toppings have real latitude while the deep-fried burrito identity stays fixed.",false,
159,Mexican/Tex-Mex,Beef Chimichangas,Smoky Beef and Rice Chimichangas with Chipotle Cream and Pickled Jalapeños,preparation,false,"The chimichanga's filling, seasoning, and toppings have real latitude while the deep-fried burrito identity stays fixed.",false,
160,Mexican/Tex-Mex,Chicken Tostadas,Crispy Chicken Tostadas with Refried Beans and Salsa Roja,preparation,false,"Chicken tostadas have real latitude in how the chicken is seasoned and built — the toppings, sauces, and chicken preparation genuinely change what you eat.",false,
160,Mexican/Tex-Mex,Chicken Tostadas,Shredded Chipotle Chicken Tostadas with Avocado and Pickled Jalapeños,preparation,false,"Chicken tostadas have real latitude in how the chicken is seasoned and built — the toppings, sauces, and chicken preparation genuinely change what you eat.",false,
160,Mexican/Tex-Mex,Chicken Tostadas,Grilled Chicken Tostadas with Black Bean Spread and Mango Salsa,preparation,false,"Chicken tostadas have real latitude in how the chicken is seasoned and built — the toppings, sauces, and chicken preparation genuinely change what you eat.",false,
161,Mexican/Tex-Mex,Tamales (Pork),Red Chile Pork Tamales,preparation,false,"Pork tamales have real latitude in the filling and sauce — red chile, green chile, and salsa verde represent genuinely different dinners a home cook would choose between.",false,
161,Mexican/Tex-Mex,Tamales (Pork),Green Chile Pork Tamales,preparation,false,"Pork tamales have real latitude in the filling and sauce — red chile, green chile, and salsa verde represent genuinely different dinners a home cook would choose between.",false,
161,Mexican/Tex-Mex,Tamales (Pork),Salsa Verde Pork Tamales,preparation,false,"Pork tamales have real latitude in the filling and sauce — red chile, green chile, and salsa verde represent genuinely different dinners a home cook would choose between.",false,
162,Mexican/Tex-Mex,Beef Taquitos,Classic Shredded Beef Taquitos with Salsa Verde and Sour Cream,preparation,false,"Beef taquitos have real latitude in the beef filling's seasoning and preparation style, making that the natural source of distinct versions.",false,
162,Mexican/Tex-Mex,Beef Taquitos,Smoky Chipotle Beef Taquitos with Avocado Crema,preparation,false,"Beef taquitos have real latitude in the beef filling's seasoning and preparation style, making that the natural source of distinct versions.",false,
162,Mexican/Tex-Mex,Beef Taquitos,Picadillo Beef Taquitos with Pico de Gallo,preparation,false,"Beef taquitos have real latitude in the beef filling's seasoning and preparation style, making that the natural source of distinct versions.",false,
163,Mexican/Tex-Mex,Chicken Flautas,Chicken Flautas with Guacamole and Mexican Rice,accompaniment,false,Chicken flautas have one correct form — shredded chicken rolled tight in a tortilla and fried crisp — so the versions differ by what's served alongside to complete the plate.,false,
163,Mexican/Tex-Mex,Chicken Flautas,Chicken Flautas with Salsa Verde and Refried Beans,accompaniment,false,Chicken flautas have one correct form — shredded chicken rolled tight in a tortilla and fried crisp — so the versions differ by what's served alongside to complete the plate.,false,
163,Mexican/Tex-Mex,Chicken Flautas,"Chicken Flautas with Crema, Shredded Cabbage Slaw, and Pico de Gallo",accompaniment,false,Chicken flautas have one correct form — shredded chicken rolled tight in a tortilla and fried crisp — so the versions differ by what's served alongside to complete the plate.,false,
164,Mexican/Tex-Mex,Carne Asada Plate,"Carne Asada Plate with Mexican Rice, Charro Beans, and Grilled Scallions",accompaniment,false,"Carne asada has one correct form — thin-cut beef marinated in citrus and spices, grilled over high heat — so versions differ by what completes the plate alongside it.",false,
164,Mexican/Tex-Mex,Carne Asada Plate,"Carne Asada Plate with Street Corn, Avocado Slices, and Warm Flour Tortillas",accompaniment,false,"Carne asada has one correct form — thin-cut beef marinated in citrus and spices, grilled over high heat — so versions differ by what completes the plate alongside it.",false,
164,Mexican/Tex-Mex,Carne Asada Plate,"Carne Asada Plate with Roasted Poblano Peppers, Refried Beans, and Pickled Red Onions",accompaniment,false,"Carne asada has one correct form — thin-cut beef marinated in citrus and spices, grilled over high heat — so versions differ by what completes the plate alongside it.",false,
165,Mexican/Tex-Mex,Fajita Bowls,"Chicken Fajita Bowl with Cilantro-Lime Rice, Peppers and Onions, Black Beans, and Pico de Gallo",preparation,false,"The protein and seasoning profile are the wardrobe for a fajita bowl — chicken, steak, and shrimp each produce a genuinely different dinner with distinct flavor and texture.",false,
165,Mexican/Tex-Mex,Fajita Bowls,"Steak Fajita Bowl with Seasoned Rice, Charred Peppers and Onions, Guacamole, and Chipotle Crema",preparation,false,"The protein and seasoning profile are the wardrobe for a fajita bowl — chicken, steak, and shrimp each produce a genuinely different dinner with distinct flavor and texture.",false,
165,Mexican/Tex-Mex,Fajita Bowls,"Shrimp Fajita Bowl with Cilantro-Lime Rice, Sautéed Peppers and Onions, Corn Salsa, and Avocado Crema",preparation,false,"The protein and seasoning profile are the wardrobe for a fajita bowl — chicken, steak, and shrimp each produce a genuinely different dinner with distinct flavor and texture.",false,
166,Mexican/Tex-Mex,Elote-Style Chicken Bowls,"Grilled Chicken and Charred Corn Bowl with Cotija, Chili-Lime Crema, and Cilantro Rice",preparation,false,"The elote topping and chicken can be prepared in meaningfully different ways (grilled, roasted, spiced) that change the character of the bowl, and the base can shift between rice, greens, or grains while keeping the dish's identity intact.",false,
166,Mexican/Tex-Mex,Elote-Style Chicken Bowls,"Chipotle-Roasted Chicken Bowl with Street Corn Salsa, Black Beans, and Cilantro-Lime Rice",preparation,false,"The elote topping and chicken can be prepared in meaningfully different ways (grilled, roasted, spiced) that change the character of the bowl, and the base can shift between rice, greens, or grains while keeping the dish's identity intact.",false,
166,Mexican/Tex-Mex,Elote-Style Chicken Bowls,"Spiced Chicken Bowl over Romaine with Elote Toppings, Pickled Jalapeños, and Avocado",preparation,false,"The elote topping and chicken can be prepared in meaningfully different ways (grilled, roasted, spiced) that change the character of the bowl, and the base can shift between rice, greens, or grains while keeping the dish's identity intact.",false,
167,Mexican/Tex-Mex,Birria Tacos,Beef Birria Tacos with Consommé,preparation,false,"Birria tacos have real latitude in the protein and the preparation style of the braise and consommé, which meaningfully changes what ends up in the taco.",false,
167,Mexican/Tex-Mex,Birria Tacos,Goat Birria Tacos with Consommé,preparation,false,"Birria tacos have real latitude in the protein and the preparation style of the braise and consommé, which meaningfully changes what ends up in the taco.",false,
167,Mexican/Tex-Mex,Birria Tacos,Chicken Birria Tacos with Consommé,preparation,false,"Birria tacos have real latitude in the protein and the preparation style of the braise and consommé, which meaningfully changes what ends up in the taco.",false,
168,Chicken,Baked Chicken Drumsticks,BBQ-Glazed Baked Drumsticks,preparation,false,"Drumsticks are a blank canvas that takes well to very different seasoning and glaze approaches, each producing a genuinely different dinner.",false,
168,Chicken,Baked Chicken Drumsticks,Crispy Garlic-Herb Baked Drumsticks,preparation,false,"Drumsticks are a blank canvas that takes well to very different seasoning and glaze approaches, each producing a genuinely different dinner.",false,
168,Chicken,Baked Chicken Drumsticks,Honey-Soy Baked Drumsticks,preparation,false,"Drumsticks are a blank canvas that takes well to very different seasoning and glaze approaches, each producing a genuinely different dinner.",false,
169,Chicken,BBQ Chicken Drumsticks,Classic Smoky BBQ Drumsticks with Cornbread and Coleslaw,preparation,false,"BBQ drumsticks have real latitude in sauce style, heat level, and cooking method, producing genuinely different eating experiences.",false,
169,Chicken,BBQ Chicken Drumsticks,Honey-Glazed BBQ Drumsticks with Roasted Corn and Baked Beans,preparation,false,"BBQ drumsticks have real latitude in sauce style, heat level, and cooking method, producing genuinely different eating experiences.",false,
169,Chicken,BBQ Chicken Drumsticks,Spicy Chipotle BBQ Drumsticks with Pickled Jalapeño Slaw and Grilled Corn,preparation,false,"BBQ drumsticks have real latitude in sauce style, heat level, and cooking method, producing genuinely different eating experiences.",false,
170,Chicken,Chicken and Waffles,Southern Fried Chicken and Buttermilk Waffles,preparation,false,"Chicken and waffles has genuine latitude in both the chicken preparation and the waffle style, producing meaningfully different dinners — the combination itself is the identity, and both halves of it can be dressed differently.",false,
170,Chicken,Chicken and Waffles,Nashville Hot Chicken and Honey Waffles,preparation,false,"Chicken and waffles has genuine latitude in both the chicken preparation and the waffle style, producing meaningfully different dinners — the combination itself is the identity, and both halves of it can be dressed differently.",false,
170,Chicken,Chicken and Waffles,Crispy Chicken Sandwich and Belgian Waffle,preparation,false,"Chicken and waffles has genuine latitude in both the chicken preparation and the waffle style, producing meaningfully different dinners — the combination itself is the identity, and both halves of it can be dressed differently.",false,
171,Chicken,Nashville Hot Chicken,Nashville Hot Chicken with Classic Coleslaw and Pickled Okra,accompaniment,false,Nashville Hot Chicken has a fixed identity — spicy cayenne-paste-fried chicken served on white bread with pickles — so versions differ by what rounds out the plate alongside it.,false,
171,Chicken,Nashville Hot Chicken,Nashville Hot Chicken with Pimento Mac and Cheese and Dill Pickles,accompaniment,false,Nashville Hot Chicken has a fixed identity — spicy cayenne-paste-fried chicken served on white bread with pickles — so versions differ by what rounds out the plate alongside it.,false,
171,Chicken,Nashville Hot Chicken,Nashville Hot Chicken with Baked Beans and Sweet Corn Bread,accompaniment,false,Nashville Hot Chicken has a fixed identity — spicy cayenne-paste-fried chicken served on white bread with pickles — so versions differ by what rounds out the plate alongside it.,false,
172,Chicken,Chicken Nuggets (Homemade),Buttermilk-Fried Chicken Nuggets,preparation,false,"Homemade nuggets have real latitude in coating and cooking method, producing genuinely different results — crispy breadcrumb, buttermilk-fried, and baked panko each eat differently enough to be distinct dinners.",false,
172,Chicken,Chicken Nuggets (Homemade),Crispy Panko-Baked Chicken Nuggets,preparation,false,"Homemade nuggets have real latitude in coating and cooking method, producing genuinely different results — crispy breadcrumb, buttermilk-fried, and baked panko each eat differently enough to be distinct dinners.",false,
172,Chicken,Chicken Nuggets (Homemade),Seasoned Cornmeal-Crusted Chicken Nuggets,preparation,false,"Homemade nuggets have real latitude in coating and cooking method, producing genuinely different results — crispy breadcrumb, buttermilk-fried, and baked panko each eat differently enough to be distinct dinners.",false,
173,Chicken,Popcorn Chicken,Classic Buttermilk Popcorn Chicken with Honey Mustard,preparation,false,"Popcorn chicken's seasoning, coating, and dipping sauce vary meaningfully across real home versions, giving the dish genuine wardrobe latitude.",false,
173,Chicken,Popcorn Chicken,Nashville Hot Popcorn Chicken with Ranch Dipping Sauce,preparation,false,"Popcorn chicken's seasoning, coating, and dipping sauce vary meaningfully across real home versions, giving the dish genuine wardrobe latitude.",false,
173,Chicken,Popcorn Chicken,Garlic Parmesan Popcorn Chicken with Marinara,preparation,false,"Popcorn chicken's seasoning, coating, and dipping sauce vary meaningfully across real home versions, giving the dish genuine wardrobe latitude.",false,
174,Chicken,Chicken Schnitzel,"Chicken Schnitzel with Lemon, Capers, and Buttered Egg Noodles",accompaniment,false,"Chicken schnitzel has one correct form — pounded thin, breaded, pan-fried — so versions are best distinguished by what completes the plate alongside it.",false,
174,Chicken,Chicken Schnitzel,Chicken Schnitzel with Warm German Potato Salad and Braised Red Cabbage,accompaniment,false,"Chicken schnitzel has one correct form — pounded thin, breaded, pan-fried — so versions are best distinguished by what completes the plate alongside it.",false,
174,Chicken,Chicken Schnitzel,Chicken Schnitzel with Arugula and Tomato Salad,accompaniment,false,"Chicken schnitzel has one correct form — pounded thin, breaded, pan-fried — so versions are best distinguished by what completes the plate alongside it.",false,
175,Chicken,Smothered Chicken,Smothered Chicken with Caramelized Onion Gravy over White Rice,preparation,false,"Smothered chicken's identity is pan-seared chicken in a rich pan gravy, but the gravy's base and seasoning have real latitude — onion-cream, Cajun, mushroom — producing genuinely different dinners.",false,
175,Chicken,Smothered Chicken,Cajun Smothered Chicken with Dirty Rice,preparation,false,"Smothered chicken's identity is pan-seared chicken in a rich pan gravy, but the gravy's base and seasoning have real latitude — onion-cream, Cajun, mushroom — producing genuinely different dinners.",false,
175,Chicken,Smothered Chicken,Smothered Chicken with Mushroom and Herb Gravy over Egg Noodles,preparation,false,"Smothered chicken's identity is pan-seared chicken in a rich pan gravy, but the gravy's base and seasoning have real latitude — onion-cream, Cajun, mushroom — producing genuinely different dinners.",false,
176,Chicken,Chicken and Gravy over Biscuits,Creamy Country Chicken and Gravy over Biscuits,preparation,false,"The gravy style and chicken preparation carry real variety — creamy country gravy, pan drippings brown gravy, and a vegetable-loaded stew-style gravy each produce a genuinely different dinner while remaining the same dish.",false,
176,Chicken,Chicken and Gravy over Biscuits,Roasted Chicken and Brown Gravy over Biscuits,preparation,false,"The gravy style and chicken preparation carry real variety — creamy country gravy, pan drippings brown gravy, and a vegetable-loaded stew-style gravy each produce a genuinely different dinner while remaining the same dish.",false,
176,Chicken,Chicken and Gravy over Biscuits,Chicken and Vegetable Stew over Biscuits,preparation,false,"The gravy style and chicken preparation carry real variety — creamy country gravy, pan drippings brown gravy, and a vegetable-loaded stew-style gravy each produce a genuinely different dinner while remaining the same dish.",false,
177,Chicken,Lemon Pepper Chicken,Grilled Lemon Pepper Chicken,preparation,false,"Lemon pepper chicken has real latitude in how it's cooked — grilled, baked, and pan-seared each produce a genuinely different eating experience in texture, crust, and char.",false,
177,Chicken,Lemon Pepper Chicken,Crispy Baked Lemon Pepper Chicken,preparation,false,"Lemon pepper chicken has real latitude in how it's cooked — grilled, baked, and pan-seared each produce a genuinely different eating experience in texture, crust, and char.",false,
177,Chicken,Lemon Pepper Chicken,Pan-Seared Lemon Pepper Chicken with Butter Pan Sauce,preparation,false,"Lemon pepper chicken has real latitude in how it's cooked — grilled, baked, and pan-seared each produce a genuinely different eating experience in texture, crust, and char.",false,
178,Chicken,Garlic Butter Chicken Bites,Classic Garlic Butter Chicken Bites with Parsley and Lemon,preparation,false,"The garlic-butter base is fixed, but the seasoning profile, heat level, and finishing touches give this dish real latitude in its own preparation.",false,
178,Chicken,Garlic Butter Chicken Bites,Spicy Garlic Butter Chicken Bites with Chili Flakes and Honey,preparation,false,"The garlic-butter base is fixed, but the seasoning profile, heat level, and finishing touches give this dish real latitude in its own preparation.",false,
178,Chicken,Garlic Butter Chicken Bites,Herb Garlic Butter Chicken Bites with Rosemary and Parmesan,preparation,false,"The garlic-butter base is fixed, but the seasoning profile, heat level, and finishing touches give this dish real latitude in its own preparation.",false,
179,Italian-American,Chicken Cacciatore,Classic Tomato and Red Wine Chicken Cacciatore,preparation,false,"Cacciatore has real latitude in its braising base and aromatics — wine color, olive presence, pepper mix, and herb profile genuinely change the character of the dish without altering its identity as braised chicken in a hunter's sauce.",false,
179,Italian-American,Chicken Cacciatore,White Wine and Mushroom Chicken Cacciatore,preparation,false,"Cacciatore has real latitude in its braising base and aromatics — wine color, olive presence, pepper mix, and herb profile genuinely change the character of the dish without altering its identity as braised chicken in a hunter's sauce.",false,
179,Italian-American,Chicken Cacciatore,Roasted Pepper and Olive Chicken Cacciatore,preparation,false,"Cacciatore has real latitude in its braising base and aromatics — wine color, olive presence, pepper mix, and herb profile genuinely change the character of the dish without altering its identity as braised chicken in a hunter's sauce.",false,
180,Italian-American,Chicken Saltimbocca,Chicken Saltimbocca with Lemon-Caper Roasted Potatoes,accompaniment,false,"Chicken saltimbocca has a fixed, precise form — thin chicken breast, prosciutto, and fresh sage, pan-seared in butter and white wine — leaving no meaningful latitude in its own preparation without breaking the dish.",false,
180,Italian-American,Chicken Saltimbocca,Chicken Saltimbocca with Creamy Polenta and Wilted Spinach,accompaniment,false,"Chicken saltimbocca has a fixed, precise form — thin chicken breast, prosciutto, and fresh sage, pan-seared in butter and white wine — leaving no meaningful latitude in its own preparation without breaking the dish.",false,
180,Italian-American,Chicken Saltimbocca,Chicken Saltimbocca with White Bean and Arugula Salad,accompaniment,false,"Chicken saltimbocca has a fixed, precise form — thin chicken breast, prosciutto, and fresh sage, pan-seared in butter and white wine — leaving no meaningful latitude in its own preparation without breaking the dish.",false,
181,Italian-American,Chicken Francese,Chicken Francese with Angel Hair Pasta,accompaniment,false,"Chicken Francese has one correct form — egg-dipped, lightly floured cutlets in a lemon-butter-wine pan sauce — so versions differ by what rounds the plate out.",false,
181,Italian-American,Chicken Francese,Chicken Francese with Roasted Asparagus and Crusty Bread,accompaniment,false,"Chicken Francese has one correct form — egg-dipped, lightly floured cutlets in a lemon-butter-wine pan sauce — so versions differ by what rounds the plate out.",false,
181,Italian-American,Chicken Francese,Chicken Francese with Creamy Polenta and Wilted Spinach,accompaniment,false,"Chicken Francese has one correct form — egg-dipped, lightly floured cutlets in a lemon-butter-wine pan sauce — so versions differ by what rounds the plate out.",false,
182,Italian-American,Chicken Scampi,Classic Chicken Scampi over Linguine,preparation,false,"Chicken Scampi has real latitude in its preparation — the garlic-butter-white-wine sauce can be built with different flavor emphases, and the dish can be served over different bases that genuinely change what you eat.",false,
182,Italian-American,Chicken Scampi,Lemon-Herb Chicken Scampi over Angel Hair,preparation,false,"Chicken Scampi has real latitude in its preparation — the garlic-butter-white-wine sauce can be built with different flavor emphases, and the dish can be served over different bases that genuinely change what you eat.",false,
182,Italian-American,Chicken Scampi,Spicy Chicken Scampi with Cherry Tomatoes over Linguine,preparation,false,"Chicken Scampi has real latitude in its preparation — the garlic-butter-white-wine sauce can be built with different flavor emphases, and the dish can be served over different bases that genuinely change what you eat.",false,
183,Chicken,Rotisserie-Style Chicken,Classic Herb-Rubbed Rotisserie-Style Chicken,preparation,false,"Rotisserie-style chicken is defined by its slow-roasted, self-basted technique, but the seasoning rub and aromatics vary widely and produce genuinely different dinners.",false,
183,Chicken,Rotisserie-Style Chicken,Smoky Paprika and Garlic Rotisserie-Style Chicken,preparation,false,"Rotisserie-style chicken is defined by its slow-roasted, self-basted technique, but the seasoning rub and aromatics vary widely and produce genuinely different dinners.",false,
183,Chicken,Rotisserie-Style Chicken,Lemon-Pepper Rotisserie-Style Chicken,preparation,false,"Rotisserie-style chicken is defined by its slow-roasted, self-basted technique, but the seasoning rub and aromatics vary widely and produce genuinely different dinners.",false,
184,Grilling/BBQ,Beer Can Chicken,Classic BBQ Beer Can Chicken,preparation,false,"The rub, smoke, and glaze vary meaningfully across versions, producing genuinely different birds while the core technique — whole chicken roasted upright over a can of liquid — stays intact.",false,
184,Grilling/BBQ,Beer Can Chicken,Smoky Chipotle Beer Can Chicken,preparation,false,"The rub, smoke, and glaze vary meaningfully across versions, producing genuinely different birds while the core technique — whole chicken roasted upright over a can of liquid — stays intact.",false,
184,Grilling/BBQ,Beer Can Chicken,Herb and Garlic Beer Can Chicken,preparation,false,"The rub, smoke, and glaze vary meaningfully across versions, producing genuinely different birds while the core technique — whole chicken roasted upright over a can of liquid — stays intact.",false,
185,Grilling/BBQ,Spatchcock Grilled Chicken,Herb-Marinated Spatchcock Grilled Chicken,preparation,false,"Spatchcock chicken's flat, open form takes seasoning and glaze in genuinely different directions — herb-marinated, spice-rubbed, and glazed are real distinct dinners, not just substitutions.",false,
185,Grilling/BBQ,Spatchcock Grilled Chicken,Smoky Spice-Rubbed Spatchcock Grilled Chicken,preparation,false,"Spatchcock chicken's flat, open form takes seasoning and glaze in genuinely different directions — herb-marinated, spice-rubbed, and glazed are real distinct dinners, not just substitutions.",false,
185,Grilling/BBQ,Spatchcock Grilled Chicken,BBQ-Glazed Spatchcock Grilled Chicken,preparation,false,"Spatchcock chicken's flat, open form takes seasoning and glaze in genuinely different directions — herb-marinated, spice-rubbed, and glazed are real distinct dinners, not just substitutions.",false,
186,Grilling/BBQ,Grilled Whole Chicken,Spatchcocked Lemon-Herb Grilled Chicken,preparation,false,"Grilled whole chicken has real latitude in seasoning, technique, and glaze — spatchcocking, beer-can style, and dry-rub profiles all produce genuinely different dinners.",false,
186,Grilling/BBQ,Grilled Whole Chicken,BBQ-Glazed Beer Can Chicken,preparation,false,"Grilled whole chicken has real latitude in seasoning, technique, and glaze — spatchcocking, beer-can style, and dry-rub profiles all produce genuinely different dinners.",false,
186,Grilling/BBQ,Grilled Whole Chicken,Smoky Dry-Rubbed Grilled Chicken,preparation,false,"Grilled whole chicken has real latitude in seasoning, technique, and glaze — spatchcocking, beer-can style, and dry-rub profiles all produce genuinely different dinners.",false,
187,Greek/Mediterranean,Chicken Souvlaki,"Chicken Souvlaki with Warm Pita, Tzatziki, and Tomato-Onion Salad",accompaniment,false,"Chicken souvlaki has a fixed identity — marinated, skewered, grilled chicken — so versions come from what surrounds it at the table, not from changing the skewer itself.",false,
187,Greek/Mediterranean,Chicken Souvlaki,"Chicken Souvlaki Plate with Lemon Rice, Roasted Vegetables, and Tzatziki",accompaniment,false,"Chicken souvlaki has a fixed identity — marinated, skewered, grilled chicken — so versions come from what surrounds it at the table, not from changing the skewer itself.",false,
187,Greek/Mediterranean,Chicken Souvlaki,"Chicken Souvlaki Bowl with Orzo, Cucumber-Olive Salad, and Feta",accompaniment,false,"Chicken souvlaki has a fixed identity — marinated, skewered, grilled chicken — so versions come from what surrounds it at the table, not from changing the skewer itself.",false,
188,Greek/Mediterranean,Greek Chicken (Sheet Pan),Classic Lemon-Herb Sheet Pan Greek Chicken with Potatoes and Olives,preparation,false,"Sheet-pan Greek chicken has real latitude in its seasoning profile, the vegetables roasted alongside, and finishing elements — all of which change what a person actually eats.",false,
188,Greek/Mediterranean,Greek Chicken (Sheet Pan),"Garlic-Oregano Sheet Pan Greek Chicken with Zucchini, Tomatoes, and Feta",preparation,false,"Sheet-pan Greek chicken has real latitude in its seasoning profile, the vegetables roasted alongside, and finishing elements — all of which change what a person actually eats.",false,
188,Greek/Mediterranean,Greek Chicken (Sheet Pan),Tzatziki-Marinated Sheet Pan Greek Chicken with Red Onion and Roasted Peppers,preparation,false,"Sheet-pan Greek chicken has real latitude in its seasoning profile, the vegetables roasted alongside, and finishing elements — all of which change what a person actually eats.",false,
189,Middle Eastern,Chicken Shawarma Bowls,"Classic Chicken Shawarma Bowl with Garlic Sauce, Cucumber-Tomato Salad, and Pita Chips over Rice",preparation,false,"Shawarma bowls have real latitude in spice profile, grain base, and sauce, making preparation the natural axis for meaningful variation.",false,
189,Middle Eastern,Chicken Shawarma Bowls,"Spiced Chicken Shawarma Bowl with Tahini, Roasted Chickpeas, and Pickled Red Onion over Bulgur",preparation,false,"Shawarma bowls have real latitude in spice profile, grain base, and sauce, making preparation the natural axis for meaningful variation.",false,
189,Middle Eastern,Chicken Shawarma Bowls,"Harissa Chicken Shawarma Bowl with Hummus, Arugula, and Lemon-Herb Couscous",preparation,false,"Shawarma bowls have real latitude in spice profile, grain base, and sauce, making preparation the natural axis for meaningful variation.",false,
190,Middle Eastern,Falafel,"Falafel Pita with Tahini, Tomato, and Cucumber",accompaniment,false,"Falafel has one correct form — herb-spiced chickpea fritters, deep-fried until crisp — so versions differ by how the plate is built around them.",false,
190,Middle Eastern,Falafel,"Falafel Plate with Hummus, Tabbouleh, and Warm Flatbread",accompaniment,false,"Falafel has one correct form — herb-spiced chickpea fritters, deep-fried until crisp — so versions differ by how the plate is built around them.",false,
190,Middle Eastern,Falafel,"Falafel Bowl with Spiced Rice, Roasted Vegetables, and Yogurt Sauce",accompaniment,false,"Falafel has one correct form — herb-spiced chickpea fritters, deep-fried until crisp — so versions differ by how the plate is built around them.",false,
191,Middle Eastern,Beef Kofta (Kebabs),"Beef Kofta with Warm Pita, Tzatziki, and Tomato-Cucumber Salad",accompaniment,false,Beef kofta has one correct form — spiced ground beef shaped onto skewers and grilled — so versions differ by what's served alongside rather than how the kofta itself is made.,false,
191,Middle Eastern,Beef Kofta (Kebabs),Beef Kofta over Saffron Rice with Roasted Red Pepper Sauce,accompaniment,false,Beef kofta has one correct form — spiced ground beef shaped onto skewers and grilled — so versions differ by what's served alongside rather than how the kofta itself is made.,false,
191,Middle Eastern,Beef Kofta (Kebabs),"Beef Kofta with Hummus, Pickled Onions, and Charred Flatbread",accompaniment,false,Beef kofta has one correct form — spiced ground beef shaped onto skewers and grilled — so versions differ by what's served alongside rather than how the kofta itself is made.,false,
192,Indian/South Asian,Butter Chicken,Butter Chicken with Garlic Naan and Basmati Rice,accompaniment,false,Butter chicken has a well-defined canonical form — a tomato-cream sauce with tandoori-spiced chicken — and its wardrobe is narrow enough that meaningful preparation variants would drift into different dishes; the real dinner choice is what you serve alongside it.,false,
192,Indian/South Asian,Butter Chicken,Butter Chicken with Steamed Basmati Rice and Cucumber Raita,accompaniment,false,Butter chicken has a well-defined canonical form — a tomato-cream sauce with tandoori-spiced chicken — and its wardrobe is narrow enough that meaningful preparation variants would drift into different dishes; the real dinner choice is what you serve alongside it.,false,
192,Indian/South Asian,Butter Chicken,Butter Chicken with Whole Wheat Roti and Roasted Cauliflower,accompaniment,false,Butter chicken has a well-defined canonical form — a tomato-cream sauce with tandoori-spiced chicken — and its wardrobe is narrow enough that meaningful preparation variants would drift into different dishes; the real dinner choice is what you serve alongside it.,false,
193,Indian/South Asian,Chicken Biryani,Hyderabadi Dum Chicken Biryani,preparation,false,"Biryani's identity is in how it's built and spiced — the layering method, regional spice profile, and cooking technique (dum vs. stovetop) produce genuinely different dinners.",false,
193,Indian/South Asian,Chicken Biryani,Lucknowi Chicken Biryani,preparation,false,"Biryani's identity is in how it's built and spiced — the layering method, regional spice profile, and cooking technique (dum vs. stovetop) produce genuinely different dinners.",false,
193,Indian/South Asian,Chicken Biryani,Everyday Stovetop Chicken Biryani,preparation,false,"Biryani's identity is in how it's built and spiced — the layering method, regional spice profile, and cooking technique (dum vs. stovetop) produce genuinely different dinners.",false,
194,Indian/South Asian,Chana Masala,Tangy Tomato Chana Masala,preparation,false,"Chana masala has real latitude in its spice profile, tomato base, and finishing style — from bright and tangy to deeply smoky to creamy — making preparation the natural axis.",false,
194,Indian/South Asian,Chana Masala,Smoky Whole-Spice Chana Masala,preparation,false,"Chana masala has real latitude in its spice profile, tomato base, and finishing style — from bright and tangy to deeply smoky to creamy — making preparation the natural axis.",false,
194,Indian/South Asian,Chana Masala,Creamy Coconut Chana Masala,preparation,false,"Chana masala has real latitude in its spice profile, tomato base, and finishing style — from bright and tangy to deeply smoky to creamy — making preparation the natural axis.",false,
195,Indian/South Asian,Dal (Lentil Curry),Red Lentil Dal with Cumin-Tomato Tadka,preparation,false,"Dal varies significantly in its own preparation — the lentil used, the spice base, and the tempering technique produce genuinely different dishes a diner would recognize and choose between.",false,
195,Indian/South Asian,Dal (Lentil Curry),Dal Makhani,preparation,false,"Dal varies significantly in its own preparation — the lentil used, the spice base, and the tempering technique produce genuinely different dishes a diner would recognize and choose between.",false,
195,Indian/South Asian,Dal (Lentil Curry),Yellow Dal Tadka,preparation,false,"Dal varies significantly in its own preparation — the lentil used, the spice base, and the tempering technique produce genuinely different dishes a diner would recognize and choose between.",false,
196,Indian/South Asian,Palak Paneer,Classic Home-Style Palak Paneer,preparation,false,"Palak paneer has real latitude in how the spinach sauce is built and finished — from a bright, lightly spiced home-style version to a richer, creamier restaurant style — and the paneer itself can be added fresh or pan-fried, producing genuinely different dinners.",false,
196,Indian/South Asian,Palak Paneer,Creamy Restaurant-Style Palak Paneer,preparation,false,"Palak paneer has real latitude in how the spinach sauce is built and finished — from a bright, lightly spiced home-style version to a richer, creamier restaurant style — and the paneer itself can be added fresh or pan-fried, producing genuinely different dinners.",false,
196,Indian/South Asian,Palak Paneer,Palak Paneer with Crispy Pan-Fried Paneer,preparation,false,"Palak paneer has real latitude in how the spinach sauce is built and finished — from a bright, lightly spiced home-style version to a richer, creamier restaurant style — and the paneer itself can be added fresh or pan-fried, producing genuinely different dinners.",false,
197,Indian/South Asian,Chicken Korma,Classic Mughal Chicken Korma,preparation,false,"Korma's sauce is its identity and has genuine latitude — the richness, spice profile, and base (yogurt-forward, coconut-forward, or nut-thickened) produce meaningfully different dinners while all remaining korma.",false,
197,Indian/South Asian,Chicken Korma,Coconut Chicken Korma,preparation,false,"Korma's sauce is its identity and has genuine latitude — the richness, spice profile, and base (yogurt-forward, coconut-forward, or nut-thickened) produce meaningfully different dinners while all remaining korma.",false,
197,Indian/South Asian,Chicken Korma,Yogurt and Cashew Chicken Korma,preparation,false,"Korma's sauce is its identity and has genuine latitude — the richness, spice profile, and base (yogurt-forward, coconut-forward, or nut-thickened) produce meaningfully different dinners while all remaining korma.",false,
198,Indian/South Asian,Beef Curry,Slow-Cooked Beef Curry with Tomato and Onion Masala,preparation,false,"Beef curry has genuine latitude in its own preparation — the sauce base, spice profile, and technique vary meaningfully across South Asian traditions, producing distinct dishes a diner would recognize as different.",false,
198,Indian/South Asian,Beef Curry,Beef Keema Curry with Peas,preparation,false,"Beef curry has genuine latitude in its own preparation — the sauce base, spice profile, and technique vary meaningfully across South Asian traditions, producing distinct dishes a diner would recognize as different.",false,
198,Indian/South Asian,Beef Curry,Coconut Beef Curry with Curry Leaves,preparation,false,"Beef curry has genuine latitude in its own preparation — the sauce base, spice profile, and technique vary meaningfully across South Asian traditions, producing distinct dishes a diner would recognize as different.",false,
199,Indian/South Asian,Vegetable Curry,Saag Aloo (Spinach and Potato Curry),preparation,false,"Vegetable curry has wide legitimate variation in sauce base, spice profile, and featured vegetables — these choices produce genuinely different dinners.",false,
199,Indian/South Asian,Vegetable Curry,Coconut Vegetable Curry,preparation,false,"Vegetable curry has wide legitimate variation in sauce base, spice profile, and featured vegetables — these choices produce genuinely different dinners.",false,
199,Indian/South Asian,Vegetable Curry,Roasted Cauliflower and Tomato Curry,preparation,false,"Vegetable curry has wide legitimate variation in sauce base, spice profile, and featured vegetables — these choices produce genuinely different dinners.",false,
200,Indian/South Asian,Chicken Vindaloo,Classic Chicken Vindaloo with Steamed Basmati Rice,preparation,false,"Vindaloo's heat level, spice balance, and accompanying starch are all genuine variables in home cooking — the sauce and its intensity are the dish's wardrobe.",false,
200,Indian/South Asian,Chicken Vindaloo,Mild Chicken Vindaloo with Garlic Naan,preparation,false,"Vindaloo's heat level, spice balance, and accompanying starch are all genuine variables in home cooking — the sauce and its intensity are the dish's wardrobe.",false,
200,Indian/South Asian,Chicken Vindaloo,Extra-Hot Chicken Vindaloo with Coconut Rice,preparation,false,"Vindaloo's heat level, spice balance, and accompanying starch are all genuine variables in home cooking — the sauce and its intensity are the dish's wardrobe.",false,
201,Indian/South Asian,Saag Chicken,Classic Saag Chicken,preparation,false,"Saag chicken varies meaningfully in the greens used, the spice profile, and the finishing technique — all of which change what ends up in the bowl.",false,
201,Indian/South Asian,Saag Chicken,Saag Chicken with Mustard Greens,preparation,false,"Saag chicken varies meaningfully in the greens used, the spice profile, and the finishing technique — all of which change what ends up in the bowl.",false,
201,Indian/South Asian,Saag Chicken,Coconut Saag Chicken,preparation,false,"Saag chicken varies meaningfully in the greens used, the spice profile, and the finishing technique — all of which change what ends up in the bowl.",false,
202,Asian-American,Thai Green Curry (Chicken),Classic Chicken Green Curry with Jasmine Rice,preparation,false,"Green curry has real latitude in heat level, coconut richness, and the vegetables and aromatics folded in, producing genuinely different dinners while the dish stays itself.",false,
202,Asian-American,Thai Green Curry (Chicken),Coconut-Rich Chicken Green Curry with Thai Eggplant and Bamboo Shoots,preparation,false,"Green curry has real latitude in heat level, coconut richness, and the vegetables and aromatics folded in, producing genuinely different dinners while the dish stays itself.",false,
202,Asian-American,Thai Green Curry (Chicken),"Light Chicken Green Curry with Zucchini, Snap Peas, and Brown Rice",preparation,false,"Green curry has real latitude in heat level, coconut richness, and the vegetables and aromatics folded in, producing genuinely different dinners while the dish stays itself.",false,
203,Asian-American,Thai Red Curry (Chicken),Thai Red Curry with Jasmine Rice,accompaniment,false,"Thai red curry has a well-established form — coconut milk broth, red curry paste, chicken, vegetables — and the meaningful variation for a home cook is what starch or side completes the meal.",false,
203,Asian-American,Thai Red Curry (Chicken),Thai Red Curry with Rice Noodles,accompaniment,false,"Thai red curry has a well-established form — coconut milk broth, red curry paste, chicken, vegetables — and the meaningful variation for a home cook is what starch or side completes the meal.",false,
203,Asian-American,Thai Red Curry (Chicken),Thai Red Curry with Roti,accompaniment,false,"Thai red curry has a well-established form — coconut milk broth, red curry paste, chicken, vegetables — and the meaningful variation for a home cook is what starch or side completes the meal.",false,
204,Asian-American,Thai Red Curry (Shrimp),Shrimp Red Curry with Steamed Jasmine Rice,accompaniment,false,"Shrimp red curry has a canonical form — coconut milk broth, red curry paste, shrimp, aromatics — that home cooks don't significantly restructure; the meal changes meaningfully by what starch or side absorbs and balances the rich, spiced sauce.",false,
204,Asian-American,Thai Red Curry (Shrimp),Shrimp Red Curry with Rice Noodles and Crispy Shallots,accompaniment,false,"Shrimp red curry has a canonical form — coconut milk broth, red curry paste, shrimp, aromatics — that home cooks don't significantly restructure; the meal changes meaningfully by what starch or side absorbs and balances the rich, spiced sauce.",false,
204,Asian-American,Thai Red Curry (Shrimp),Shrimp Red Curry with Roti and Cucumber Salad,accompaniment,false,"Shrimp red curry has a canonical form — coconut milk broth, red curry paste, shrimp, aromatics — that home cooks don't significantly restructure; the meal changes meaningfully by what starch or side absorbs and balances the rich, spiced sauce.",false,
205,Asian-American,Panang Curry,Chicken Panang Curry with Jasmine Rice,preparation,false,"Panang curry's rich, peanut-thickened coconut base stays constant, but the protein and its accompaniments vary meaningfully enough to produce genuinely different dinners.",false,
205,Asian-American,Panang Curry,Beef Panang Curry with Jasmine Rice,preparation,false,"Panang curry's rich, peanut-thickened coconut base stays constant, but the protein and its accompaniments vary meaningfully enough to produce genuinely different dinners.",false,
205,Asian-American,Panang Curry,Tofu and Vegetable Panang Curry with Jasmine Rice,preparation,false,"Panang curry's rich, peanut-thickened coconut base stays constant, but the protein and its accompaniments vary meaningfully enough to produce genuinely different dinners.",false,
206,Asian-American,Thai Basil Chicken (Pad Krapow),Classic Thai Basil Chicken with Fried Egg and Jasmine Rice,preparation,false,"Pad Krapow has real latitude in protein, heat level, and the style of the stir-fry sauce, making preparation the natural axis; the fried egg on rice is canonical and stays constant.",false,
206,Asian-American,Thai Basil Chicken (Pad Krapow),Spicy Thai Basil Chicken with Crispy Fried Egg and Jasmine Rice,preparation,false,"Pad Krapow has real latitude in protein, heat level, and the style of the stir-fry sauce, making preparation the natural axis; the fried egg on rice is canonical and stays constant.",false,
206,Asian-American,Thai Basil Chicken (Pad Krapow),Thai Basil Pork with Fried Egg and Jasmine Rice,preparation,false,"Pad Krapow has real latitude in protein, heat level, and the style of the stir-fry sauce, making preparation the natural axis; the fried egg on rice is canonical and stays constant.",false,
207,Asian-American,Drunken Noodles,Chicken Drunken Noodles,preparation,false,"Drunken Noodles has real latitude in its protein and heat level while keeping its identity — wide rice noodles, holy basil, chili heat, and savory fish-sauce-based sauce are fixed; the protein is wardrobe.",false,
207,Asian-American,Drunken Noodles,Beef Drunken Noodles,preparation,false,"Drunken Noodles has real latitude in its protein and heat level while keeping its identity — wide rice noodles, holy basil, chili heat, and savory fish-sauce-based sauce are fixed; the protein is wardrobe.",false,
207,Asian-American,Drunken Noodles,Shrimp Drunken Noodles,preparation,false,"Drunken Noodles has real latitude in its protein and heat level while keeping its identity — wide rice noodles, holy basil, chili heat, and savory fish-sauce-based sauce are fixed; the protein is wardrobe.",false,
208,Asian-American,Pad See Ew,Chicken Pad See Ew,preparation,false,"Pad See Ew's protein is a genuine wardrobe item — chicken, beef, shrimp, and tofu are all common, distinct choices that change what you eat — and the noodle char level and vegetable mix also shift the dish meaningfully.",false,
208,Asian-American,Pad See Ew,Beef Pad See Ew,preparation,false,"Pad See Ew's protein is a genuine wardrobe item — chicken, beef, shrimp, and tofu are all common, distinct choices that change what you eat — and the noodle char level and vegetable mix also shift the dish meaningfully.",false,
208,Asian-American,Pad See Ew,Shrimp Pad See Ew,preparation,false,"Pad See Ew's protein is a genuine wardrobe item — chicken, beef, shrimp, and tofu are all common, distinct choices that change what you eat — and the noodle char level and vegetable mix also shift the dish meaningfully.",false,
209,Asian-American,Beef and Snow Pea Stir-Fry,Beef and Snow Pea Stir-Fry over Steamed White Rice,accompaniment,false,"Beef and snow pea stir-fry has a canonical preparation — thin-sliced beef, snow peas, savory soy-based sauce — so versions differ by what it's served alongside.",false,
210,Asian-American,Cashew Shrimp,Cashew Shrimp Stir-Fry with Snap Peas and Steamed Rice,preparation,false,"Cashew Shrimp is a stir-fry dish with real latitude in its sauce profile and aromatics, making preparation the natural axis.",false,
211,Asian-American,Honey Walnut Shrimp,Honey Walnut Shrimp with Steamed Jasmine Rice,accompaniment,false,"Honey Walnut Shrimp has a fixed, well-known preparation — battered shrimp, candied walnuts, creamy honey-mayo sauce — so versions are defined by what's served alongside.",false,
212,Asian-American,Kung Pao Shrimp,Kung Pao Shrimp with Steamed Jasmine Rice,accompaniment,false,"Kung Pao Shrimp has a well-defined preparation — the stir-fry with dried chilies, peanuts, and Sichuan-style sauce is the dish — so the single version is defined by what it's served alongside.",false,
213,Asian-American,Szechuan Beef,Szechuan Beef with Dried Chilies and Scallions,preparation,false,"Szechuan Beef has real latitude in preparation — heat level, sauce balance, and cut of beef all shape the dish meaningfully — but N=1 asks for a single canonical version.",false,
214,Asian-American,Sweet and Sour Pork,Classic Sweet and Sour Pork,preparation,false,"Sweet and sour pork has real latitude in preparation — batter style, sauce balance, and vegetable mix all vary meaningfully — but N=1 asks for a single canonical version.",false,
215,Asian-American,Char Siu (BBQ Pork),Char Siu with Steamed Rice and Stir-Fried Bok Choy,accompaniment,false,Char siu has a canonical preparation — the sweet-savory lacquered pork is the dish — so versions differ by what completes the plate alongside it.,false,
216,Asian-American,Chicken Katsu,"Chicken Katsu with Steamed Rice, Tonkatsu Sauce, and Shredded Cabbage",accompaniment,false,"Chicken katsu has one correct form — breaded, fried cutlet — so versions differ by what's plated alongside it.",false,
217,Asian-American,Katsu Curry (Chicken),Chicken Katsu Curry with Steamed Rice and Pickled Daikon,accompaniment,false,Chicken katsu curry has a fixed identity — breaded fried cutlet over rice with Japanese curry sauce — so the dish itself doesn't vary; only what accompanies it can.,false,
218,Asian-American,Teriyaki Salmon Bowl,"Teriyaki Salmon Bowl with Steamed Rice, Edamame, and Pickled Cucumber",preparation,false,"The bowl format invites real variation in how the salmon is prepared and what grains, vegetables, and sauces complete the bowl.",false,
219,Asian-American,Poke Bowl (Tuna),Classic Shoyu Tuna Poke Bowl,preparation,false,"Tuna poke bowls have real latitude in marinade, toppings, and base, making preparation the natural axis.",false,
220,Asian-American,Bibimbap,Bibimbap with Miso Soup and Kimchi,accompaniment,false,"Bibimbap has a canonical form — rice, seasoned vegetables, egg, gochujang — that defines the dish; accompaniments complete the meal without altering the bowl itself.",false,
221,Asian-American,Korean Beef Bowl (Ground),"Korean Beef Bowl with Steamed Rice, Cucumber Kimchi, and a Fried Egg",accompaniment,false,"The ground beef bowl has one well-established preparation — seasoned with soy, sesame, garlic, and ginger over rice — so the natural variation is what accompanies it.",false,
222,Asian-American,Bulgogi (Korean BBQ Beef),Bulgogi with Steamed Rice and Banchan,accompaniment,false,Bulgogi has a well-established marinade and preparation; meaningful variety comes from what is served alongside it.,false,
223,Asian-American,Korean Fried Chicken,Soy-Garlic Korean Fried Chicken,preparation,false,"Korean fried chicken has real latitude in its glaze and seasoning — soy-garlic, spicy gochujang, and honey-butter are genuinely different dinners that are all still the same dish.",false,
224,Asian-American,Chicken Adobo,Chicken Adobo with Steamed White Rice,accompaniment,false,"Chicken Adobo has one correct form — braised in vinegar, soy, garlic, and bay leaf — so the single version is the canonical dish paired with its most natural accompaniment.",false,
225,Asian-American,Beef and Vegetable Ramen (Homemade),Beef and Vegetable Ramen with Soy-Ginger Broth,preparation,false,"Homemade ramen has real latitude in broth style and build, but N=1 means a single canonical version is all that's needed.",false,
226,Asian-American,Miso-Glazed Salmon,Miso-Glazed Salmon with Steamed Rice and Sesame Cucumber Salad,accompaniment,false,Miso-glazed salmon has one correct form — the glaze is the dish's identity — so versions differ by what's plated alongside it.,false,
227,Asian-American,Vegetable Fried Rice,Classic Vegetable Fried Rice,preparation,false,"Vegetable fried rice has real latitude in seasoning and aromatics — soy-forward, spicy, or egg-enriched preparations each produce a genuinely different plate.",false,
228,Asian-American,Vegetable Lo Mein,Classic Vegetable Lo Mein,preparation,false,"Lo mein has real latitude in its sauce profile and vegetable mix, but N=1 means only a single canonical version is needed.",false,
229,Asian-American,Tofu Stir-Fry,Garlic-Ginger Tofu Stir-Fry with Broccoli and Bell Pepper,preparation,false,"Tofu stir-fry has real latitude in sauce profile and vegetable mix, making preparation the natural axis.",false,
230,Asian-American,General Tso's Tofu,General Tso's Tofu with Steamed Jasmine Rice and Stir-Fried Bok Choy,accompaniment,false,General Tso's sauce and preparation are essentially fixed; the dish varies by what it's served alongside.,false,
231,Asian-American,Dumplings,Steamed Dumplings with Soy-Ginger Dipping Sauce and Cucumber Salad,accompaniment,false,"Dumplings in the Asian-American home context have a canonical form — filled dough pockets, boiled or steamed — and the meal is completed by what accompanies them at the table.",false,
232,Asian-American,Potstickers,Potstickers with Ginger Scallion Dipping Sauce and Cucumber Sesame Salad,accompaniment,false,"Potstickers have a canonical form — pan-seared, steamed-then-crisped dumplings served with dipping sauce — so the dish itself doesn't move; what varies is what rounds the plate into a full dinner.",false,
233,Asian-American,Fried Rice with Egg (Yang Chow),Yang Chow Fried Rice with Hot and Sour Soup,accompaniment,false,"Yang Chow fried rice has a well-established canonical form — day-old rice, egg, char siu pork, shrimp, scallions — leaving little room for preparation variation without changing its identity; versions differ by what's served alongside.",false,
234,Pork,Baked Ham,Brown Sugar and Mustard Glazed Baked Ham,preparation,false,"Baked ham has real latitude in its glaze and seasoning, which genuinely change the flavor profile of the finished dish.",false,
235,Casseroles/Bakes,Ham and Scalloped Potatoes,Ham and Scalloped Potatoes with Steamed Green Beans,accompaniment,false,"Ham and scalloped potatoes is a complete, self-contained casserole with a fixed identity; it pairs naturally with a simple green side to round out the meal.",false,
236,Pork,Pork Schnitzel,Pork Schnitzel with Warm German Potato Salad and Braised Red Cabbage,accompaniment,false,"Classic pork schnitzel has one correct form — pounded, breaded, and pan-fried — so versions differ by what's served alongside.",false,
237,Pork,Breaded Pork Chops,Breaded Pork Chops with Mashed Potatoes and Applesauce,accompaniment,false,"Breaded pork chops have one correct form — pounded, breaded, and pan-fried — so versions differ by what's served alongside.",false,
238,Pork,Smothered Pork Chops,Smothered Pork Chops with Mashed Potatoes and Collard Greens,accompaniment,false,Smothered pork chops have a fixed identity — pan-seared chops under a rich onion gravy — so the dish itself stays intact and versions differ by what's served alongside.,false,
239,Pork,Stuffed Pork Chops,Herb and Bread Stuffed Pork Chops,preparation,false,The stuffing and its seasoning profile are the natural variable in this dish — the pork chop itself is fixed but the filling defines the dinner.,false,
240,Pork,Pork Milanese,"Pork Milanese with Arugula, Lemon, and Shaved Parmesan",accompaniment,false,"Pork Milanese has one correct form — a thin, breaded, pan-fried pork cutlet — so versions differ by what is served alongside.",false,
241,Mexican/Tex-Mex,Pork Carnitas Bowls,"Pork Carnitas Bowl with Cilantro-Lime Rice, Black Beans, Pico de Gallo, and Avocado",accompaniment,false,"Carnitas are made one canonical way — slow-cooked, crisped pork — so the bowl varies by what it's built on and served with.",false,
242,Pork,Cuban Mojo Pork,"Cuban Mojo Pork with Black Beans, White Rice, and Fried Plantains",accompaniment,false,Cuban mojo pork has a fixed identity — citrus-garlic marinated slow-roasted pork — so the dish itself stays intact and versions differ by what completes the plate.,false,
243,Pork,Kalua Pork,Kalua Pork with Steamed White Rice and Macaroni Salad,accompaniment,false,"Kalua pork has one correct form — slow-cooked, smoky, shredded — so versions differ by what is served alongside it.",false,
244,Pork,Bratwurst and Sauerkraut,Bratwurst and Sauerkraut with Buttered Egg Noodles,accompaniment,false,Bratwurst and sauerkraut is a fixed pairing with one correct form; variety comes from what rounds out the plate.,false,
245,Pork,Italian Sausage and Peppers,Italian Sausage and Peppers on Hoagie Rolls,accompaniment,false,"Italian sausage and peppers has one correct form — sausage, bell peppers, and onions cooked together — so versions differ by what it's served alongside or in.",false,
246,Pork,Kielbasa and Cabbage,Skillet Kielbasa and Cabbage,preparation,false,"Kielbasa and cabbage is a flexible one-pot dish that can be prepared in meaningfully different ways — braised, roasted, or skillet-cooked — each producing a genuinely different dinner.",false,
247,Pork,Bacon-Wrapped Pork Tenderloin,Bacon-Wrapped Pork Tenderloin with Roasted Garlic Mashed Potatoes and Green Beans,accompaniment,false,Bacon-wrapped pork tenderloin has one correct form — the bacon wrap is the dish — so versions differ by what's served alongside to complete the plate.,false,
248,Asian-American,Pork Fried Rice,Classic Pork Fried Rice,preparation,false,"Pork fried rice has real latitude in seasoning, style, and mix-ins, but N=1 means a single canonical home-cook version is all that's needed.",false,
249,Asian-American,Pork Ramen (Homemade),Tonkotsu-Style Pork Ramen,preparation,false,"Homemade ramen varies meaningfully in broth style and toppings, giving it real preparation latitude even at home.",false,
250,Grilling/BBQ,St. Louis Ribs (Grilled),St. Louis Ribs with Tangy Coleslaw and Baked Beans,accompaniment,false,St. Louis ribs have a well-defined form — trimmed spare ribs cooked low and slow over indirect heat — so the dish itself doesn't meaningfully vary; what changes is what rounds out the plate.,false,
251,Grilling/BBQ,Beef Brisket (Smoked/Braised),Texas-Style Smoked Brisket with Pinto Beans and Pickled Jalapeños,preparation,false,"Brisket's defining variable is how it's cooked — low-and-slow smoke versus a long braise — which produces genuinely different dinners with different flavor profiles, textures, and natural accompaniments.",false,
252,Grilling/BBQ,Grilled Ribeye,Grilled Ribeye with Garlic Butter Roasted Potatoes and Grilled Asparagus,accompaniment,false,A grilled ribeye has one correct form — seasoned and cooked over high heat — so versions are defined by what completes the plate alongside it.,false,
253,Grilling/BBQ,Grilled T-Bone Steak,Grilled T-Bone Steak with Garlic Butter Mushrooms and Roasted Potatoes,accompaniment,false,A grilled T-bone has one correct form — seasoned and grilled over high heat — so versions differ by what completes the plate.,false,
254,Grilling/BBQ,Grilled Porterhouse Steak,"Grilled Porterhouse Steak with Roasted Garlic Butter, Grilled Asparagus, and Crispy Smashed Potatoes",accompaniment,false,A porterhouse is defined by its cut and the grill — there is one correct way to cook it; versions come from what completes the plate.,false,
255,Grilling/BBQ,Grilled Flank Steak,Garlic-Herb Marinated Grilled Flank Steak,preparation,false,"Flank steak's flavor and texture are defined by its marinade and seasoning, giving it real latitude in preparation before it hits the grill.",false,
256,Grilling/BBQ,Grilled Skirt Steak,Grilled Skirt Steak with Chimichurri and Roasted Potatoes,accompaniment,false,"Grilled skirt steak has one correct form — hot, fast, over high heat — so versions differ by what completes the plate.",false,
257,Mexican/Tex-Mex,Steak Fajita Bowls,"Classic Steak Fajita Bowl with Peppers, Rice, and Pico de Gallo",preparation,false,"The bowl format invites variation in how the steak is seasoned and what base and toppings complete it, giving real latitude in the dish itself.",false,
258,Beef,Steak and Potatoes,Pan-Seared Ribeye with Garlic Butter and Crispy Smashed Potatoes,preparation,false,"Both the steak and the potato have real preparation latitude — cut, cook method, and seasoning all shift what ends up on the plate.",false,
259,Beef,Steak au Poivre,Steak au Poivre with Pommes Frites and Watercress Salad,accompaniment,false,Steak au Poivre has one correct form — pepper-crusted steak with a cognac cream pan sauce — so versions differ by what's served alongside.,false,
260,Beef,Steak Diane,Steak Diane with Roasted Potatoes and Steamed Asparagus,accompaniment,false,Steak Diane has a canonical form — pan-seared steak with its signature cognac-cream-mushroom pan sauce — so versions differ by what's served alongside to complete the plate.,false,
261,Beef,Beef Tips and Gravy over Rice,Beef Tips and Brown Gravy over White Rice,preparation,false,"The gravy's flavor profile and the beef's preparation method have real latitude — red wine, mushroom, onion-based, and Southern-style brown gravies all produce genuinely different dinners.",false,
262,Beef,Beef and Noodles,Slow-Simmered Beef and Egg Noodles,preparation,false,"Beef and Noodles has real latitude in how the beef is cooked and how the broth is built, making preparation the natural axis.",false,
263,Beef,Swedish Meatballs,Swedish Meatballs with Buttered Egg Noodles and Lingonberry Jam,accompaniment,false,Swedish meatballs have a canonical form — seasoned beef-pork blend in a creamy gravy — so the dish itself stays fixed and versions differ by what's served alongside.,false,
264,Beef,Porcupine Meatballs,Porcupine Meatballs with Buttered Green Beans,accompaniment,false,Porcupine meatballs have one defining form — beef and rice meatballs simmered in tomato sauce — so the dish varies by what's served alongside.,false,
265,Beef,BBQ Meatballs,BBQ Meatballs with Buttered Egg Noodles and Roasted Green Beans,accompaniment,false,BBQ meatballs have one correct form — beef meatballs in a tangy-sweet BBQ sauce — so the single version is defined by what completes the plate.,false,
266,Sandwiches/Burgers,Beef and Bean Chili Dogs,Beef and Bean Chili Dogs with Creamy Coleslaw and Kettle Chips,accompaniment,false,Beef and bean chili dogs have one correct form — a hot dog topped with beef and bean chili — so versions differ by what's served alongside.,false,
267,Sandwiches/Burgers,Corn Dogs (Homemade),Homemade Corn Dogs with Mustard Dipping Sauce and Coleslaw,accompaniment,false,Homemade corn dogs have one correct form — hot dog on a stick dipped in cornmeal batter and fried — so the only real variation is what's served alongside.,false,
268,Beef,Hamburger Steak with Onions,Hamburger Steak with Onions and Mashed Potatoes,accompaniment,false,Hamburger steak with onions has a fixed identity — a seasoned beef patty smothered in onions and gravy — so the dish itself stays intact and versions differ by what's served alongside.,false,
269,Sandwiches/Burgers,French Dip Sandwich,French Dip Sandwich with Seasoned Fries,accompaniment,false,The French Dip has a fixed identity — thinly sliced roast beef on a hoagie roll with au jus for dipping — so versions are best expressed by what's served alongside.,false,
270,Sandwiches/Burgers,Italian Beef Sandwich,Italian Beef Sandwich with Kettle Chips and Dill Pickles,accompaniment,false,"The Italian beef sandwich has a canonical form — thin-sliced braised beef, giardiniera or sweet peppers, dipped in jus — leaving little meaningful preparation variation; what changes is what rounds out the meal.",false,
271,Sandwiches/Burgers,Roast Beef Sandwich (Hot),Open-Faced Roast Beef Sandwich with Brown Gravy,preparation,false,"A hot roast beef sandwich has real latitude in its preparation — the beef, the gravy or sauce, the bread, and the toppings can all shift meaningfully — so the dish itself is the natural axis of variation.",false,
272,Mexican/Tex-Mex,Beef Barbacoa Tacos,Beef Barbacoa Tacos with Mexican Rice and Pinto Beans,accompaniment,false,"Beef barbacoa has one correct form — slow-braised, chile-spiced shredded beef — so versions differ by what accompanies the tacos on the plate.",false,
273,Beef,Corned Beef and Cabbage,"Corned Beef and Cabbage with Carrots, Potatoes, and Mustard",accompaniment,false,Corned beef and cabbage has one correct form — brined brisket simmered with cabbage — so versions differ by what rounds out the plate.,false,
274,Beef,Beef Short Ribs (Braised),Braised Beef Short Ribs with Creamy Mashed Potatoes and Roasted Carrots,accompaniment,false,Braised short ribs have one correct form — low-and-slow in liquid until fall-off-the-bone tender — so versions differ by what anchors and balances the rich braise alongside.,false,
275,Italian-American,Braised Beef Ragu,Braised Beef Ragu over Pappardelle,preparation,false,"Braised beef ragu has real latitude in its own preparation — the cut of beef, aromatics, wine, and tomato balance all shift the dish meaningfully — but N=1 means only one canonical version is needed.",false,
276,Italian-American,Baked Meatballs (Italian),Baked Meatballs with Marinara over Spaghetti,accompaniment,false,"Italian-American baked meatballs have a canonical form — beef and pork, seasoned with garlic, parmesan, and herbs, baked in the oven — so versions differ by what they're served alongside.",false,
277,Sandwiches/Burgers,Chicken Parm Sub,Chicken Parm Sub with Caesar Salad,accompaniment,false,"A chicken parm sub has one correct form — breaded fried chicken, marinara, melted mozzarella on a hoagie roll — so the single version is defined by what rounds it into a full dinner.",false,
278,Italian-American,Eggplant Parmesan,Eggplant Parmesan with Spaghetti,accompaniment,false,"Eggplant Parmesan has one correct form — breaded, fried, sauced, and baked with cheese — so the only honest variation is what's served alongside.",false,
279,Italian-American,Chicken Florentine,Chicken Florentine with Buttered Egg Noodles,accompaniment,false,Chicken Florentine has a canonical form — pan-seared chicken with creamy spinach sauce — so the dish itself stays fixed and versions differ by what completes the plate.,false,
280,Pasta,Fettuccine Alfredo (Plain),Fettuccine Alfredo with Garlic Bread and Caesar Salad,accompaniment,false,"Classic Fettuccine Alfredo has one correct form — butter, Parmesan, pasta water — so the only honest variation is what sits alongside it.",false,
281,Pasta,Shrimp Alfredo,Shrimp Alfredo with Garlic Bread and Caesar Salad,accompaniment,false,"Shrimp Alfredo has one correct form — creamy Parmesan sauce, fettuccine, shrimp — so the single version is the dish served as it stands, with a side that completes the plate.",false,
282,Pasta,Cajun Chicken Pasta,Cajun Chicken Pasta,preparation,false,"Cajun Chicken Pasta has real latitude in its own preparation — cream sauce versus tomato-based, heat level, and vegetable mix all produce genuinely different dinners.",false,
283,Pasta,Buffalo Chicken Pasta,Creamy Buffalo Chicken Pasta,preparation,false,"Buffalo Chicken Pasta is a complete one-pot meal; its preparation (sauce richness, heat level, mix-ins) is where natural variation lives, but N=1 means a single canonical version is all that's needed.",false,
284,Pasta,Pesto Pasta (with Chicken),Pesto Pasta with Grilled Chicken and a Crisp Green Salad,accompaniment,false,"Pesto pasta with chicken is a complete, self-contained dish; it has one correct form and doesn't need versions — a single canonical presentation is the honest answer.",false,
285,Pasta,Pesto Pasta (Plain),Pesto Pasta with Garlic Bread and a Crisp Green Salad,accompaniment,false,Classic pesto pasta has one correct form — basil pesto tossed with pasta — so the single version is defined by what completes the plate alongside it.,false,
286,Pasta,Pasta Primavera,Classic Pasta Primavera,preparation,false,"Pasta Primavera has real latitude in its vegetable mix, sauce style (light olive oil, cream, or tomato-touched), and pasta shape, making preparation the natural axis.",false,
287,Pasta,Cacio e Pepe,Cacio e Pepe,accompaniment,false,"Cacio e Pepe has one correct form — pasta, Pecorino Romano, and black pepper — leaving no meaningful preparation axis; the single version is the dish itself, served as it is.",false,
288,Pasta,Aglio e Olio,Aglio e Olio with a Crisp Green Salad,accompaniment,false,"Aglio e olio has one correct form — garlic, olive oil, pasta, parsley, chili flakes — and does not support meaningful preparation variants without becoming a different dish.",false,
289,Pasta,Sausage and Peppers Pasta,Sausage and Peppers Pasta,preparation,false,"Sausage and peppers pasta has real latitude in preparation — sauce style, sausage type, and pepper treatment all shape what ends up on the plate.",false,
290,Pasta,One-Pot Taco Pasta,One-Pot Taco Pasta,preparation,false,"Taco pasta has real latitude in protein and heat level, but N=1 calls for a single canonical version of this already-specific dish.",false,
291,Italian-American,Stuffed Shells,Classic Ricotta and Spinach Stuffed Shells,preparation,false,"Stuffed shells have real latitude in filling and sauce, but N=1 means only the single most canonical version is needed.",false,
292,Italian-American,Manicotti,Classic Cheese Manicotti,preparation,false,"Manicotti has real latitude in its filling — cheese, meat, or spinach — but N=1 means only one version is needed.",false,
293,Italian-American,Ravioli (Cheese) with Marinara,Cheese Ravioli with Marinara and Garlic Bread,accompaniment,false,"Cheese ravioli with marinara is a fixed, canonical dish; the only honest variation is what comes alongside it.",false,
294,Pasta,Tortellini Alfredo,Tortellini Alfredo with Garlic Bread and Caesar Salad,accompaniment,false,Tortellini Alfredo has one correct form — filled pasta in a butter-parmesan cream sauce — so the single version is the dish served as a complete dinner with a natural accompaniment.,false,
295,Pasta,Tortellini in Tomato Cream,Tortellini in Tomato Cream with Garlic Bread and Caesar Salad,accompaniment,false,Tortellini in tomato cream sauce has one correct form; the dish doesn't have meaningful preparation variants that wouldn't change its identity.,false,
296,Italian-American,Gnocchi with Marinara,Gnocchi with Marinara and a Caesar Salad,accompaniment,false,Gnocchi with marinara has one correct form — pillowy potato dumplings in a simple tomato sauce — so versions differ by what's served alongside to complete the meal.,false,
297,Italian-American,Gnocchi with Brown Butter and Sage,Gnocchi with Brown Butter and Sage with Arugula and Shaved Parmesan Salad,accompaniment,false,"Brown butter and sage gnocchi has one correct, canonical form — the dish is the preparation; what varies is what rounds it into a full dinner.",false,
298,Italian-American,Baked Gnocchi (Cheesy),Cheesy Baked Gnocchi with Arugula Salad,accompaniment,false,"Cheesy baked gnocchi has one correct form — pillowy gnocchi baked in a rich, bubbly cheese sauce — so versions differ by what's served alongside to balance the richness.",false,
299,Italian-American,Lasagna Roll-Ups,Classic Beef and Ricotta Lasagna Roll-Ups,preparation,false,"The filling is where lasagna roll-ups genuinely vary — meat, spinach-ricotta, or sausage — making preparation the natural axis.",false,
300,Italian-American,White Chicken Lasagna,White Chicken Lasagna,accompaniment,false,"White chicken lasagna has one well-understood form — layered pasta, béchamel, chicken, and cheese — so the single version is the dish itself served as a complete meal; no accompaniment is needed to manufacture a version.",false,
301,Italian-American,Vegetable Lasagna,Classic Vegetable Lasagna,preparation,false,"Vegetable lasagna has real latitude in its own preparation — the vegetable mix, sauce style, and cheese layer can all vary meaningfully.",false,
302,Soups/Stews/Chili,Chicken Tortellini Soup,Chicken Tortellini Soup with Crusty Garlic Bread,accompaniment,false,"Chicken tortellini soup has one well-understood form — broth, chicken, and cheese tortellini — so the single version is defined by what completes the meal alongside it.",false,
303,Soups/Stews/Chili,Pasta e Fagioli,Pasta e Fagioli with Crusty Garlic Bread,accompaniment,false,Pasta e fagioli has one canonical form — a thick bean and pasta soup — so the single version is defined by what completes the meal alongside it.,false,
304,Soups/Stews/Chili,Zuppa Toscana,Zuppa Toscana with Crusty Garlic Bread,accompaniment,false,"Zuppa Toscana has a well-established form — spicy sausage, kale, potatoes in a creamy broth — and doesn't support meaningful preparation variants without losing its identity; it pairs naturally with crusty bread.",false,
305,Soups/Stews/Chili,Lasagna Soup,Classic Beef and Ricotta Lasagna Soup,preparation,false,"Lasagna Soup is itself a preparation variant of lasagna flavors in soup form, and it supports real variation in protein and style (beef, sausage, vegetarian) that meaningfully changes what you eat.",false,
306,Seafood,Honey Garlic Salmon,Honey Garlic Salmon with Roasted Broccoli and Steamed Rice,accompaniment,false,Honey Garlic Salmon has one well-defined preparation — the glaze is the dish's identity — so versions differ by what's served alongside to complete the plate.,false,
307,Pasta,Cajun Shrimp Pasta,Cajun Shrimp Pasta in Spicy Cream Sauce,preparation,false,"Cajun Shrimp Pasta has real latitude in its sauce base and heat profile, but N=1 calls for a single canonical version.",false,
308,Seafood,Shrimp Boil,Classic Low Country Shrimp Boil,accompaniment,false,"A shrimp boil is a one-pot feast already complete with shrimp, corn, potatoes, and sausage — it has one correct form and needs no sides manufactured for it.",false,
309,Soups/Stews/Chili,Cioppino,Cioppino with Crusty Sourdough Bread,accompaniment,false,Cioppino has one correct form — a San Francisco–style tomato-wine seafood stew — so the single version is the canonical dish paired with its natural accompaniment.,false,
310,Seafood,Fish Fry (Fried Cod/Perch),"Fish Fry with Coleslaw, Fries, and Tartar Sauce",accompaniment,false,"A classic fish fry has one correct form — beer-battered or breaded white fish, fried crisp — so versions differ by what's served alongside.",false,
311,Seafood,Baked Stuffed Flounder,Crab-Stuffed Flounder with Lemon-Butter Sauce,preparation,false,"The stuffing is the dish's defining variable — crab, shrimp, herb-breadcrumb, and spinach-cheese are all real home versions, but N=1 asks for only one.",false,
312,Seafood,Salmon Patties,Salmon Patties with Creamed Peas and Mashed Potatoes,accompaniment,false,"Salmon patties have one correct form — seasoned canned or fresh salmon, bound with egg and breadcrumb, pan-fried into a crisp cake — so the dish varies by what completes the plate.",false,
313,Seafood,Salmon Croquettes,Salmon Croquettes with Creamy Dill Sauce and Roasted Asparagus,accompaniment,false,"Salmon croquettes have a fixed identity — breaded, shaped, pan-fried salmon cakes with a crisp exterior — so the natural variation is what rounds them into a full dinner.",false,
314,Sandwiches/Burgers,Tuna Melt,Classic Tuna Melt,preparation,false,"The tuna melt has real latitude in bread choice, cheese, and what goes into the tuna salad, giving it genuine preparation-level variation.",false,
315,Sandwiches/Burgers,Lobster Rolls,New England Lobster Roll,preparation,false,"Lobster rolls have two genuinely distinct canonical forms — the cold mayo-dressed New England style and the warm butter-dipped Connecticut style — that produce meaningfully different eating experiences; beyond those two, real variation runs out fast.",false,
316,Seafood,Scallops (Seared),Seared Scallops with Creamy Corn Risotto and Crispy Pancetta,accompaniment,false,"Seared scallops have one correct form — high-heat sear, golden crust, tender center — so versions differ by what's plated alongside to complete the meal.",false,
317,Seafood,"Mussels (Steamed, White Wine)",Steamed White Wine Mussels with Crusty Bread,accompaniment,false,"Steamed white wine mussels have one correct form — the broth, aromatics, and technique are the dish — so versions differ by what's served alongside to soak up the broth or round the meal.",false,
318,Seafood,Grilled Mahi-Mahi,Grilled Mahi-Mahi with Mango Salsa and Coconut Rice,accompaniment,false,Grilled mahi-mahi has one correct form — seasoned and grilled over high heat — so versions differ by what completes the plate alongside it.,false,
319,Seafood,Fish en Papillote,Fish en Papillote with Herbed Rice and Lemon Dressed Greens,accompaniment,false,"The parchment-packet technique is the dish's identity; it has one correct form, so versions differ by what is served alongside.",false,
320,Seafood,Blackened Catfish,Blackened Catfish with Dirty Rice and Braised Greens,accompaniment,false,"Blackened catfish has one correct form — heavily spiced and seared in a cast-iron skillet — so versions differ by what's served alongside to balance the bold, smoky heat.",false,
321,Seafood,Fried Catfish,Fried Catfish with Coleslaw and Hush Puppies,accompaniment,false,"Fried catfish has one correct form — seasoned, cornmeal-crusted, and pan- or deep-fried — so versions differ by what's served alongside.",false,
322,Mexican/Tex-Mex,Chicken Burrito,Classic Chicken Burrito,preparation,false,"Chicken burritos have real latitude in preparation — seasoning, fillings, and style (grilled, braised, smothered) produce genuinely different dinners.",false,
323,Mexican/Tex-Mex,Wet Burrito,Beef and Bean Wet Burrito,preparation,false,"The wet burrito has real latitude in its filling — protein, beans, and rice combinations genuinely change what a person eats, but N=1 means only one canonical version is needed.",false,
324,Mexican/Tex-Mex,Nachos Supreme (Chicken),Chicken Nachos Supreme with Pico de Gallo and Mexican Street Corn,accompaniment,false,"Nachos Supreme has a well-established form — chips, chicken, beans, cheese, sour cream, jalapeños, guacamole — that doesn't meaningfully vary; accompaniments complete the meal.",false,
325,Salads/Bowls,Taco Salad,Classic Beef Taco Salad,preparation,false,"Taco salad has real latitude in its protein and seasoning profile, but N=1 means only the single most canonical version is needed.",false,
326,Salads/Bowls,Southwest Chicken Salad,"Southwest Chicken Salad with Avocado, Black Beans, and Chipotle Ranch",preparation,false,"Southwest Chicken Salad has real latitude in preparation — the protein, toppings, and dressing can all shift meaningfully — but N=1 asks for a single canonical version, so the dish is rendered as its most recognizable, complete form.",false,
327,Salads/Bowls,Cobb Salad,Cobb Salad with Crusty Sourdough,accompaniment,false,"Cobb Salad has a fixed identity — romaine, bacon, hard-boiled egg, avocado, tomato, blue cheese, chicken, and a red wine vinaigrette — leaving little meaningful preparation variation without changing what the dish is; it pairs naturally with bread or soup.",false,
328,Salads/Bowls,Chicken Bacon Ranch Salad,Chicken Bacon Ranch Salad,preparation,false,"The dish name already specifies its three defining elements; with N=1, a single canonical version is the honest answer.",false,
329,Salads/Bowls,Buffalo Chicken Salad,"Buffalo Chicken Salad with Crispy Chicken, Romaine, Celery, Blue Cheese, and Ranch",preparation,false,"Buffalo Chicken Salad has real latitude in preparation — the chicken can be grilled, crispy-fried, or baked, and the salad base and toppings can shift meaningfully — but N=1 asks for a single canonical version, so the most recognized home-cook form is delivered.",false,
330,Salads/Bowls,Greek Salad with Chicken,Greek Salad with Grilled Chicken,accompaniment,false,"Greek salad with chicken has one correct form — romaine or cucumber-tomato base, olives, feta, red onion, oregano vinaigrette, grilled chicken — so the single version is the canonical dish served as a complete meal, requiring no accompaniment.",false,
331,Salads/Bowls,Steak Salad,Grilled Steak Salad with Blue Cheese and Balsamic Vinaigrette,preparation,false,"Steak salad has real latitude in its own preparation — the cut, seasoning, greens, toppings, and dressing can combine into genuinely distinct meals.",false,
332,Salads/Bowls,Shrimp Caesar Salad,Shrimp Caesar Salad with Garlic Bread,accompaniment,false,"Shrimp Caesar Salad has one correct form — romaine, Caesar dressing, croutons, parmesan, shrimp — so the only honest axis is what's served alongside to make it a full dinner.",false,
333,Salads/Bowls,Chef Salad,Chef Salad with Crusty Bread and Ranch Dressing,accompaniment,false,"Chef salad has a well-established canonical form — romaine or iceberg, deli meats, hard-boiled egg, cheese, tomato, cucumber — so the dish itself stays fixed and versions differ by what's served alongside.",false,
334,Salads/Bowls,Grain Bowl (Chicken and Veg),"Farro Bowl with Roasted Chicken, Roasted Vegetables, and Lemon-Herb Tahini",preparation,false,"The grain bowl's identity is its assembly of grain, protein, and vegetables — the wardrobe spans grain choice, seasoning profile, and sauce, giving it real preparation latitude even at N=1.",false,
335,Salads/Bowls,Burrito Bowl (Vegetarian),Black Bean & Roasted Corn Burrito Bowl,preparation,false,"The vegetarian burrito bowl has real latitude in its protein base and flavor profile — black beans, sofritas-style tofu, roasted vegetables, or a grain-forward build each produce a genuinely different bowl.",false,
336,Salads/Bowls,Buddha Bowl (Roasted Veg),Roasted Vegetable Buddha Bowl with Tahini Dressing,accompaniment,false,"A roasted veg buddha bowl is already a complete one-vessel meal; no meaningful accompaniment axis exists, and the dish itself has real preparation latitude, but N=1 means only a single canonical version is needed.",false,
337,Salads/Bowls,Falafel Bowl,"Falafel Bowl with Bulgur, Cucumber-Tomato Salad, and Tahini",accompaniment,false,"A falafel bowl has a canonical core — crispy falafel, grains or greens, and tahini — so the natural variation is in what surrounds and completes it.",false,
338,Salads/Bowls,Teriyaki Tofu Bowl,Teriyaki Tofu Bowl with Steamed Rice and Roasted Broccoli,preparation,false,The bowl format and teriyaki tofu are fixed; real variation lives in how the tofu is prepared and what grains and vegetables make up the bowl.,false,
339,Salads/Bowls,Sushi Bowl (Salmon/Tuna),"Sushi Bowl with Salmon or Tuna, Cucumber, Avocado, and Spicy Mayo",preparation,false,"The protein (salmon vs. tuna) is part of the dish's own identity as stated in the input, so one canonical version covers the dish as given.",false,
340,Middle Eastern,Chicken Shawarma Plate,"Chicken Shawarma Plate with Garlic Sauce, Warm Pita, and Fattoush Salad",accompaniment,false,Chicken shawarma has a well-established preparation; the plate format naturally varies by what accompanies the spiced chicken.,false,
341,Greek/Mediterranean,Beef Gyros,Beef Gyros with Greek Lemon Potatoes,accompaniment,false,"Beef gyros has a canonical form — spiced rotisserie-style beef in pita with tzatziki, tomato, and onion — so the dish itself stays fixed and versions differ by what's served alongside.",false,
342,Greek/Mediterranean,Chicken Souvlaki Bowls,Chicken Souvlaki Bowl with Tzatziki and Warm Pita,preparation,false,The bowl format already defines the dish; one canonical version covers it without padding.,false,
343,Greek/Mediterranean,Greek Chicken Bowls,"Greek Chicken Bowl with Lemon-Herb Rice, Tzatziki, and Feta",preparation,false,"Greek Chicken Bowls have a well-established canonical form — marinated chicken, rice or grains, tzatziki, fresh vegetables, feta — so a single version captures the dish accurately without padding.",false,
344,Greek/Mediterranean,Spanakopita,Spanakopita with Tomato-Cucumber Salad and Tzatziki,accompaniment,false,"Spanakopita has one correct form — phyllo, spinach, feta, eggs — so the dish itself doesn't vary; what changes is what's served alongside to round it into a full dinner.",false,
345,Greek/Mediterranean,Stuffed Grape Leaves (Dolmas),Stuffed Grape Leaves with Tzatziki and Warm Pita,accompaniment,false,"Dolmas have a canonical form — grape leaves stuffed with rice and herbs — and the dish is already self-contained, but a simple accompaniment completes the plate for dinner.",false,
346,Greek/Mediterranean,Moussaka,Moussaka with Greek Salad and Crusty Bread,accompaniment,false,"Classic moussaka has one correct form — spiced lamb, eggplant, and béchamel — so versions differ by what's served alongside.",false,
347,Middle Eastern,Shakshuka,Shakshuka with Warm Pita and Cucumber-Herb Salad,accompaniment,false,Shakshuka has one well-defined form — eggs poached in spiced tomato sauce — so the dish itself stays fixed and versions differ by what's served alongside.,false,
348,Middle Eastern,Hummus Bowl with Chicken,"Spiced Grilled Chicken Hummus Bowl with Cucumber, Tomato, and Warm Pita",preparation,false,The dish has genuine latitude in how the chicken is seasoned and cooked and what toppings dress the hummus base.,false,
349,Middle Eastern,Kofta over Rice,Kofta over Rice with Cucumber-Tomato Salad and Tahini Sauce,accompaniment,false,Kofta over rice has a canonical form — spiced ground meat skewers or patties served over rice — so the natural variation is what accompanies the plate to complete it.,false,
350,Middle Eastern,Tabbouleh with Grilled Chicken,Tabbouleh with Grilled Chicken and Warm Pita,accompaniment,false,"Tabbouleh has one correct form — bulgur, parsley, tomato, lemon, olive oil — so the axis is what accompanies the canonical salad-and-chicken plate.",false,
351,Asian-American,Vegetable Stir-Fry over Rice,Garlic-Ginger Vegetable Stir-Fry over Steamed Rice,preparation,false,"The sauce and vegetable mix define what this dish actually tastes like, giving it real latitude in preparation.",false,
352,Asian-American,Sesame Tofu,Sesame Tofu with Steamed Rice and Stir-Fried Bok Choy,accompaniment,false,Sesame tofu has a well-established preparation — crispy tofu in a sesame-soy glaze — so the natural variation is what rounds it into a full dinner alongside it.,false,
353,Asian-American,Kung Pao Tofu,Kung Pao Tofu with Steamed Jasmine Rice,accompaniment,false,"Kung Pao Tofu has one correct form — the stir-fry with its defining sauce, chilies, and peanuts — so versions differ by what's served alongside.",false,
354,Asian-American,Mapo Tofu,Mapo Tofu with Steamed White Rice,accompaniment,false,"Mapo Tofu has a canonical form — silken tofu in spicy doubanjiang sauce with ground pork — and is almost always served over or alongside steamed white rice, leaving little meaningful variation in the dish itself for a home catalog.",false,
355,Asian-American,Tofu Pad Thai,Tofu Pad Thai with Fresh Spring Rolls,accompaniment,false,"Tofu Pad Thai has one correct form — rice noodles, tofu, tamarind sauce, egg, bean sprouts, peanuts — so the single version is the canonical dish paired with a natural accompaniment.",false,
356,Asian-American,Vegetable Pad Thai,Vegetable Pad Thai with Fresh Cucumber Salad,accompaniment,false,"Vegetable Pad Thai has one well-established form — rice noodles stir-fried with egg, bean sprouts, scallions, and tamarind sauce — so the dish itself stays fixed and any variation comes from what accompanies it.",false,
357,Asian-American,Vegetable Curry over Rice,Coconut Vegetable Curry over Jasmine Rice,preparation,false,"Vegetable curry has wide latitude in its own preparation — the spice base, sauce style, and vegetable mix can vary significantly while remaining the same dish.",false,
358,Indian/South Asian,Chickpea Coconut Curry,Chickpea Coconut Curry with Basmati Rice and Warm Naan,accompaniment,false,Chickpea coconut curry has one correct form — spiced chickpeas simmered in coconut milk — so versions differ by what's served alongside.,false,
359,Indian/South Asian,Aloo Gobi,Aloo Gobi,preparation,false,"Aloo Gobi has real latitude in preparation — dry-style versus saucier, spice depth, and finishing touches all vary meaningfully in home cooking.",false,
360,Indian/South Asian,Vegetable Biryani,Vegetable Biryani,preparation,false,"Vegetable Biryani has real latitude in spice profile, vegetable mix, and cooking method (dum-style vs. layered stovetop), making preparation the natural axis.",false,
361,Indian/South Asian,Paneer Tikka Masala,Paneer Tikka Masala with Garlic Naan and Basmati Rice,accompaniment,false,"Paneer Tikka Masala has one correct form — marinated, charred paneer in a spiced tomato-cream sauce — so versions differ by what's served alongside.",false,
362,Indian/South Asian,Lentil Dal with Rice,Lentil Dal with Steamed Basmati Rice,accompaniment,false,"Dal with rice is already a complete, self-contained meal; no meaningful preparation axis applies at N=1, and the single version is simply the canonical dish as served.",false,
363,Sandwiches/Burgers,Black Bean Burgers,Classic Black Bean Burger,preparation,false,"Black bean burgers have real latitude in seasoning, toppings, and style — smoky, spicy, Southwest, classic — making preparation the natural axis.",false,
364,Sandwiches/Burgers,Portobello Mushroom Burgers,Balsamic-Glazed Portobello Burger with Roasted Red Pepper and Provolone,preparation,false,"The portobello cap's marinade, toppings, and build define genuinely different burger experiences, giving this dish real wardrobe latitude.",false,
365,Sandwiches/Burgers,Veggie Burgers (Bean/Grain),Classic Loaded Veggie Burger,preparation,false,"Bean and grain veggie burgers have genuine latitude in their seasoning, binding, and toppings — classic loaded, smoky BBQ, and Mediterranean styles are all real, distinct dinners a home cook would choose between.",false,
366,Vegetarian/Vegan,Lentil Loaf,Classic Lentil Loaf with Tomato-Balsamic Glaze,preparation,false,"Lentil loaf has real latitude in seasoning, glaze, and mix-ins, making preparation the natural axis.",false,
367,Vegetarian/Vegan,Stuffed Portobello Mushrooms,Spinach and Ricotta Stuffed Portobello Mushrooms,preparation,false,"The stuffing is the whole point of this dish and has genuine latitude — spinach-ricotta, Mediterranean, grain-based, and other fillings produce meaningfully different dinners.",false,
368,Italian-American,Eggplant Rollatini,Eggplant Rollatini with Garlic Bread and Green Salad,accompaniment,false,"Eggplant Rollatini has one correct form — thin-sliced eggplant rolled around ricotta filling, baked in marinara — so the single version is the canonical dish paired with a natural accompaniment.",false,
369,Vegetarian/Vegan,Ratatouille,Ratatouille with Crusty French Bread,accompaniment,false,Ratatouille has one correct form — a slow-cooked Provençal vegetable stew — so versions differ by what completes the plate alongside it.,false,
370,Mexican/Tex-Mex,Vegetable Enchiladas,Black Bean and Roasted Vegetable Enchiladas with Red Chili Sauce,preparation,false,"Vegetable enchiladas have real latitude in filling, sauce, and cheese choices that produce genuinely different dinners.",false,
371,Mexican/Tex-Mex,Black Bean Tacos,Crispy Smashed Black Bean Tacos with Avocado and Pico de Gallo,preparation,false,"Black bean tacos have real latitude in preparation — the beans can be seasoned and served whole, smashed and pan-crisped, or built into a fuller taco with varying toppings and salsas, producing genuinely different eating experiences.",false,
372,Mexican/Tex-Mex,Sweet Potato and Black Bean Tacos,Smoky Sweet Potato and Black Bean Tacos with Chipotle Crema and Pickled Red Onion,preparation,false,"The seasoning, toppings, and tortilla type give this vegetarian taco real latitude in how it's built and flavored.",false,
373,Mexican/Tex-Mex,Cauliflower Tacos,Roasted Cauliflower Tacos with Chipotle Crema and Pickled Red Onion,preparation,false,"Cauliflower tacos have real latitude in how the cauliflower is seasoned and prepared, making preparation the natural axis.",false,
374,Mexican/Tex-Mex,Bean and Cheese Burritos,Classic Bean and Cheese Burrito,preparation,false,"Bean and cheese burritos have real latitude in bean style, cheese choice, and seasoning, making preparation the natural axis.",false,
375,Mexican/Tex-Mex,Vegetarian Fajitas,Peppers and Onion Fajitas with Guacamole and Pico de Gallo,preparation,false,"Vegetarian fajitas have real latitude in the filling — different vegetables, seasonings, and toppings create genuinely different plates.",false,
376,Vegetarian/Vegan,Stuffed Sweet Potatoes,Black Bean and Avocado Stuffed Sweet Potatoes,preparation,false,"The filling is the entire identity of a stuffed sweet potato — the potato itself is fixed, and every version is defined by what goes inside it.",false,
377,Vegetarian/Vegan,Stuffed Zucchini Boats,"Mediterranean Stuffed Zucchini Boats with Tomatoes, Chickpeas, and Feta",preparation,false,"The filling is the entire identity of a stuffed zucchini boat — the zucchini shell is constant, and the dish is defined by what goes inside it.",false,
378,Casseroles/Bakes,Stuffed Cabbage Rolls,Classic Beef and Rice Stuffed Cabbage Rolls in Tomato Sauce,preparation,false,"Stuffed cabbage rolls vary meaningfully in their filling, seasoning, and sauce — from Eastern European tomato-braised to Middle Eastern spiced rice versions — making preparation the natural axis.",false,
379,Vegetarian/Vegan,Stuffed Acorn Squash,Wild Rice and Cranberry Stuffed Acorn Squash,preparation,false,"The filling is the entire wardrobe — grain, legume, seasoning, and aromatics can all shift while the roasted acorn squash vessel stays constant.",false,
380,Casseroles/Bakes,Vegetable Pot Pie,Classic Vegetable Pot Pie,preparation,false,"Vegetable pot pie has real latitude in its own preparation — crust style, vegetable mix, and sauce base all vary meaningfully — but N=1 means a single canonical version is the target.",false,
381,Casseroles/Bakes,Broccoli Cheese Rice Bake,Classic Broccoli Cheese Rice Bake,preparation,false,"The dish is already a complete one-pan meal; no accompaniments are needed, and the preparation itself is the only meaningful axis.",false,
382,Asian-American,Vegetable Stir-Fry Noodles,Garlic-Soy Vegetable Lo Mein,preparation,false,"The dish has real latitude in sauce profile and noodle type, which together define meaningfully different eating experiences.",false,
383,Asian-American,Cauliflower Fried Rice,Chicken and Vegetable Cauliflower Fried Rice,preparation,false,"Cauliflower fried rice has real latitude in protein and seasoning, but N=1 means a single canonical version is all that's needed.",false,
384,Italian-American,Zucchini Noodles with Marinara,Zucchini Noodles with Marinara and Garlic Bread,accompaniment,false,Zucchini noodles with marinara has one correct form — spiralized zucchini topped with tomato sauce — so the only meaningful variation is what rounds it into a full dinner alongside it.,false,
385,Italian-American,Spaghetti Squash with Marinara,Spaghetti Squash with Marinara and Garlic Bread,accompaniment,false,"Spaghetti Squash with Marinara has one recognizable form — roasted squash strands topped with tomato sauce — so the single version is served as-is, complete in itself.",false,
386,Italian-American,Baked Ziti (Vegetarian),Baked Ziti with Garlic Bread and Caesar Salad,accompaniment,false,"Vegetarian baked ziti has one correct form — pasta, tomato sauce, ricotta, and melted cheese baked together — so the dish itself doesn't vary; what changes is what's served alongside.",false,
387,Pizza,Margherita Flatbread,Margherita Flatbread,preparation,false,"Margherita Flatbread has one canonical form — tomato, mozzarella, basil on a flatbread — and N=1 calls for exactly one version, which is that dish itself.",false,
388,Pizza,Buffalo Chicken Pizza,Buffalo Chicken Pizza,preparation,false,"Buffalo Chicken Pizza has a well-established canonical form; with only one version requested, the classic preparation stands as the single entry.",false,
389,Pizza,Hawaiian Pizza,Hawaiian Pizza,preparation,false,"Hawaiian pizza has real latitude in its preparation — crust style, sauce, and balance of toppings can all shift while keeping the ham-and-pineapple identity intact.",false,
390,Pizza,Meat Lovers Pizza,Meat Lovers Pizza with Crisp Caesar Salad,accompaniment,false,Meat Lovers Pizza has a fixed identity — a heavily topped pizza loaded with multiple meats — so the dish itself stays intact and versions differ by what's served alongside.,false,
391,Pizza,White Pizza (Ricotta/Garlic),White Pizza with Arugula and Lemon Salad,accompaniment,false,"White pizza with ricotta and garlic has a canonical form; one dinner version pairs it with a simple green salad to balance the rich, creamy base.",false,
392,Pizza,Veggie Pizza,Classic Veggie Pizza,preparation,false,"Veggie pizza has real latitude in its own preparation — the combination of vegetables, cheese, and sauce can vary significantly while remaining the same dish.",false,
393,Pizza,Detroit-Style Pizza,Detroit-Style Pizza,accompaniment,false,"Detroit-style pizza has a fixed, defining form — thick focaccia-like crust, crispy cheese edges, sauce on top — leaving no meaningful preparation axis; a single version is served as-is, a complete meal on its own.",false,
394,Pizza,Deep-Dish Pizza,Classic Deep-Dish Pizza,accompaniment,false,"Deep-dish pizza is a complete, self-contained meal; with N=1 there is nothing to vary against, so the single version is the canonical dish as served.",false,
395,Pizza,Naan Pizza,Margherita Naan Pizza,preparation,false,"Naan pizza has real latitude in toppings and flavor profiles, but N=1 means only a single canonical version is needed.",false,
396,Pizza,French Bread Pizza,Classic French Bread Pizza,preparation,false,"French bread pizza has real latitude in toppings and flavor profile, but N=1 means a single canonical version is all that's needed.",false,
397,Italian-American,Calzone,Classic Ricotta and Mozzarella Calzone,preparation,false,"Calzone has real latitude in fillings and preparation style, but N=1 means only the single most canonical home version is needed.",false,
398,Italian-American,Stromboli,Classic Italian Stromboli,preparation,false,"Stromboli has genuine latitude in fillings and dough preparation, but N=1 means only one version is requested.",false,
399,Sandwiches/Burgers,Homemade Hot Dogs (Loaded),"Classic Loaded Hot Dog with Chili, Cheddar, and Mustard Slaw",preparation,false,"Loaded hot dogs vary by their toppings and regional style, which is the core identity of a 'loaded' dog — the preparation of what goes on top defines the version.",false,
400,Sandwiches/Burgers,Chicago-Style Hot Dog,Chicago-Style Hot Dog with Crinkle-Cut Fries,accompaniment,false,"A Chicago-style hot dog has a fixed, canonical form — Vienna beef frank, poppy seed bun, yellow mustard, neon relish, onion, tomato, pickle spear, sport peppers, celery salt — so the only honest variation is what's served alongside.",false,
401,Sandwiches/Burgers,Chili Cheese Dog,Chili Cheese Dog with Crispy Fries and Pickled Jalapeños,accompaniment,false,A chili cheese dog has one correct form — a hot dog topped with chili and cheese — so versions differ by what's served alongside.,false,
402,Sandwiches/Burgers,Bratwurst on a Bun,Bratwurst on a Bun with German Potato Salad and Sauerkraut,accompaniment,false,A bratwurst on a bun has one canonical form — grilled sausage in a bun with mustard — so versions differ by what's served alongside.,false,
403,Sandwiches/Burgers,Pulled Pork Sandwich,Classic BBQ Pulled Pork Sandwich with Coleslaw,preparation,false,"Pulled pork sandwiches have real latitude in smoke profile, sauce style, and regional tradition, making preparation the natural axis.",false,
404,Sandwiches/Burgers,BBQ Chicken Sandwich,Smoky BBQ Pulled Chicken Sandwich,preparation,false,"BBQ chicken sandwiches vary meaningfully in how the chicken is prepared and sauced, giving the dish real latitude in its own form.",false,
405,Sandwiches/Burgers,Fried Chicken Sandwich (Classic),Crispy Fried Chicken Sandwich with Pickles and Comeback Sauce,preparation,false,"The fried chicken sandwich has real latitude in its seasoning, coating, and toppings, making preparation the natural axis.",false,
406,Sandwiches/Burgers,Spicy Fried Chicken Sandwich,Spicy Fried Chicken Sandwich with Dill Pickle Slaw and Seasoned Fries,accompaniment,false,"A spicy fried chicken sandwich has a clear canonical form — crispy fried chicken with heat, on a bun — so versions differ by what's served alongside.",false,
407,Sandwiches/Burgers,Grilled Chicken Sandwich,Classic Grilled Chicken Sandwich,preparation,false,"The grilled chicken sandwich has real latitude in seasoning, toppings, sauces, and bun style, making preparation the natural axis for variation.",false,
408,Sandwiches/Burgers,Chicken Bacon Ranch Wrap,Chicken Bacon Ranch Wrap,preparation,false,"The wrap has real latitude in how the chicken is prepared and what fills it, but N=1 means only one canonical version is needed.",false,
409,Sandwiches/Burgers,Buffalo Chicken Wrap,Crispy Buffalo Chicken Wrap with Blue Cheese and Celery Slaw,preparation,false,"Buffalo Chicken Wrap has real latitude in preparation — fried vs. grilled chicken, heat level, and fillings like blue cheese vs. ranch, celery, and greens all produce genuinely different wraps.",false,
410,Sandwiches/Burgers,BLT,BLT with Kettle Chips and Dill Pickle,accompaniment,false,"A BLT has one correct form — crisp bacon, lettuce, tomato, mayo on toasted bread — so versions differ by what's served alongside.",false,
411,Sandwiches/Burgers,Club Sandwich,Club Sandwich with Kettle Chips and a Dill Pickle,accompaniment,false,"The club sandwich has a canonical form — triple-decker, turkey, bacon, lettuce, tomato, mayo — that defines the dish; it varies best by what's served alongside.",false,
412,Sandwiches/Burgers,Reuben,Reuben with Dill Pickle and Kettle Chips,accompaniment,false,"A Reuben has one correct form — corned beef, sauerkraut, Swiss, Thousand Island, rye — so the only honest variation is what's served alongside.",false,
413,Sandwiches/Burgers,Patty Melt,Classic Patty Melt on Rye with Swiss and Caramelized Onions,preparation,false,"The patty melt has real latitude in its bread, cheese, and caramelized onion preparation, but N=1 means only a single canonical version is needed.",false,
414,Sandwiches/Burgers,Juicy Lucy (Stuffed Burger),Classic American Juicy Lucy,preparation,false,"The Juicy Lucy's defining feature is cheese stuffed inside the patty; the wardrobe lives in which cheese and seasonings fill the center, plus how the patty is seasoned and finished.",false,
415,Sandwiches/Burgers,Bacon Cheeseburger,Classic Bacon Cheeseburger,preparation,false,"The bacon cheeseburger has real latitude in patty style, cheese, toppings, and build — all of which change what a person actually eats.",false,
416,Sandwiches/Burgers,Mushroom Swiss Burger,Classic Mushroom Swiss Burger,preparation,false,"The mushroom-swiss burger has real latitude in how the mushrooms are prepared and the burger is built, making preparation the natural axis.",false,
417,Sandwiches/Burgers,Pub Burger,"Classic Pub Burger with Cheddar, Bacon, and Caramelized Onions",preparation,false,"A pub burger's identity lives in its toppings and build — the same thick, juicy patty dressed in different classic pub combinations makes genuinely different dinners.",false,
418,Sandwiches/Burgers,Gourmet Burger,Caramelized Onion and Gruyère Burger,preparation,false,A gourmet burger is defined by elevated toppings and flavor combinations — the preparation (what's stacked on the patty) is exactly where this dish lives and varies.,false,
419,Sandwiches/Burgers,Salmon Burger,Classic Salmon Burger with Lemon-Dill Aioli and Cucumber Slaw,preparation,false,Salmon burgers vary meaningfully in how the patty is seasoned and what toppings and condiments dress the sandwich.,false,
420,Sandwiches/Burgers,Sliders (Beef),Classic Beef Sliders with American Cheese and Pickles,preparation,false,"Beef sliders have real latitude in seasoning, toppings, and style — smash, classic, BBQ, etc. — making preparation the natural axis.",false,
421,Sandwiches/Burgers,Meatball Sliders,Classic Marinara Meatball Sliders with Melted Provolone,preparation,false,"Meatball sliders have real latitude in sauce, cheese, and meatball seasoning, but N=1 means only one version is needed.",false,
422,Sandwiches/Burgers,Pulled Pork Sliders,Pulled Pork Sliders with Vinegar Slaw and Baked Beans,accompaniment,false,Pulled pork sliders have a canonical form — slow-cooked pulled pork with sauce on soft buns — so the natural variation is what rounds the meal out alongside them.,false,
423,Chicken,Sheet-Pan Chicken and Potatoes,Garlic-Herb Sheet-Pan Chicken and Potatoes,preparation,false,"The seasoning, aromatics, and glaze on the chicken and potatoes define each version of this dish, which is already a complete one-pan meal requiring no separate sides.",false,
424,Chicken,Sheet-Pan Chicken and Broccoli,Garlic-Lemon Sheet-Pan Chicken and Broccoli,preparation,false,"The glaze and seasoning on the chicken and broccoli define the dish's character, and there is real latitude there; as a one-pan meal it needs no manufactured sides.",false,
425,Seafood,Sheet-Pan Salmon and Asparagus,Lemon-Herb Sheet-Pan Salmon and Asparagus,preparation,false,The glaze and seasoning on the salmon define the character of the meal; the sheet-pan format and asparagus pairing are the dish's identity.,false,
426,Seafood,Sheet-Pan Shrimp Boil,"Sheet-Pan Shrimp Boil with Sausage, Corn, and Potatoes",preparation,false,"The sheet-pan shrimp boil has real latitude in its seasoning profile and mix-ins, but N=1 means only a single canonical version is needed.",false,
427,Beef,Sheet-Pan Steak and Veggies,Garlic Butter Sheet-Pan Steak with Roasted Potatoes and Green Beans,preparation,false,"The steak's seasoning, glaze, and vegetable mix can vary meaningfully, but with N=1 only a single canonical version is needed.",false,
428,Pork,Sheet-Pan Pork Chops and Apples,"Sheet-Pan Pork Chops with Apples, Brussels Sprouts, and Dijon-Herb Glaze",preparation,false,"The dish has real latitude in seasoning, glaze, and vegetable companions while keeping its core identity — pork chops and apples roasted together on one pan.",false,
429,Beef,Sheet-Pan Meatballs and Veg,Italian Herb Meatballs with Zucchini and Cherry Tomatoes,preparation,false,"The seasoning, glaze, and vegetable combination define meaningfully different dinners on the same sheet pan.",false,
430,Italian-American,Sheet-Pan Gnocchi and Veg,"Sheet-Pan Gnocchi with Sausage, Peppers, and Marinara",preparation,false,"The vegetable mix, seasoning, and sauce profile are all wardrobe for this dish — the preparation varies freely while the sheet-pan roasting method and gnocchi identity stay fixed.",false,
431,Grilling/BBQ,Chicken and Vegetable Skewers,Herb-Marinated Chicken and Vegetable Skewers,preparation,false,"Skewers have real latitude in marinade and seasoning, which meaningfully changes the flavor profile of the finished dish.",false,
432,Grilling/BBQ,Grilled Vegetable Kebabs,Herb-Marinated Grilled Vegetable Kebabs,preparation,false,"Vegetable kebabs have real latitude in seasoning and marinade, making preparation the natural axis for variation.",false,
433,Grilling/BBQ,Grilled Corn and Chicken Plate,BBQ Grilled Chicken and Charred Corn Plate,preparation,false,"Both the chicken and corn have real latitude in seasoning, glaze, and preparation style, making preparation the natural axis for this dish.",false,
434,Grilling/BBQ,Grilled Bratwurst and Peppers,Grilled Bratwurst and Peppers with Warm Pretzel Rolls and Whole-Grain Mustard,accompaniment,false,Grilled bratwurst and peppers has one correct form — sausages and peppers cooked together on the grill — so versions differ by what's served alongside.,false,
435,Mexican/Tex-Mex,Grilled Shrimp Tacos,Grilled Shrimp Tacos with Mexican Street Corn,accompaniment,false,"Grilled shrimp tacos have a canonical form — seasoned shrimp, tortillas, and fresh toppings — so the dish itself stays fixed and versions differ by what's served alongside.",false,
436,Grilling/BBQ,Grilled Portobello Steaks,Grilled Portobello Steaks with Roasted Garlic Mashed Potatoes and Sautéed Spinach,accompaniment,false,Grilled portobello steaks have one correct form — marinated and grilled whole caps — so versions differ by what completes the plate.,false,
437,Salads/Bowls,Grilled Salmon Salad,Grilled Salmon Salad with Lemon-Herb Vinaigrette,accompaniment,false,"Grilled salmon salad is already a complete one-bowl meal; it has one correct form and does not need sides, so there is nothing meaningful to vary along either axis at N=1.",false,
438,Beef,Turkey Meatloaf,Classic Turkey Meatloaf with Ketchup Glaze,preparation,false,"Turkey meatloaf has real latitude in seasoning, glaze, and mix-ins while keeping its lean-turkey identity intact.",false,
439,Mexican/Tex-Mex,Turkey Tacos,Smoky Ground Turkey Street Tacos,preparation,false,"Turkey tacos have real latitude in seasoning, taco style, and toppings, making preparation the natural axis.",false,
440,Soups/Stews/Chili,Turkey Chili Mac,Classic Turkey Chili Mac,preparation,false,"Turkey Chili Mac is a one-pot meal that needs no sides, so versions differ in how the dish itself is seasoned and built.",false,
441,Casseroles/Bakes,Turkey Tetrazzini,Turkey Tetrazzini with Crisp Green Salad,accompaniment,false,"Turkey Tetrazzini has one well-established form — pasta, turkey, and creamy mushroom sauce baked together — leaving little meaningful preparation variance; versions differ by what's served alongside.",false,
442,Chicken,Roast Turkey Breast,Roast Turkey Breast with Mashed Potatoes and Roasted Green Beans,accompaniment,false,Roast turkey breast has one correct form — seasoned and roasted — so versions differ by what's served alongside to complete the plate.,false,
443,Casseroles/Bakes,Turkey and Stuffing (Weeknight),Turkey and Stuffing Bake with Green Bean Almondine,accompaniment,false,Weeknight turkey and stuffing bake has one recognizable form — seasoned turkey layered with bread stuffing and baked together — so versions differ by what rounds out the plate.,false,
444,Chicken,Ground Turkey Skillet with Rice,Ground Turkey Skillet with Rice,preparation,false,The skillet format and rice are the identity; seasoning profile and vegetables give the dish its one real version.,false,
445,Sandwiches/Burgers,Turkey Sloppy Joes,Turkey Sloppy Joes with Dill Pickle Chips and Baked Beans,accompaniment,false,Turkey Sloppy Joes have a well-defined form — seasoned ground turkey in tangy-sweet sauce on a soft bun — leaving little meaningful preparation variation beyond the beef-to-turkey swap that already defines this dish.,false,
446,Pasta,Turkey Bolognese,Turkey Bolognese with Garlic Bread and a Bitter Greens Salad,accompaniment,false,Turkey Bolognese has one correct form — a slow-cooked ground turkey meat sauce — so the dish itself doesn't vary; what changes is what it's served alongside.,false,
447,Chicken,Chicken Sausage and Peppers,Chicken Sausage and Peppers with Crusty Hoagie Roll,accompaniment,false,Chicken sausage and peppers has a clear canonical form — sausage links with bell peppers and onions — so the dish itself stays fixed and versions differ by what it's served alongside.,false,
448,Pasta,Chicken Sausage Pasta,Chicken Sausage Pasta with Roasted Red Pepper Cream Sauce,preparation,false,"Chicken sausage pasta has real latitude in sauce style and seasoning, making preparation the natural axis.",false,
449,Seafood,Andouille and Shrimp Skillet,Andouille and Shrimp Skillet with Crusty Bread,accompaniment,false,"The skillet itself is a complete, well-defined one-pan dish; variety comes from what rounds it into a full dinner alongside it.",false,
450,Soups/Stews/Chili,Cajun Sausage and Rice,Cajun Sausage and Rice with Skillet Cornbread,accompaniment,false,"Cajun sausage and rice is a complete one-pot meal; the dish itself has one correct form, so variation comes from what, if anything, accompanies it.",false,
451,Soups/Stews/Chili,Dirty Rice,Dirty Rice with Braised Collard Greens,accompaniment,false,"Dirty rice has a canonical Cajun form — rice cooked with ground meat, chicken livers, the holy trinity, and spices — and doesn't have meaningful preparation variants that stay true to its identity without becoming a different dish.",false,
452,Soups/Stews/Chili,Étouffée (Crawfish/Shrimp),Crawfish Étouffée,preparation,false,"The protein is part of the wardrobe for étouffée — crawfish and shrimp are genuinely different versions of the same dish, and the catalog already signals this with its parenthetical; no further splitting is warranted.",false,
453,Soups/Stews/Chili,Chicken and Rice Soup,Chicken and Rice Soup with Crusty Bread,accompaniment,false,"Chicken and rice soup has one well-understood form — broth, shredded chicken, rice, aromatics — so the version differs by what's served alongside to complete the meal.",false,
454,Soups/Stews/Chili,Beef Vegetable Soup,Hearty Beef Vegetable Soup,preparation,false,"Beef vegetable soup has real latitude in its own preparation — broth base, cut of beef, and vegetable mix all shift the character of the dish meaningfully.",false,
455,Soups/Stews/Chili,Hamburger Soup,Classic Hamburger Soup,preparation,false,"Hamburger soup has real latitude in its vegetable mix, broth base, and seasoning profile, making preparation the natural axis.",false,
456,Soups/Stews/Chili,Taco Soup,"Taco Soup with Shredded Cheese, Sour Cream, and Tortilla Chips",accompaniment,false,"Taco soup has a well-established form — seasoned ground beef, beans, corn, tomatoes, and taco spices simmered together — and its identity is stable enough that accompaniments are the cleaner axis; the soup itself doesn't have meaningful preparation variants beyond the dish it already is.",false,
457,Soups/Stews/Chili,Potato Leek Soup,Potato Leek Soup with Crusty Bread and a Simple Green Salad,accompaniment,false,Potato leek soup has one correct form — a smooth or rustic leek-and-potato base — so versions differ by what completes the meal alongside it.,false,
458,Soups/Stews/Chili,Tomato Basil Soup,Tomato Basil Soup with a Grilled Cheese Sandwich,accompaniment,false,"Tomato basil soup has one correct form — blended, tomato-forward, finished with fresh basil — so versions differ by what completes the meal alongside it.",false,
459,Soups/Stews/Chili,French Onion Soup,French Onion Soup with a Simple Green Salad,accompaniment,false,"French Onion Soup has one correct form — deeply caramelized onions in beef broth, topped with a crouton and melted Gruyère — so the single version is the canonical dish paired with a natural accompaniment.",false,
460,Asian-American,Chicken Pho,Chicken Pho with Fresh Spring Rolls,accompaniment,false,"Chicken pho has one correct form — clear aromatic broth, rice noodles, poached chicken, fresh herbs, bean sprouts, lime, and chilies — so versions come from what's served alongside to round out the meal.",false,
461,Asian-American,Beef Pho,"Beef Pho with Bean Sprouts, Fresh Herbs, Lime, and Hoisin-Sriracha",accompaniment,false,"Beef pho has a canonical form — rich bone broth, rice noodles, beef — and the meaningful dinner variation is what fresh garnishes and condiments accompany it at the table.",false,
462,Asian-American,Wonton Soup,Wonton Soup with Scallion Fried Rice,accompaniment,false,Wonton soup has a canonical form — pork-filled wontons in clear broth — and is best varied by what accompanies it into a full dinner.,false,
463,Asian-American,Hot and Sour Soup,Hot and Sour Soup,accompaniment,false,Hot and sour soup has a well-established canonical form; it is a complete dish on its own and does not meaningfully vary by preparation in the home context.,false,
464,Asian-American,Egg Drop Soup,Egg Drop Soup with Steamed Rice and Scallion Pancakes,accompaniment,false,"Egg drop soup has a fixed, canonical preparation — seasoned broth with ribboned eggs — so versions differ by what is served alongside.",false,
465,Asian-American,"Ramen (Miso, Homemade)","Miso Ramen with Soft-Boiled Egg, Corn, and Nori",accompaniment,false,"Homemade miso ramen has a defined form — miso-seasoned broth, noodles, and classic toppings — so versions differ by what, if anything, accompanies the bowl rather than by preparation.",false,
466,Asian-American,Tom Kha Gai,Tom Kha Gai with Steamed Jasmine Rice,accompaniment,false,Tom Kha Gai has a canonical form — coconut-galangal broth with chicken and mushrooms — that shouldn't be altered; the only meaningful variation is what it's served alongside.,false,
467,Soups/Stews/Chili,Tortilla Soup (Vegetarian),Vegetarian Tortilla Soup with Warm Corn Tortillas and Avocado,accompaniment,false,"Vegetarian tortilla soup has one correct form — a chile-tomato broth with beans, corn, and crispy tortilla strips — so versions are best expressed by what's served alongside to complete the meal.",false,
468,Soups/Stews/Chili,Black Bean Soup,Black Bean Soup with Warm Cornbread,accompaniment,false,Black bean soup has one well-established form — simmered black beans with aromatics and spices — so versions differ by what's served alongside to complete the meal.,false,
469,Soups/Stews/Chili,Lentil Soup,Classic Lentil Soup,preparation,false,"Lentil soup has genuine latitude in preparation — spice profile, lentil type, and broth base produce meaningfully different bowls.",false,
470,Soups/Stews/Chili,Chicken Enchilada Soup,Chicken Enchilada Soup with Warm Flour Tortillas and Shredded Cheese,accompaniment,false,"Chicken enchilada soup has one recognized form — a chile-and-tomato-based broth with chicken, beans, and enchilada-style seasoning — so the single version is defined by what completes the bowl alongside it.",false,
471,Soups/Stews/Chili,Cheeseburger Soup,Cheeseburger Soup with Crusty Bread,accompaniment,false,"Cheeseburger soup has one recognized form — a creamy, cheesy ground beef and potato soup — so the single version is served as-is, and accompaniment distinguishes it.",false,
472,Soups/Stews/Chili,Ham and Bean Soup,Ham and Bean Soup with Crusty Cornbread,accompaniment,false,"Ham and bean soup has one well-established form — ham, beans, aromatics, broth — so the single version is defined by what completes the meal alongside it.",false,
473,Soups/Stews/Chili,Chicken Gnocchi Soup,Chicken Gnocchi Soup with Crusty Bread,accompaniment,false,"Chicken gnocchi soup has a well-established creamy, hearty form — the dish itself doesn't have meaningful preparation variants that would produce genuinely different dinners, so the single version is served as-is with a complementary side.",false,
474,Beef,Beef Bourguignon,Beef Bourguignon over Buttered Egg Noodles,accompaniment,false,"Beef Bourguignon has one correct form — beef braised in red wine with mushrooms, pearl onions, and lardons — so versions differ only by what is served alongside.",false,
475,Chicken,Coq au Vin,Coq au Vin with Buttered Egg Noodles,accompaniment,false,"Coq au vin has one correct form — chicken braised in red wine with lardons, mushrooms, and pearl onions — so versions differ by what's served alongside.",false,
476,Chicken,Chicken Fricassee,Chicken Fricassee over Buttered Egg Noodles,accompaniment,false,Chicken fricassee has a defined form — bone-in chicken braised in a white cream sauce with mushrooms — so the dish itself stays intact and versions differ by what's served alongside.,false,
477,Beef,Beef Wellington,Beef Wellington with Roasted Potatoes and Steamed Green Beans,accompaniment,false,"Beef Wellington has one correct form — beef tenderloin, duxelles, and puff pastry — so the only honest variation is what's served alongside it.",false,
478,Lamb,Braised Lamb Shanks,Braised Lamb Shanks with Creamy White Bean Mash and Gremolata,accompaniment,false,Braised lamb shanks have one correct form — low-and-slow braised until fall-off-the-bone tender in a rich braising liquid — so the only honest variation is what's served alongside.,false,
479,Lamb,Rack of Lamb (Roasted),Herb-Crusted Rack of Lamb with Roasted Potatoes and Mint Chimichurri,accompaniment,false,Roasted rack of lamb has one canonical form — herb-crusted and oven-roasted — so versions differ by what's served alongside to complete the plate.,false,
480,Lamb,Lamb Chops (Grilled),Grilled Lamb Chops with Roasted Garlic Mashed Potatoes and Mint Chimichurri,accompaniment,false,Grilled lamb chops have one correct form — seasoned and cooked over high heat — so versions differ by what's served alongside to complete the plate.,false,
481,Greek/Mediterranean,Gyro Plate (Lamb),Lamb Gyro Plate with Greek Salad and Warm Pita,accompaniment,false,"A gyro plate has a canonical form — sliced spiced lamb, pita, tzatziki, and fresh vegetables — so versions come from what rounds out the plate alongside it.",false,
482,Casseroles/Bakes,Shepherd's Pie (Beef/Cottage),Cottage Pie with Buttered Peas and a Crisp Green Salad,accompaniment,false,Shepherd's/cottage pie has one correct form — seasoned meat and vegetable filling topped with mashed potato and baked — so versions differ by what's served alongside.,false,
483,Casseroles/Bakes,Frito Pie,Frito Pie with Pickled Jalapeños and Coleslaw,accompaniment,false,"Frito pie has one correct form — chili ladled over Fritos, topped with cheese and onion — so the only variation is what's served alongside it.",false,
484,Sides/Bowls,Chili Cheese Fries,Chili Cheese Fries,preparation,false,"Chili cheese fries have real latitude in the chili itself, the cheese format, and the fry base, making preparation the natural axis.",false,
485,Mexican/Tex-Mex,Loaded Nachos (Vegetarian),"Loaded Vegetarian Nachos with Black Beans, Roasted Peppers, and Jalapeños",preparation,false,Nachos have real latitude in toppings and flavor profile while staying fully vegetarian and true to the dish's identity.,false,
486,Mexican/Tex-Mex,Quesadilla (Cheese),"Cheese Quesadilla with Salsa, Sour Cream, and Guacamole",accompaniment,false,"A cheese quesadilla has one correct form — flour tortilla, melted cheese, griddle-cooked — so versions differ by what's served alongside.",false,
487,Mexican/Tex-Mex,Steak Quesadilla,Steak Quesadilla with Avocado Salsa and Sour Cream,accompaniment,false,A steak quesadilla has a clear canonical form — seasoned steak and melted cheese in a crisped tortilla — so versions differ by what's served alongside to complete the meal.,false,
488,Mexican/Tex-Mex,Shrimp Quesadilla,Shrimp Quesadilla with Avocado Salsa and Sour Cream,accompaniment,false,A shrimp quesadilla has one correct form — seasoned shrimp and melted cheese in a crisped tortilla — so versions differ by what's served alongside.,false,
489,Casseroles/Bakes,Chicken Divan,Chicken Divan,accompaniment,false,"Chicken Divan has one canonical form — chicken and broccoli in a creamy sauce, baked — so the single version is the dish served as-is, a complete casserole that needs no manufactured side.",false,
490,Sandwiches/Burgers,Hot Brown (Kentucky),Hot Brown with a Crisp Green Salad,accompaniment,false,"The Hot Brown has a fixed, canonical form — open-faced turkey on toast with Mornay sauce, bacon, and tomato — so the only honest variation is what's served alongside it.",false,
491,Casseroles/Bakes,Turkey Pot Pie,Classic Turkey Pot Pie,preparation,false,"Turkey pot pie has genuine latitude in crust style, filling seasoning, and vessel format, but N=1 means a single canonical version is all that's needed.",false,
492,Chicken,Chicken à la King,Chicken à la King over Buttered Egg Noodles,accompaniment,false,Chicken à la King has a fixed identity — creamy chicken with peppers and peas in a sherry-laced sauce — so versions differ by what it's served over or alongside.,false,
493,Casseroles/Bakes,Chicken and Stuffing Casserole,Classic Chicken and Stuffing Casserole,preparation,false,"The dish has real latitude in preparation — cream-based vs. broth-based binding, herb profiles, and stuffing style all yield genuinely different casseroles.",false,
494,Casseroles/Bakes,Johnny Marzetti,Classic Johnny Marzetti,preparation,false,"Johnny Marzetti is a single canonical Midwestern casserole — ground beef, tomato sauce, and egg noodles baked with cheese — with little meaningful wardrobe variation that would produce a genuinely different dinner.",false,
495,Beef,Goulash (American),Classic American Goulash,preparation,false,"American goulash has real latitude in seasoning and add-ins (cheese, vegetables, spice level), but N=1 means only one canonical version is needed.",false,
496,Soups/Stews/Chili,Hungarian Goulash,Hungarian Goulash over Egg Noodles,accompaniment,false,"Hungarian goulash has a canonical form — beef, onions, and paprika in a rich broth-based stew — that doesn't meaningfully vary at home; what changes is what it's ladled over or served alongside.",false,
497,Vegetarian/Vegan,Pierogi with Onions,Pierogi with Caramelized Onions and Sour Cream,accompaniment,false,Pierogi with onions has one canonical form — boiled then pan-fried dumplings with caramelized onions — so the dish stays fixed and any variation comes from what is served alongside.,false,
498,Pork,Kielbasa and Pierogi,Kielbasa and Pierogi with Braised Cabbage and Sour Cream,accompaniment,false,Kielbasa and pierogi is a fixed pairing with one correct form — smoked sausage and filled dumplings pan-fried or boiled together — so versions differ by what rounds the plate out.,false,
499,Pork,Cabbage and Sausage Skillet,Smoky Kielbasa and Cabbage Skillet,preparation,false,"The skillet format invites real variation in seasoning profile and sausage choice, making preparation the natural axis.",false,
500,Asian-American,Fried Rice (Kimchi),Kimchi Fried Rice with Fried Egg and Crispy Seaweed,accompaniment,false,"Kimchi fried rice has a well-established canonical form — day-old rice, kimchi, gochujang, sesame oil, and a fried egg on top — leaving little room for preparation variation without changing the dish's identity.",false,
501,Asian-American,Bibimbap (Tofu),Tofu Bibimbap with Miso Soup,accompaniment,false,"Tofu bibimbap has one correct form — seasoned vegetables, rice, gochujang, egg, and crispy or soft tofu in a bowl — so the dish itself doesn't vary meaningfully; what changes is what, if anything, is served alongside.",false,
502,Asian-American,Japchae,Japchae with Steamed Rice and Kimchi,accompaniment,false,"Japchae has a well-established canonical preparation — glass noodles stir-fried with vegetables, egg, and soy-sesame seasoning — leaving little room for meaningful preparation variants without changing the dish's identity.",false,
503,Asian-American,Yakisoba (Chicken),Chicken Yakisoba with Pickled Ginger and Sesame Cucumber Salad,accompaniment,false,Chicken yakisoba has one correct form — stir-fried noodles with chicken and vegetables in a savory-sweet sauce — so versions differ by what's served alongside.,false,
504,Asian-American,Chow Fun (Beef),Beef Chow Fun,preparation,false,Beef chow fun has one canonical form — wide rice noodles with beef and bean sprouts — so a single version captures the dish without padding.,false,
505,Asian-American,Singapore Noodles,"Singapore Noodles with Shrimp, Char Siu Pork, and Curry",preparation,false,"Singapore Noodles is a stir-fried dish with real latitude in protein and heat level, but N=1 means only a single canonical version is needed.",false,
506,Asian-American,Dan Dan Noodles,Dan Dan Noodles with Cucumber Salad,accompaniment,false,"Dan Dan Noodles has a well-defined canonical form — spicy sesame-chili sauce, ground pork, preserved vegetables, scallions over noodles — so the dish itself stays fixed and any variation comes from what's served alongside.",false,
507,Mexican/Tex-Mex,Beef and Bean Tostadas,"Crispy Beef and Refried Bean Tostadas with Shredded Lettuce, Pico de Gallo, and Sour Cream",preparation,false,"Beef and Bean Tostadas have real latitude in seasoning profile, bean style, and toppings, making preparation the natural axis.",false,
508,Mexican/Tex-Mex,Enfrijoladas,Enfrijoladas with Chicken and Black Bean Sauce,preparation,false,"Enfrijoladas have real latitude in filling and bean preparation, but N=1 means only a single canonical version is needed.",false,
509,Mexican/Tex-Mex,Sopes,"Sopes with Refried Beans, Chorizo, and Crumbled Queso Fresco",preparation,false,"Sopes have a fixed masa base but wide latitude in toppings and protein, making preparation the natural axis.",false,
510,Mexican/Tex-Mex,Chilaquiles,Red Chilaquiles with Shredded Chicken and Crema,preparation,false,"Chilaquiles vary meaningfully by sauce color and protein, which together define the dish a diner would choose.",false,
511,Soups/Stews/Chili,Pozole (Pork/Chicken),Red Pozole (Pozole Rojo),preparation,false,"Pozole has three deeply distinct traditional forms — rojo, blanco, and verde — each with a different chile or herb base that produces a genuinely different bowl; the protein (pork or chicken) is a common substitution within each form, not a separate version.",false,
512,Soups/Stews/Chili,Menudo,Menudo with Warm Corn Tortillas,accompaniment,false,Menudo has one canonical form — tripe simmered in red chile broth — and is always served with the same classic table condiments; the only real variation is what starchy side anchors the meal alongside the bowl.,false,
513,Soups/Stews/Chili,Caldo de Pollo,Caldo de Pollo with Warm Corn Tortillas and Lime,accompaniment,false,Caldo de Pollo has a well-established canonical form — bone-in chicken simmered with vegetables in a clear broth — so versions are best expressed through what's served alongside.,false,
514,Soups/Stews/Chili,Albondigas Soup,Albondigas Soup with Warm Flour Tortillas,accompaniment,false,Albondigas soup has a well-established identity — seasoned meatballs in a tomato-herb broth with vegetables — leaving little meaningful preparation variance; versions differ by what's served alongside.,false,
515,Beef,Ropa Vieja,Ropa Vieja with Yellow Rice and Black Beans,accompaniment,false,"Ropa vieja has a canonical form — braised shredded flank steak in sofrito-tomato sauce — that doesn't meaningfully vary at home; the plate changes by what rice, beans, and sides complete it.",false,
516,Mexican/Tex-Mex,Arroz con Pollo,Classic Arroz con Pollo,preparation,false,Arroz con pollo has real latitude in its seasoning profile and cooking method — from bright tomato-saffron to smoky cumin-chile — making preparation the natural axis.,false,
517,Beef,Cuban Picadillo,Cuban Picadillo with White Rice and Black Beans,accompaniment,false,"Cuban Picadillo has a well-defined canonical form — seasoned ground beef with tomatoes, olives, capers, and raisins — so the dish itself stays fixed and versions differ by what's served alongside.",false,
518,Mexican/Tex-Mex,Empanadas (Beef),Beef Empanadas with Avocado Crema and Pickled Jalapeño Slaw,accompaniment,false,Beef empanadas have a well-established form — seasoned ground beef folded in pastry and baked or fried — so the dish itself stays intact and the version is defined by what's served alongside.,false,
519,Casseroles/Bakes,Pastelón,Pastelón,accompaniment,false,"Pastelón has one canonical form — sweet plantain layers with seasoned picadillo and cheese — so the single version is the dish itself served as a complete meal, no accompaniment needed.",false,
520,Soups/Stews/Chili,Feijoada,"Feijoada with White Rice, Collard Greens, and Orange Slices",accompaniment,false,Feijoada has a canonical form — black beans slow-cooked with smoked and cured pork — so versions differ by what is served alongside the stew.,false,
521,Asian-American,Chicken Yakitori,Chicken Yakitori with Steamed Rice and Cucumber Salad,accompaniment,false,Chicken yakitori has a canonical form — skewered chicken grilled with tare or salt — so the dish itself stays fixed and versions differ by what's served alongside.,false,
522,Asian-American,Teriyaki Meatballs,Teriyaki Meatballs over Steamed Rice with Roasted Broccoli,accompaniment,false,Teriyaki meatballs have a well-established form — glazed meatballs in a sweet-savory teriyaki sauce — so the dish itself stays fixed and versions differ by what's served alongside.,false,
523,Asian-American,Sweet Chili Chicken,Sweet Chili Chicken with Steamed Jasmine Rice and Cucumber Salad,accompaniment,false,Sweet chili chicken has a clear canonical form — chicken glazed with sweet chili sauce — so the single version is defined by what completes the plate.,false,
524,Asian-American,Firecracker Chicken,Firecracker Chicken with Steamed Jasmine Rice and Cucumber Salad,accompaniment,false,Firecracker Chicken has a fixed identity — crispy fried chicken tossed in a sweet-spicy chili glaze — so the dish itself stays intact and the single version is defined by what completes the plate.,false,
525,Asian-American,Bang Bang Shrimp,Bang Bang Shrimp with Steamed Jasmine Rice and Cucumber Salad,accompaniment,false,Bang Bang Shrimp has a fixed identity — crispy fried shrimp in creamy-spicy sauce — so versions come from what it's served alongside.,false,
526,Asian-American,Bang Bang Chicken,Bang Bang Chicken with Steamed Jasmine Rice and Cucumber Salad,accompaniment,false,Bang Bang Chicken has one recognized form — crispy fried or grilled chicken coated in the signature sweet-spicy-creamy sauce — so the single version is anchored by what it's served alongside.,false,
527,Asian-American,Honey Sriracha Chicken,Honey Sriracha Chicken with Steamed Jasmine Rice and Cucumber Salad,accompaniment,false,"Honey Sriracha Chicken has one well-established form — a sticky, sweet-heat glazed chicken — so versions are best expressed by what's served alongside it.",false,
528,Asian-American,Sheet-Pan Teriyaki Chicken and Veg,Sheet-Pan Teriyaki Chicken Thighs with Broccoli and Bell Peppers,preparation,false,The vegetable mix and protein cut give this dish real latitude while keeping the teriyaki sheet-pan identity intact.,false,
529,Seafood,Baked Coconut Shrimp,Baked Coconut Shrimp with Sweet Chili Dipping Sauce and Mango Slaw,accompaniment,false,Baked coconut shrimp has one correct form — shrimp coated in coconut and baked — so versions differ by what is served alongside.,false,
530,Seafood,Garlic Butter Shrimp,Garlic Butter Shrimp over Linguine,accompaniment,false,Garlic butter shrimp has one correct form — shrimp sautéed in garlic and butter — so versions differ by what completes the plate.,false,
531,Soups/Stews/Chili,Shrimp Creole,Shrimp Creole over White Rice with Crusty French Bread,accompaniment,false,Shrimp Creole has one correct form — shrimp in a spiced tomato-pepper sauce — so versions differ by what is served alongside.,false,
532,Seafood,Crawfish Boil,Crawfish Boil with French Bread and Coleslaw,accompaniment,false,A crawfish boil has one correct form — seasoned crawfish cooked in a spiced pot with corn and potatoes — so versions differ by what rounds out the spread alongside it.,false,
533,Sandwiches/Burgers,Fried Fish Sandwich,Classic Fried Fish Sandwich with Tartar Sauce and Coleslaw,preparation,false,"The fried fish sandwich has genuine latitude in its preparation — batter style, fish variety, and condiment profile all shift the experience meaningfully, but N=1 leaves only one version to deliver.",false,
534,Sandwiches/Burgers,Po' Boy (Shrimp),Classic Fried Shrimp Po' Boy,preparation,false,"Shrimp po' boys have real latitude in how the shrimp is prepared and seasoned, but N=1 means only the canonical version is needed.",false,
535,Sandwiches/Burgers,Po' Boy (Roast Beef),Roast Beef Po' Boy with Creole Potato Salad,accompaniment,false,"A roast beef po' boy has a canonical form — dressed with lettuce, tomato, pickles, and mayo on French bread — so the dish itself doesn't vary; what completes the meal is what changes.",false,
536,Sandwiches/Burgers,Muffuletta,Muffuletta with Zesty Dill Pickle Chips and Kettle Chips,accompaniment,false,"A muffuletta has a fixed identity — round Sicilian sesame loaf, layered Italian cold cuts, provolone, and olive salad — leaving little room for preparation variation without losing the dish; the natural version axis is what's served alongside.",false,
537,Sandwiches/Burgers,Grilled Cheese (Loaded/Gourmet),Caramelized Onion and Gruyère Grilled Cheese,preparation,false,Loaded/gourmet grilled cheese varies entirely in its fillings and cheese combinations — the bread-and-butter shell is constant but the interior defines each distinct sandwich.,false,
538,Sandwiches/Burgers,Panini (Chicken Pesto),Chicken Pesto Panini with Tomato Soup,accompaniment,false,"A chicken pesto panini has one correct form — pressed, grilled, with pesto and chicken — so the single version is distinguished by what completes the plate alongside it.",false,
539,Sandwiches/Burgers,Turkey Avocado Wrap,Turkey Avocado Wrap with Tomato Soup,accompaniment,false,"The turkey avocado wrap has a clear canonical form — sliced turkey, avocado, and fresh fillings in a flour tortilla — so the single version is defined by what's served alongside it.",false,
540,Sandwiches/Burgers,Chicken Caesar Wrap,Grilled Chicken Caesar Wrap,preparation,false,"The wrap has real latitude in how the chicken is prepared and how the Caesar elements are built, giving it genuine variation within a single version target.",false,
541,Middle Eastern,Falafel Wrap,Falafel Wrap with Cucumber-Tomato Salad,accompaniment,false,"A falafel wrap has a canonical form — crispy falafel, tahini, and vegetables in flatbread — and the dish doesn't meaningfully vary in preparation at home; it pairs naturally with simple sides like a salad or soup.",false,
542,Italian-American,Meatball Marinara Bowl,Classic Meatball Marinara Bowl,preparation,false,"The bowl format and marinara sauce are fixed; the dish has real latitude in meatball style and base grain, but N=1 means a single canonical version is all that's needed.",false,
543,Pork,Sausage and Kale White Bean Skillet,Sausage and Kale White Bean Skillet,preparation,false,"This one-skillet meal is already complete in one vessel, so preparation is the natural axis for any variation.",false,
544,Soups/Stews/Chili,White Bean and Sausage Stew,White Bean and Italian Sausage Stew with Kale and Tomatoes,preparation,false,"The stew has real latitude in sausage type, aromatics, and regional seasoning, giving it genuine preparation variety.",false,
545,Soups/Stews/Chili,Cassoulet (Simplified),Simplified Cassoulet with Crusty French Bread and Bitter Greens Salad,accompaniment,false,Simplified cassoulet is a single slow-cooked bean and meat stew with one canonical form; it varies best by what is served alongside.,false,
546,Chicken,Chicken Marbella,Chicken Marbella with Crusty Bread and Simple Green Salad,accompaniment,false,"Chicken Marbella has a defining preparation — olives, capers, prunes, white wine, and brown sugar — that must stay intact; the dish varies by what is served alongside.",false,
547,Chicken,Balsamic Glazed Chicken,Balsamic Glazed Chicken with Roasted Garlic Mashed Potatoes and Green Beans,accompaniment,false,Balsamic glazed chicken has one defining form — the sweet-tangy reduction over pan-seared or roasted chicken — so versions differ by what completes the plate.,false,
548,Italian-American,Caprese Chicken,Caprese Chicken with Garlic Roasted Potatoes and Green Beans,accompaniment,false,"Caprese chicken has a fixed identity — seared or baked chicken breast topped with fresh mozzarella, tomato, and basil — so versions come from what's served alongside.",false,
549,Italian-American,Bruschetta Chicken,Bruschetta Chicken with Garlic Pasta,accompaniment,false,Bruschetta chicken has a clear canonical form — grilled or baked chicken topped with fresh tomato-basil bruschetta — so the natural variation is what's served alongside to complete the plate.,false,
550,Mexican/Tex-Mex,Salsa Verde Chicken,Salsa Verde Chicken with Mexican Rice and Warm Flour Tortillas,accompaniment,false,Salsa verde chicken has one correct form — chicken braised or simmered in tomatillo salsa verde — so versions differ by what completes the plate.,false,
551,Mexican/Tex-Mex,Salsa Chicken (Baked),Baked Salsa Chicken with Cilantro-Lime Rice and Black Beans,accompaniment,false,Baked salsa chicken has one correct form — chicken baked in salsa until tender — so versions differ by what's served alongside to complete the plate.,false,
552,Chicken,Ranch Chicken (Baked),Baked Ranch Chicken with Roasted Broccoli and Mashed Potatoes,accompaniment,false,Baked ranch chicken has one correct form — chicken coated in ranch seasoning and baked — so the single version is defined by what completes the plate alongside it.,false,
553,Chicken,Bacon-Wrapped Chicken,Bacon-Wrapped Chicken with Roasted Garlic Green Beans,accompaniment,false,Bacon-wrapped chicken has one canonical form — a chicken breast or thigh wrapped in bacon and roasted or baked — so the single version is defined by what completes the plate.,false,
554,Chicken,Stuffed Chicken Breast (Spinach-Feta),Spinach-Feta Stuffed Chicken Breast with Lemon Roasted Potatoes and Green Beans,accompaniment,false,"Spinach-feta stuffed chicken breast has a fixed, well-defined preparation; variety comes from what is served alongside to complete the plate.",false,
555,Chicken,Stuffed Chicken Breast (Broccoli-Cheddar),Broccoli-Cheddar Stuffed Chicken Breast with Roasted Potatoes,accompaniment,false,"The broccoli-cheddar stuffed chicken breast has a fixed, specific identity; the one version is the canonical dish paired with a side that completes the plate.",false,
556,Sandwiches/Burgers,Chicken Cheesesteak,"Classic Chicken Cheesesteak with Provolone, Peppers, and Onions",preparation,false,"The chicken cheesesteak has real latitude in cheese choice, pepper-and-onion treatment, and seasoning, but N=1 means a single canonical version is the honest answer.",false,
557,Mexican/Tex-Mex,BBQ Chicken Nachos,"BBQ Chicken Nachos with Smoked Gouda, Pickled Jalapeños, and Cilantro Crema",preparation,false,"BBQ Chicken Nachos have real latitude in preparation — the cheese, toppings, and BBQ sauce style can vary meaningfully — but N=1 means only a single canonical version is needed.",false,
558,Chicken,Buffalo Chicken Sweet Potatoes,Buffalo Chicken Sweet Potatoes,preparation,false,"The dish has real latitude in how the buffalo chicken is prepared and what tops the potato, but N=1 means a single canonical version is all that's needed.",false,
559,Sandwiches/Burgers,"Sausage, Peppers and Onion Hoagie","Classic Italian Sausage, Peppers and Onion Hoagie",preparation,false,"The dish has real latitude in sausage choice, pepper mix, and finishing touches, but N=1 means only the classic version is needed.",false,
560,Pasta,Chicken Parmesan Pasta (One-Pot),Chicken Parmesan Pasta,preparation,false,A one-pot meal cooked entirely in one vessel needs no sides; the single canonical version is the dish itself.,false,
561,Seafood,Baked Salmon in Foil,Lemon-Herb Baked Salmon in Foil,preparation,false,"The foil packet is a method, not a fixed form — the glaze, aromatics, and seasoning can vary meaningfully, but N=1 means only one version is needed.",false,
562,Pork,BBQ Pork Ribs (Oven),Oven BBQ Pork Ribs with Creamy Coleslaw and Cornbread,accompaniment,false,"Oven BBQ ribs have one correct form — low-and-slow baked, sauced, and finished under the broiler — so versions differ by what's served alongside.",false,
